[=========                              ] 25%                                   > Task :shared:preBuild UP-TO-DATE
> Task :shared:preReleaseBuild UP-TO-DATE
> Task :app:preBuild UP-TO-DATE
> Task :app:preLiteBenchmarkReleaseBuild UP-TO-DATE
> Task :shared:mergeReleaseJniLibFolders UP-TO-DATE
> Task :shared:mergeReleaseNativeLibs NO-SOURCE
> Task :shared:copyReleaseJniLibsProjectOnly UP-TO-DATE
> Task :shared:prepareReleaseArtProfile UP-TO-DATE
> Task :shared:generateReleaseResources UP-TO-DATE
> Task :shared:packageReleaseResources UP-TO-DATE
> Task :shared:processReleaseNavigationResources UP-TO-DATE
> Task :shared:parseReleaseLocalResources UP-TO-DATE
> Task :shared:generateReleaseRFile UP-TO-DATE
> Task :shared:compileReleaseKotlin UP-TO-DATE
> Task :shared:javaPreCompileRelease UP-TO-DATE
> Task :shared:compileReleaseJavaWithJavac NO-SOURCE
> Task :shared:mergeReleaseGeneratedProguardFiles UP-TO-DATE
> Task :shared:exportReleaseConsumerProguardFiles UP-TO-DATE
> Task :app:configureCMakeRelWithDebInfo[arm64-v8a]
> Task :shared:bundleLibCompileToJarRelease UP-TO-DATE
> Task :shared:bundleLibRuntimeToJarRelease UP-TO-DATE
> Task :shared:writeReleaseAarMetadata UP-TO-DATE
> Task :shared:extractDeepLinksRelease UP-TO-DATE
> Task :shared:processReleaseManifest UP-TO-DATE
> Task :shared:mapReleaseSourceSetPaths UP-TO-DATE
> Task :shared:compileReleaseLibraryResources UP-TO-DATE
> Task :shared:processReleaseJavaRes UP-TO-DATE
> Task :shared:generateReleaseAssets UP-TO-DATE
> Task :shared:mergeReleaseAssets UP-TO-DATE
> Task :app:buildCMakeRelWithDebInfo[arm64-v8a]
> Task :app:configureCMakeRelWithDebInfo[armeabi-v7a]
> Task :app:buildCMakeRelWithDebInfo[armeabi-v7a]
> Task :app:configureCMakeRelWithDebInfo[x86_64]
> Task :app:buildCMakeRelWithDebInfo[x86_64]
> Task :app:preFullReleaseBuild UP-TO-DATE
> Task :app:mergeFullReleaseJniLibFolders UP-TO-DATE
> Task :app:mergeFullReleaseNativeLibs UP-TO-DATE
> Task :app:stripFullReleaseDebugSymbols UP-TO-DATE
> Task :app:extractFullReleaseNativeSymbolTables UP-TO-DATE
> Task :app:mergeFullReleaseNativeDebugMetadata UP-TO-DATE
> Task :app:mergeFullReleaseArtProfile UP-TO-DATE
> Task :app:expandFullReleaseL8ArtProfileWildcards UP-TO-DATE
> Task :app:checkFullReleaseDuplicateClasses UP-TO-DATE
> Task :app:generateFullReleaseBuildConfig UP-TO-DATE
> Task :app:generateFullReleaseResources
> Task :app:packageFullReleaseResources
> Task :app:processFullReleaseNavigationResources
> Task :app:parseFullReleaseLocalResources
> Task :app:javaPreCompileFullRelease UP-TO-DATE
> Task :app:generateFullReleaseRFile
> Task :app:checkFullReleaseAarMetadata UP-TO-DATE
> Task :app:mapFullReleaseSourceSetPaths
> Task :app:compileFullReleaseNavigationResources UP-TO-DATE
> Task :app:createFullReleaseCompatibleScreenManifests UP-TO-DATE
> Task :app:extractDeepLinksFullRelease UP-TO-DATE
> Task :app:processFullReleaseMainManifest UP-TO-DATE
> Task :app:processFullReleaseManifest UP-TO-DATE
> Task :app:processFullReleaseManifestForPackage UP-TO-DATE
> Task :app:extractProguardFiles UP-TO-DATE
> Task :app:mergeFullReleaseStartupProfile UP-TO-DATE
> Task :app:generateFullReleaseAssets UP-TO-DATE
> Task :app:mergeFullReleaseResources
> Task :app:mergeFullReleaseAssets UP-TO-DATE
> Task :app:compressFullReleaseAssets UP-TO-DATE
> Task :app:extractFullReleaseVersionControlInfo
> Task :app:collectFullReleaseDependencies UP-TO-DATE
> Task :app:sdkFullReleaseDependencyData UP-TO-DATE
> Task :app:validateSigningFullRelease UP-TO-DATE
> Task :app:writeFullReleaseAppMetadata UP-TO-DATE
> Task :app:writeFullReleaseSigningConfigVersions UP-TO-DATE
> Task :app:preLiteReleaseBuild UP-TO-DATE
> Task :app:mergeLiteReleaseJniLibFolders UP-TO-DATE
> Task :app:mergeLiteReleaseNativeLibs UP-TO-DATE
> Task :app:stripLiteReleaseDebugSymbols UP-TO-DATE
> Task :app:extractLiteReleaseNativeSymbolTables UP-TO-DATE
> Task :app:mergeLiteReleaseNativeDebugMetadata UP-TO-DATE
> Task :app:mergeLiteReleaseArtProfile UP-TO-DATE
> Task :app:expandLiteReleaseL8ArtProfileWildcards UP-TO-DATE
> Task :app:checkLiteReleaseDuplicateClasses UP-TO-DATE
> Task :app:generateLiteReleaseBuildConfig UP-TO-DATE
> Task :app:generateLiteReleaseResources
> Task :app:packageLiteReleaseResources
> Task :app:processLiteReleaseNavigationResources
> Task :app:parseLiteReleaseLocalResources
> Task :app:generateLiteReleaseRFile
> Task :app:javaPreCompileLiteRelease UP-TO-DATE
> Task :app:checkLiteReleaseAarMetadata UP-TO-DATE
> Task :app:mapLiteReleaseSourceSetPaths
> Task :app:compileLiteReleaseNavigationResources UP-TO-DATE
> Task :app:kspFullReleaseKotlin
> Task :app:processFullReleaseResources
> Task :app:createLiteReleaseCompatibleScreenManifests UP-TO-DATE
> Task :app:extractDeepLinksLiteRelease UP-TO-DATE
> Task :app:processLiteReleaseMainManifest UP-TO-DATE
> Task :app:processLiteReleaseManifest UP-TO-DATE
> Task :app:processLiteReleaseManifestForPackage UP-TO-DATE
> Task :app:mergeLiteReleaseStartupProfile UP-TO-DATE
> Task :app:generateLiteReleaseAssets UP-TO-DATE
> Task :app:mergeLiteReleaseAssets UP-TO-DATE
> Task :app:compressLiteReleaseAssets UP-TO-DATE
> Task :app:extractLiteReleaseVersionControlInfo
> Task :app:mergeLiteReleaseResources
> Task :app:collectLiteReleaseDependencies UP-TO-DATE
> Task :app:sdkLiteReleaseDependencyData UP-TO-DATE
> Task :app:validateSigningLiteRelease UP-TO-DATE
> Task :app:writeLiteReleaseAppMetadata UP-TO-DATE
> Task :app:writeLiteReleaseSigningConfigVersions UP-TO-DATE
> Task :app:kspLiteReleaseKotlin
> Task :app:processLiteReleaseResources
> Task :app:compileFullReleaseKotlin
> Task :app:compileLiteReleaseKotlin

> Task :app:compileFullReleaseKotlin
w: file:///E:/PixelPlayer-master/app/src/main/java/com/theveloper/pixelplay/presentation/components/LyricsSheet.kt:480:66 'static field FLAG_FULLSCREEN: Int' is deprecated. Deprecated in Java.
w: file:///E:/PixelPlayer-master/app/src/main/java/com/theveloper/pixelplay/presentation/components/LyricsSheet.kt:491:75 'static field FLAG_FULLSCREEN: Int' is deprecated. Deprecated in Java.
w: file:///E:/PixelPlayer-master/app/src/main/java/com/theveloper/pixelplay/presentation/components/LyricsSheet.kt:574:26 'fun rememberModalBottomSheetState(skipPartiallyExpanded: Boolean = ..., confirmValueChange: (SheetValue) -> Boolean = ...): SheetState' is deprecated. Use rememberBottomSheetState with Hidden initial value.
w: file:///E:/PixelPlayer-master/app/src/main/java/com/theveloper/pixelplay/presentation/components/LyricsSheet.kt:1068:51 Unnecessary safe call on a non-null receiver of type 'Lyrics'.
w: file:///E:/PixelPlayer-master/app/src/main/java/com/theveloper/pixelplay/presentation/components/LyricsSheet.kt:1382:53 Elvis operator (?:) always returns the left operand of non-nullable type 'String'.
w: file:///E:/PixelPlayer-master/app/src/main/java/com/theveloper/pixelplay/presentation/components/LyricsSheet.kt:2361:37 Unnecessary safe call on a non-null receiver of type 'TextUnit'.
w: file:///E:/PixelPlayer-master/app/src/main/java/com/theveloper/pixelplay/presentation/components/player/FullPlayerContent.kt:304:38 Elvis operator (?:) always returns the left operand of non-nullable type 'String'.
w: file:///E:/PixelPlayer-master/app/src/main/java/com/theveloper/pixelplay/presentation/components/player/FullPlayerContent.kt:1461:25 Unnecessary safe call on a non-null receiver of type 'Song'.
w: file:///E:/PixelPlayer-master/app/src/main/java/com/theveloper/pixelplay/presentation/components/player/FullPlayerContent.kt:2003:34 'fun rememberModalBottomSheetState(skipPartiallyExpanded: Boolean = ..., confirmValueChange: (SheetValue) -> Boolean = ...): SheetState' is deprecated. Use rememberBottomSheetState with Hidden initial value.
w: file:///E:/PixelPlayer-master/app/src/main/java/com/theveloper/pixelplay/presentation/components/player/FullPlayerContent.kt:5421:22 'fun rememberModalBottomSheetState(skipPartiallyExpanded: Boolean = ..., confirmValueChange: (SheetValue) -> Boolean = ...): SheetState' is deprecated. Use rememberBottomSheetState with Hidden initial value.

> Task :app:compileFullReleaseJavaWithJavac UP-TO-DATE
> Task :app:hiltSyncFullRelease
> Task :app:hiltAggregateDepsFullRelease UP-TO-DATE

> Task :app:compileLiteReleaseKotlin
w: file:///E:/PixelPlayer-master/app/src/main/java/com/theveloper/pixelplay/presentation/components/LyricsSheet.kt:480:66 'static field FLAG_FULLSCREEN: Int' is deprecated. Deprecated in Java.
w: file:///E:/PixelPlayer-master/app/src/main/java/com/theveloper/pixelplay/presentation/components/LyricsSheet.kt:491:75 'static field FLAG_FULLSCREEN: Int' is deprecated. Deprecated in Java.
w: file:///E:/PixelPlayer-master/app/src/main/java/com/theveloper/pixelplay/presentation/components/LyricsSheet.kt:574:26 'fun rememberModalBottomSheetState(skipPartiallyExpanded: Boolean = ..., confirmValueChange: (SheetValue) -> Boolean = ...): SheetState' is deprecated. Use rememberBottomSheetState with Hidden initial value.
w: file:///E:/PixelPlayer-master/app/src/main/java/com/theveloper/pixelplay/presentation/components/LyricsSheet.kt:1068:51 Unnecessary safe call on a non-null receiver of type 'Lyrics'.
w: file:///E:/PixelPlayer-master/app/src/main/java/com/theveloper/pixelplay/presentation/components/LyricsSheet.kt:1382:53 Elvis operator (?:) always returns the left operand of non-nullable type 'String'.
w: file:///E:/PixelPlayer-master/app/src/main/java/com/theveloper/pixelplay/presentation/components/LyricsSheet.kt:2361:37 Unnecessary safe call on a non-null receiver of type 'TextUnit'.
w: file:///E:/PixelPlayer-master/app/src/main/java/com/theveloper/pixelplay/presentation/components/player/FullPlayerContent.kt:304:38 Elvis operator (?:) always returns the left operand of non-nullable type 'String'.
w: file:///E:/PixelPlayer-master/app/src/main/java/com/theveloper/pixelplay/presentation/components/player/FullPlayerContent.kt:1461:25 Unnecessary safe call on a non-null receiver of type 'Song'.
w: file:///E:/PixelPlayer-master/app/src/main/java/com/theveloper/pixelplay/presentation/components/player/FullPlayerContent.kt:2003:34 'fun rememberModalBottomSheetState(skipPartiallyExpanded: Boolean = ..., confirmValueChange: (SheetValue) -> Boolean = ...): SheetState' is deprecated. Use rememberBottomSheetState with Hidden initial value.
w: file:///E:/PixelPlayer-master/app/src/main/java/com/theveloper/pixelplay/presentation/components/player/FullPlayerContent.kt:5421:22 'fun rememberModalBottomSheetState(skipPartiallyExpanded: Boolean = ..., confirmValueChange: (SheetValue) -> Boolean = ...): SheetState' is deprecated. Use rememberBottomSheetState with Hidden initial value.

> Task :app:hiltJavaCompileFullRelease UP-TO-DATE
> Task :app:processFullReleaseJavaRes UP-TO-DATE
> Task :app:mergeFullReleaseJavaResource UP-TO-DATE
> Task :app:compileLiteReleaseJavaWithJavac UP-TO-DATE
> Task :app:hiltSyncLiteRelease
> Task :app:hiltAggregateDepsLiteRelease UP-TO-DATE
> Task :app:hiltJavaCompileLiteRelease UP-TO-DATE
> Task :app:transformFullReleaseClassesWithAsm
> Task :app:processLiteReleaseJavaRes UP-TO-DATE
> Task :app:mergeLiteReleaseJavaResource UP-TO-DATE
> Task :app:transformLiteReleaseClassesWithAsm
> Task :app:mergeFullReleaseGeneratedProguardFiles UP-TO-DATE
> Task :app:produceFullReleaseComposeMapping

> Task :app:reportFullReleaseComposeMappingErrors
warning: Failed to collect Compose mapping (Failed to parse androidx.constraintlayout.compose.ConstraintLayoutKt.ConstraintLayout(Landroidx/compose/ui/Modifier;IZLandroidx/compose/animation/core/AnimationSpec;Lkotlin/jvm/functions/Function0;Lkotlin/jvm/functions/Function3;Landroidx/compose/runtime/Composer;II)V). Please report to Google through https://goo.gle/compose-feedback

> Task :app:expandFullReleaseArtProfileWildcards
> Task :app:mergeLiteReleaseGeneratedProguardFiles UP-TO-DATE
> Task :app:produceLiteReleaseComposeMapping

> Task :app:reportLiteReleaseComposeMappingErrors
warning: Failed to collect Compose mapping (Failed to parse androidx.constraintlayout.compose.ConstraintLayoutKt.ConstraintLayout(Landroidx/compose/ui/Modifier;IZLandroidx/compose/animation/core/AnimationSpec;Lkotlin/jvm/functions/Function0;Lkotlin/jvm/functions/Function3;Landroidx/compose/runtime/Composer;II)V). Please report to Google through https://goo.gle/compose-feedback

> Task :app:expandLiteReleaseArtProfileWildcards
WARNING: C:\Users\Admin\.gradle\caches\9.5.0\transforms\3bc3e8b59ac242766612a83882366de8\transformed\common-9.9.10-runtime.jar: R8: Expected stack map table for method with non-linear control flow. In later version of R8, the method may be assumed not reachable.
> Task :app:minifyFullReleaseWithR8

WARNING: C:\Users\Admin\.gradle\caches\9.5.0\transforms\3bc3e8b59ac242766612a83882366de8\transformed\common-9.9.10-runtime.jar: R8: Expected stack map table for method with non-linear control flow. In later version of R8, the method may be assumed not reachable.
WARNING: C:\Users\Admin\.gradle\caches\9.5.0\transforms\3bc3e8b59ac242766612a83882366de8\transformed\common-9.9.10-runtime.jar: R8: Expected stack map table for method with non-linear control flow. In later version of R8, the method may be assumed not reachable.
WARNING: C:\Users\Admin\.gradle\caches\9.5.0\transforms\3bc3e8b59ac242766612a83882366de8\transformed\common-9.9.10-runtime.jar: R8: Expected stack map table for method with non-linear control flow. In later version of R8, the method may be assumed not reachable.
WARNING: C:\Users\Admin\.gradle\caches\9.5.0\transforms\3bc3e8b59ac242766612a83882366de8\transformed\common-9.9.10-runtime.jar: R8: Expected stack map table for method with non-linear control flow. In later version of R8, the method may be assumed not reachable.
WARNING: C:\Users\Admin\.gradle\caches\9.5.0\transforms\3bc3e8b59ac242766612a83882366de8\transformed\common-9.9.10-runtime.jar: R8: Expected stack map table for method with non-linear control flow. In later version of R8, the method may be assumed not reachable.
WARNING: C:\Users\Admin\.gradle\caches\9.5.0\transforms\3bc3e8b59ac242766612a83882366de8\transformed\common-9.9.10-runtime.jar: R8: Expected stack map table for method with non-linear control flow. In later version of R8, the method may be assumed not reachable.
WARNING: C:\Users\Admin\.gradle\caches\9.5.0\transforms\3bc3e8b59ac242766612a83882366de8\transformed\common-9.9.10-runtime.jar: R8: Expected stack map table for method with non-linear control flow. In later version of R8, the method may be assumed not reachable.
WARNING: C:\Users\Admin\.gradle\caches\9.5.0\transforms\3bc3e8b59ac242766612a83882366de8\transformed\common-9.9.10-runtime.jar: R8: Expected stack map table for method with non-linear control flow. In later version of R8, the method may be assumed not reachable.
WARNING: C:\Users\Admin\.gradle\caches\9.5.0\transforms\3bc3e8b59ac242766612a83882366de8\transformed\common-9.9.10-runtime.jar: R8: Expected stack map table for method with non-linear control flow. In later version of R8, the method may be assumed not reachable.
WARNING: C:\Users\Admin\.gradle\caches\9.5.0\transforms\3bc3e8b59ac242766612a83882366de8\transformed\common-9.9.10-runtime.jar: R8: Expected stack map table for method with non-linear control flow. In later version of R8, the method may be assumed not reachable.
WARNING: C:\Users\Admin\.gradle\caches\9.5.0\transforms\3bc3e8b59ac242766612a83882366de8\transformed\common-9.9.10-runtime.jar: R8: Expected stack map table for method with non-linear control flow. In later version of R8, the method may be assumed not reachable.
WARNING: C:\Users\Admin\.gradle\caches\9.5.0\transforms\3bc3e8b59ac242766612a83882366de8\transformed\common-9.9.10-runtime.jar: R8: Expected stack map table for method with non-linear control flow. In later version of R8, the method may be assumed not reachable.
WARNING: C:\Users\Admin\.gradle\caches\9.5.0\transforms\3bc3e8b59ac242766612a83882366de8\transformed\common-9.9.10-runtime.jar: R8: Expected stack map table for method with non-linear control flow. In later version of R8, the method may be assumed not reachable.
WARNING: C:\Users\Admin\.gradle\caches\9.5.0\transforms\3bc3e8b59ac242766612a83882366de8\transformed\common-9.9.10-runtime.jar: R8: Expected stack map table for method with non-linear control flow. In later version of R8, the method may be assumed not reachable.
WARNING: C:\Users\Admin\.gradle\caches\9.5.0\transforms\3bc3e8b59ac242766612a83882366de8\transformed\common-9.9.10-runtime.jar: R8: Expected stack map table for method with non-linear control flow. In later version of R8, the method may be assumed not reachable.
WARNING: C:\Users\Admin\.gradle\caches\9.5.0\transforms\3bc3e8b59ac242766612a83882366de8\transformed\common-9.9.10-runtime.jar: R8: Expected stack map table for method with non-linear control flow. In later version of R8, the method may be assumed not reachable.
WARNING: C:\Users\Admin\.gradle\caches\9.5.0\transforms\3bc3e8b59ac242766612a83882366de8\transformed\common-9.9.10-runtime.jar: R8: Expected stack map table for method with non-linear control flow. In later version of R8, the method may be assumed not reachable.
WARNING: C:\Users\Admin\.gradle\caches\9.5.0\transforms\3bc3e8b59ac242766612a83882366de8\transformed\common-9.9.10-runtime.jar: R8: Expected stack map table for method with non-linear control flow. In later version of R8, the method may be assumed not reachable.
WARNING: C:\Users\Admin\.gradle\caches\9.5.0\transforms\3bc3e8b59ac242766612a83882366de8\transformed\common-9.9.10-runtime.jar: R8: Expected stack map table for method with non-linear control flow. In later version of R8, the method may be assumed not reachable.
WARNING: C:\Users\Admin\.gradle\caches\9.5.0\transforms\3bc3e8b59ac242766612a83882366de8\transformed\common-9.9.10-runtime.jar: R8: Expected stack map table for method with non-linear control flow. In later version of R8, the method may be assumed not reachable.
WARNING: C:\Users\Admin\.gradle\caches\9.5.0\transforms\3bc3e8b59ac242766612a83882366de8\transformed\common-9.9.10-runtime.jar: R8: Expected stack map table for method with non-linear control flow. In later version of R8, the method may be assumed not reachable.
WARNING: C:\Users\Admin\.gradle\caches\9.5.0\transforms\3bc3e8b59ac242766612a83882366de8\transformed\common-9.9.10-runtime.jar: R8: Expected stack map table for method with non-linear control flow. In later version of R8, the method may be assumed not reachable.
WARNING: C:\Users\Admin\.gradle\caches\9.5.0\transforms\3bc3e8b59ac242766612a83882366de8\transformed\common-9.9.10-runtime.jar: R8: Expected stack map table for method with non-linear control flow. In later version of R8, the method may be assumed not reachable.
WARNING: C:\Users\Admin\.gradle\caches\9.5.0\transforms\3bc3e8b59ac242766612a83882366de8\transformed\common-9.9.10-runtime.jar: R8: Expected stack map table for method with non-linear control flow. In later version of R8, the method may be assumed not reachable.
WARNING: C:\Users\Admin\.gradle\caches\9.5.0\transforms\3bc3e8b59ac242766612a83882366de8\transformed\common-9.9.10-runtime.jar: R8: Expected stack map table for method with non-linear control flow. In later version of R8, the method may be assumed not reachable.
WARNING: C:\Users\Admin\.gradle\caches\9.5.0\transforms\3bc3e8b59ac242766612a83882366de8\transformed\common-9.9.10-runtime.jar: R8: Expected stack map table for method with non-linear control flow. In later version of R8, the method may be assumed not reachable.
WARNING: C:\Users\Admin\.gradle\caches\9.5.0\transforms\3bc3e8b59ac242766612a83882366de8\transformed\common-9.9.10-runtime.jar: R8: Expected stack map table for method with non-linear control flow. In later version of R8, the method may be assumed not reachable.
WARNING: C:\Users\Admin\.gradle\caches\9.5.0\transforms\3bc3e8b59ac242766612a83882366de8\transformed\common-9.9.10-runtime.jar: R8: Expected stack map table for method with non-linear control flow. In later version of R8, the method may be assumed not reachable.
WARNING: C:\Users\Admin\.gradle\caches\9.5.0\transforms\3bc3e8b59ac242766612a83882366de8\transformed\common-9.9.10-runtime.jar: R8: Expected stack map table for method with non-linear control flow. In later version of R8, the method may be assumed not reachable.
WARNING: C:\Users\Admin\.gradle\caches\9.5.0\transforms\3bc3e8b59ac242766612a83882366de8\transformed\common-9.9.10-runtime.jar: R8: Expected stack map table for method with non-linear control flow. In later version of R8, the method may be assumed not reachable.
WARNING: C:\Users\Admin\.gradle\caches\9.5.0\transforms\3bc3e8b59ac242766612a83882366de8\transformed\common-9.9.10-runtime.jar: R8: Expected stack map table for method with non-linear control flow. In later version of R8, the method may be assumed not reachable.
WARNING: C:\Users\Admin\.gradle\caches\9.5.0\transforms\3bc3e8b59ac242766612a83882366de8\transformed\common-9.9.10-runtime.jar: R8: Expected stack map table for method with non-linear control flow. In later version of R8, the method may be assumed not reachable.
WARNING: C:\Users\Admin\.gradle\caches\9.5.0\transforms\3bc3e8b59ac242766612a83882366de8\transformed\common-9.9.10-runtime.jar: R8: Expected stack map table for method with non-linear control flow. In later version of R8, the method may be assumed not reachable.
WARNING: C:\Users\Admin\.gradle\caches\9.5.0\transforms\3bc3e8b59ac242766612a83882366de8\transformed\common-9.9.10-runtime.jar: R8: Expected stack map table for method with non-linear control flow. In later version of R8, the method may be assumed not reachable.
WARNING: C:\Users\Admin\.gradle\caches\9.5.0\transforms\3bc3e8b59ac242766612a83882366de8\transformed\common-9.9.10-runtime.jar: R8: Expected stack map table for method with non-linear control flow. In later version of R8, the method may be assumed not reachable.
WARNING: C:\Users\Admin\.gradle\caches\9.5.0\transforms\3bc3e8b59ac242766612a83882366de8\transformed\common-9.9.10-runtime.jar: R8: Expected stack map table for method with non-linear control flow. In later version of R8, the method may be assumed not reachable.
WARNING: C:\Users\Admin\.gradle\caches\9.5.0\transforms\3bc3e8b59ac242766612a83882366de8\transformed\common-9.9.10-runtime.jar: R8: Expected stack map table for method with non-linear control flow. In later version of R8, the method may be assumed not reachable.
WARNING: C:\Users\Admin\.gradle\caches\9.5.0\transforms\3bc3e8b59ac242766612a83882366de8\transformed\common-9.9.10-runtime.jar: R8: Expected stack map table for method with non-linear control flow. In later version of R8, the method may be assumed not reachable.
WARNING: C:\Users\Admin\.gradle\caches\9.5.0\transforms\3bc3e8b59ac242766612a83882366de8\transformed\common-9.9.10-runtime.jar: R8: Expected stack map table for method with non-linear control flow. In later version of R8, the method may be assumed not reachable.
WARNING: C:\Users\Admin\.gradle\caches\9.5.0\transforms\3bc3e8b59ac242766612a83882366de8\transformed\common-9.9.10-runtime.jar: R8: Expected stack map table for method with non-linear control flow. In later version of R8, the method may be assumed not reachable.
WARNING: C:\Users\Admin\.gradle\caches\9.5.0\transforms\3bc3e8b59ac242766612a83882366de8\transformed\common-9.9.10-runtime.jar: R8: Expected stack map table for method with non-linear control flow. In later version of R8, the method may be assumed not reachable.
WARNING: C:\Users\Admin\.gradle\caches\9.5.0\transforms\3bc3e8b59ac242766612a83882366de8\transformed\common-9.9.10-runtime.jar: R8: Expected stack map table for method with non-linear control flow. In later version of R8, the method may be assumed not reachable.
WARNING: C:\Users\Admin\.gradle\caches\9.5.0\transforms\3bc3e8b59ac242766612a83882366de8\transformed\common-9.9.10-runtime.jar: R8: Expected stack map table for method with non-linear control flow. In later version of R8, the method may be assumed not reachable.
WARNING: C:\Users\Admin\.gradle\caches\9.5.0\transforms\3bc3e8b59ac242766612a83882366de8\transformed\common-9.9.10-runtime.jar: R8: Expected stack map table for method with non-linear control flow. In later version of R8, the method may be assumed not reachable.
WARNING: C:\Users\Admin\.gradle\caches\9.5.0\transforms\3bc3e8b59ac242766612a83882366de8\transformed\common-9.9.10-runtime.jar: R8: Expected stack map table for method with non-linear control flow. In later version of R8, the method may be assumed not reachable.
WARNING: C:\Users\Admin\.gradle\caches\9.5.0\transforms\3bc3e8b59ac242766612a83882366de8\transformed\common-9.9.10-runtime.jar: R8: Expected stack map table for method with non-linear control flow. In later version of R8, the method may be assumed not reachable.
WARNING: C:\Users\Admin\.gradle\caches\9.5.0\transforms\3bc3e8b59ac242766612a83882366de8\transformed\common-9.9.10-runtime.jar: R8: Expected stack map table for method with non-linear control flow. In later version of R8, the method may be assumed not reachable.
WARNING: C:\Users\Admin\.gradle\caches\9.5.0\transforms\3bc3e8b59ac242766612a83882366de8\transformed\common-9.9.10-runtime.jar: R8: Expected stack map table for method with non-linear control flow. In later version of R8, the method may be assumed not reachable.
WARNING: C:\Users\Admin\.gradle\caches\9.5.0\transforms\3bc3e8b59ac242766612a83882366de8\transformed\common-9.9.10-runtime.jar: R8: Expected stack map table for method with non-linear control flow. In later version of R8, the method may be assumed not reachable.
WARNING: C:\Users\Admin\.gradle\caches\9.5.0\transforms\3bc3e8b59ac242766612a83882366de8\transformed\common-9.9.10-runtime.jar: R8: Expected stack map table for method with non-linear control flow. In later version of R8, the method may be assumed not reachable.
WARNING: C:\Users\Admin\.gradle\caches\9.5.0\transforms\3bc3e8b59ac242766612a83882366de8\transformed\common-9.9.10-runtime.jar: R8: Expected stack map table for method with non-linear control flow. In later version of R8, the method may be assumed not reachable.
WARNING: C:\Users\Admin\.gradle\caches\9.5.0\transforms\3bc3e8b59ac242766612a83882366de8\transformed\common-9.9.10-runtime.jar: R8: Expected stack map table for method with non-linear control flow. In later version of R8, the method may be assumed not reachable.
WARNING: C:\Users\Admin\.gradle\caches\9.5.0\transforms\3bc3e8b59ac242766612a83882366de8\transformed\common-9.9.10-runtime.jar: R8: Expected stack map table for method with non-linear control flow. In later version of R8, the method may be assumed not reachable.
WARNING: C:\Users\Admin\.gradle\caches\9.5.0\transforms\3bc3e8b59ac242766612a83882366de8\transformed\common-9.9.10-runtime.jar: R8: Expected stack map table for method with non-linear control flow. In later version of R8, the method may be assumed not reachable.
WARNING: C:\Users\Admin\.gradle\caches\9.5.0\transforms\3bc3e8b59ac242766612a83882366de8\transformed\common-9.9.10-runtime.jar: R8: Expected stack map table for method with non-linear control flow. In later version of R8, the method may be assumed not reachable.
WARNING: C:\Users\Admin\.gradle\caches\9.5.0\transforms\3bc3e8b59ac242766612a83882366de8\transformed\common-9.9.10-runtime.jar: R8: Expected stack map table for method with non-linear control flow. In later version of R8, the method may be assumed not reachable.
WARNING: C:\Users\Admin\.gradle\caches\9.5.0\transforms\3bc3e8b59ac242766612a83882366de8\transformed\common-9.9.10-runtime.jar: R8: Expected stack map table for method with non-linear control flow. In later version of R8, the method may be assumed not reachable.
WARNING: C:\Users\Admin\.gradle\caches\9.5.0\transforms\3bc3e8b59ac242766612a83882366de8\transformed\common-9.9.10-runtime.jar: R8: Expected stack map table for method with non-linear control flow. In later version of R8, the method may be assumed not reachable.
WARNING: C:\Users\Admin\.gradle\caches\9.5.0\transforms\3bc3e8b59ac242766612a83882366de8\transformed\common-9.9.10-runtime.jar: R8: Expected stack map table for method with non-linear control flow. In later version of R8, the method may be assumed not reachable.
WARNING: C:\Users\Admin\.gradle\caches\9.5.0\transforms\3bc3e8b59ac242766612a83882366de8\transformed\common-9.9.10-runtime.jar: R8: Expected stack map table for method with non-linear control flow. In later version of R8, the method may be assumed not reachable.
WARNING: C:\Users\Admin\.gradle\caches\9.5.0\transforms\3bc3e8b59ac242766612a83882366de8\transformed\common-9.9.10-runtime.jar: R8: Expected stack map table for method with non-linear control flow. In later version of R8, the method may be assumed not reachable.
WARNING: C:\Users\Admin\.gradle\caches\9.5.0\transforms\3bc3e8b59ac242766612a83882366de8\transformed\common-9.9.10-runtime.jar: R8: Expected stack map table for method with non-linear control flow. In later version of R8, the method may be assumed not reachable.
WARNING: C:\Users\Admin\.gradle\caches\9.5.0\transforms\3bc3e8b59ac242766612a83882366de8\transformed\common-9.9.10-runtime.jar: R8: Expected stack map table for method with non-linear control flow. In later version of R8, the method may be assumed not reachable.
WARNING: C:\Users\Admin\.gradle\caches\9.5.0\transforms\3bc3e8b59ac242766612a83882366de8\transformed\common-9.9.10-runtime.jar: R8: Expected stack map table for method with non-linear control flow. In later version of R8, the method may be assumed not reachable.
WARNING: C:\Users\Admin\.gradle\caches\9.5.0\transforms\3bc3e8b59ac242766612a83882366de8\transformed\common-9.9.10-runtime.jar: R8: Expected stack map table for method with non-linear control flow. In later version of R8, the method may be assumed not reachable.
WARNING: C:\Users\Admin\.gradle\caches\9.5.0\transforms\3bc3e8b59ac242766612a83882366de8\transformed\common-9.9.10-runtime.jar: R8: Expected stack map table for method with non-linear control flow. In later version of R8, the method may be assumed not reachable.
WARNING: C:\Users\Admin\.gradle\caches\9.5.0\transforms\3bc3e8b59ac242766612a83882366de8\transformed\common-9.9.10-runtime.jar: R8: Expected stack map table for method with non-linear control flow. In later version of R8, the method may be assumed not reachable.
WARNING: C:\Users\Admin\.gradle\caches\9.5.0\transforms\3bc3e8b59ac242766612a83882366de8\transformed\common-9.9.10-runtime.jar: R8: Expected stack map table for method with non-linear control flow. In later version of R8, the method may be assumed not reachable.
WARNING: C:\Users\Admin\.gradle\caches\9.5.0\transforms\3bc3e8b59ac242766612a83882366de8\transformed\common-9.9.10-runtime.jar: R8: Expected stack map table for method with non-linear control flow. In later version of R8, the method may be assumed not reachable.
WARNING: C:\Users\Admin\.gradle\caches\9.5.0\transforms\3bc3e8b59ac242766612a83882366de8\transformed\common-9.9.10-runtime.jar: R8: Expected stack map table for method with non-linear control flow. In later version of R8, the method may be assumed not reachable.
WARNING: C:\Users\Admin\.gradle\caches\9.5.0\transforms\3bc3e8b59ac242766612a83882366de8\transformed\common-9.9.10-runtime.jar: R8: Expected stack map table for method with non-linear control flow. In later version of R8, the method may be assumed not reachable.
WARNING: C:\Users\Admin\.gradle\caches\9.5.0\transforms\3bc3e8b59ac242766612a83882366de8\transformed\common-9.9.10-runtime.jar: R8: Expected stack map table for method with non-linear control flow. In later version of R8, the method may be assumed not reachable.
WARNING: C:\Users\Admin\.gradle\caches\9.5.0\transforms\3bc3e8b59ac242766612a83882366de8\transformed\common-9.9.10-runtime.jar: R8: Expected stack map table for method with non-linear control flow. In later version of R8, the method may be assumed not reachable.
WARNING: C:\Users\Admin\.gradle\caches\9.5.0\transforms\3bc3e8b59ac242766612a83882366de8\transformed\common-9.9.10-runtime.jar: R8: Expected stack map table for method with non-linear control flow. In later version of R8, the method may be assumed not reachable.
WARNING: C:\Users\Admin\.gradle\caches\9.5.0\transforms\3bc3e8b59ac242766612a83882366de8\transformed\common-9.9.10-runtime.jar: R8: Expected stack map table for method with non-linear control flow. In later version of R8, the method may be assumed not reachable.
WARNING: C:\Users\Admin\.gradle\caches\9.5.0\transforms\3bc3e8b59ac242766612a83882366de8\transformed\common-9.9.10-runtime.jar: R8: Expected stack map table for method with non-linear control flow. In later version of R8, the method may be assumed not reachable.
WARNING: C:\Users\Admin\.gradle\caches\9.5.0\transforms\3bc3e8b59ac242766612a83882366de8\transformed\common-9.9.10-runtime.jar: R8: Expected stack map table for method with non-linear control flow. In later version of R8, the method may be assumed not reachable.
WARNING: C:\Users\Admin\.gradle\caches\9.5.0\transforms\3bc3e8b59ac242766612a83882366de8\transformed\common-9.9.10-runtime.jar: R8: Expected stack map table for method with non-linear control flow. In later version of R8, the method may be assumed not reachable.
WARNING: C:\Users\Admin\.gradle\caches\9.5.0\transforms\3bc3e8b59ac242766612a83882366de8\transformed\common-9.9.10-runtime.jar: R8: Expected stack map table for method with non-linear control flow. In later version of R8, the method may be assumed not reachable.
WARNING: C:\Users\Admin\.gradle\caches\9.5.0\transforms\3bc3e8b59ac242766612a83882366de8\transformed\common-9.9.10-runtime.jar: R8: Expected stack map table for method with non-linear control flow. In later version of R8, the method may be assumed not reachable.
WARNING: C:\Users\Admin\.gradle\caches\9.5.0\transforms\3bc3e8b59ac242766612a83882366de8\transformed\common-9.9.10-runtime.jar: R8: Expected stack map table for method with non-linear control flow. In later version of R8, the method may be assumed not reachable.
WARNING: C:\Users\Admin\.gradle\caches\9.5.0\transforms\3bc3e8b59ac242766612a83882366de8\transformed\common-9.9.10-runtime.jar: R8: Expected stack map table for method with non-linear control flow. In later version of R8, the method may be assumed not reachable.
WARNING: C:\Users\Admin\.gradle\caches\9.5.0\transforms\3bc3e8b59ac242766612a83882366de8\transformed\common-9.9.10-runtime.jar: R8: Expected stack map table for method with non-linear control flow. In later version of R8, the method may be assumed not reachable.
WARNING: C:\Users\Admin\.gradle\caches\9.5.0\transforms\3bc3e8b59ac242766612a83882366de8\transformed\common-9.9.10-runtime.jar: R8: Expected stack map table for method with non-linear control flow. In later version of R8, the method may be assumed not reachable.
WARNING: C:\Users\Admin\.gradle\caches\9.5.0\transforms\3bc3e8b59ac242766612a83882366de8\transformed\common-9.9.10-runtime.jar: R8: Expected stack map table for method with non-linear control flow. In later version of R8, the method may be assumed not reachable.
WARNING: C:\Users\Admin\.gradle\caches\9.5.0\transforms\3bc3e8b59ac242766612a83882366de8\transformed\common-9.9.10-runtime.jar: R8: Expected stack map table for method with non-linear control flow. In later version of R8, the method may be assumed not reachable.
WARNING: C:\Users\Admin\.gradle\caches\9.5.0\transforms\3bc3e8b59ac242766612a83882366de8\transformed\common-9.9.10-runtime.jar: R8: Expected stack map table for method with non-linear control flow. In later version of R8, the method may be assumed not reachable.
WARNING: C:\Users\Admin\.gradle\caches\9.5.0\transforms\3bc3e8b59ac242766612a83882366de8\transformed\common-9.9.10-runtime.jar: R8: Expected stack map table for method with non-linear control flow. In later version of R8, the method may be assumed not reachable.
WARNING: C:\Users\Admin\.gradle\caches\9.5.0\transforms\3bc3e8b59ac242766612a83882366de8\transformed\common-9.9.10-runtime.jar: R8: Expected stack map table for method with non-linear control flow. In later version of R8, the method may be assumed not reachable.
WARNING: C:\Users\Admin\.gradle\caches\9.5.0\transforms\3bc3e8b59ac242766612a83882366de8\transformed\common-9.9.10-runtime.jar: R8: Expected stack map table for method with non-linear control flow. In later version of R8, the method may be assumed not reachable.
WARNING: C:\Users\Admin\.gradle\caches\9.5.0\transforms\3bc3e8b59ac242766612a83882366de8\transformed\common-9.9.10-runtime.jar: R8: Expected stack map table for method with non-linear control flow. In later version of R8, the method may be assumed not reachable.
WARNING: C:\Users\Admin\.gradle\caches\9.5.0\transforms\3bc3e8b59ac242766612a83882366de8\transformed\common-9.9.10-runtime.jar: R8: Expected stack map table for method with non-linear control flow. In later version of R8, the method may be assumed not reachable.
WARNING: C:\Users\Admin\.gradle\caches\9.5.0\transforms\3bc3e8b59ac242766612a83882366de8\transformed\common-9.9.10-runtime.jar: R8: Expected stack map table for method with non-linear control flow. In later version of R8, the method may be assumed not reachable.
WARNING: C:\Users\Admin\.gradle\caches\9.5.0\transforms\3bc3e8b59ac242766612a83882366de8\transformed\common-9.9.10-runtime.jar: R8: Expected stack map table for method with non-linear control flow. In later version of R8, the method may be assumed not reachable.
WARNING: C:\Users\Admin\.gradle\caches\9.5.0\transforms\3bc3e8b59ac242766612a83882366de8\transformed\common-9.9.10-runtime.jar: R8: Expected stack map table for method with non-linear control flow. In later version of R8, the method may be assumed not reachable.
WARNING: C:\Users\Admin\.gradle\caches\9.5.0\transforms\3bc3e8b59ac242766612a83882366de8\transformed\common-9.9.10-runtime.jar: R8: Expected stack map table for method with non-linear control flow. In later version of R8, the method may be assumed not reachable.
WARNING: C:\Users\Admin\.gradle\caches\9.5.0\transforms\3bc3e8b59ac242766612a83882366de8\transformed\common-9.9.10-runtime.jar: R8: Expected stack map table for method with non-linear control flow. In later version of R8, the method may be assumed not reachable.
WARNING: C:\Users\Admin\.gradle\caches\9.5.0\transforms\3bc3e8b59ac242766612a83882366de8\transformed\common-9.9.10-runtime.jar: R8: Expected stack map table for method with non-linear control flow. In later version of R8, the method may be assumed not reachable.
WARNING: C:\Users\Admin\.gradle\caches\9.5.0\transforms\3bc3e8b59ac242766612a83882366de8\transformed\common-9.9.10-runtime.jar: R8: Expected stack map table for method with non-linear control flow. In later version of R8, the method may be assumed not reachable.
WARNING: C:\Users\Admin\.gradle\caches\9.5.0\transforms\3bc3e8b59ac242766612a83882366de8\transformed\common-9.9.10-runtime.jar: R8: Expected stack map table for method with non-linear control flow. In later version of R8, the method may be assumed not reachable.
WARNING: C:\Users\Admin\.gradle\caches\9.5.0\transforms\3bc3e8b59ac242766612a83882366de8\transformed\common-9.9.10-runtime.jar: R8: Expected stack map table for method with non-linear control flow. In later version of R8, the method may be assumed not reachable.
WARNING: C:\Users\Admin\.gradle\caches\9.5.0\transforms\3bc3e8b59ac242766612a83882366de8\transformed\common-9.9.10-runtime.jar: R8: Expected stack map table for method with non-linear control flow. In later version of R8, the method may be assumed not reachable.
WARNING: C:\Users\Admin\.gradle\caches\9.5.0\transforms\3bc3e8b59ac242766612a83882366de8\transformed\common-9.9.10-runtime.jar: R8: Expected stack map table for method with non-linear control flow. In later version of R8, the method may be assumed not reachable.
WARNING: C:\Users\Admin\.gradle\caches\9.5.0\transforms\3bc3e8b59ac242766612a83882366de8\transformed\common-9.9.10-runtime.jar: R8: Expected stack map table for method with non-linear control flow. In later version of R8, the method may be assumed not reachable.
WARNING: C:\Users\Admin\.gradle\caches\9.5.0\transforms\3bc3e8b59ac242766612a83882366de8\transformed\common-9.9.10-runtime.jar: R8: Expected stack map table for method with non-linear control flow. In later version of R8, the method may be assumed not reachable.
WARNING: C:\Users\Admin\.gradle\caches\9.5.0\transforms\3bc3e8b59ac242766612a83882366de8\transformed\common-9.9.10-runtime.jar: R8: Expected stack map table for method with non-linear control flow. In later version of R8, the method may be assumed not reachable.
WARNING: C:\Users\Admin\.gradle\caches\9.5.0\transforms\3bc3e8b59ac242766612a83882366de8\transformed\common-9.9.10-runtime.jar: R8: Expected stack map table for method with non-linear control flow. In later version of R8, the method may be assumed not reachable.
WARNING: C:\Users\Admin\.gradle\caches\9.5.0\transforms\3bc3e8b59ac242766612a83882366de8\transformed\common-9.9.10-runtime.jar: R8: Expected stack map table for method with non-linear control flow. In later version of R8, the method may be assumed not reachable.
WARNING: C:\Users\Admin\.gradle\caches\9.5.0\transforms\3bc3e8b59ac242766612a83882366de8\transformed\common-9.9.10-runtime.jar: R8: Expected stack map table for method with non-linear control flow. In later version of R8, the method may be assumed not reachable.
WARNING: C:\Users\Admin\.gradle\caches\9.5.0\transforms\3bc3e8b59ac242766612a83882366de8\transformed\common-9.9.10-runtime.jar: R8: Expected stack map table for method with non-linear control flow. In later version of R8, the method may be assumed not reachable.
WARNING: C:\Users\Admin\.gradle\caches\9.5.0\transforms\3bc3e8b59ac242766612a83882366de8\transformed\common-9.9.10-runtime.jar: R8: Expected stack map table for method with non-linear control flow. In later version of R8, the method may be assumed not reachable.
WARNING: C:\Users\Admin\.gradle\caches\9.5.0\transforms\3bc3e8b59ac242766612a83882366de8\transformed\common-9.9.10-runtime.jar: R8: Expected stack map table for method with non-linear control flow. In later version of R8, the method may be assumed not reachable.
WARNING: C:\Users\Admin\.gradle\caches\9.5.0\transforms\3bc3e8b59ac242766612a83882366de8\transformed\common-9.9.10-runtime.jar: R8: Expected stack map table for method with non-linear control flow. In later version of R8, the method may be assumed not reachable.
WARNING: C:\Users\Admin\.gradle\caches\9.5.0\transforms\3bc3e8b59ac242766612a83882366de8\transformed\common-9.9.10-runtime.jar: R8: Expected stack map table for method with non-linear control flow. In later version of R8, the method may be assumed not reachable.
WARNING: C:\Users\Admin\.gradle\caches\9.5.0\transforms\3bc3e8b59ac242766612a83882366de8\transformed\common-9.9.10-runtime.jar: R8: Expected stack map table for method with non-linear control flow. In later version of R8, the method may be assumed not reachable.
WARNING: C:\Users\Admin\.gradle\caches\9.5.0\transforms\3bc3e8b59ac242766612a83882366de8\transformed\common-9.9.10-runtime.jar: R8: Expected stack map table for method with non-linear control flow. In later version of R8, the method may be assumed not reachable.
WARNING: C:\Users\Admin\.gradle\caches\9.5.0\transforms\3bc3e8b59ac242766612a83882366de8\transformed\common-9.9.10-runtime.jar: R8: Expected stack map table for method with non-linear control flow. In later version of R8, the method may be assumed not reachable.
WARNING: C:\Users\Admin\.gradle\caches\9.5.0\transforms\3bc3e8b59ac242766612a83882366de8\transformed\common-9.9.10-runtime.jar: R8: Expected stack map table for method with non-linear control flow. In later version of R8, the method may be assumed not reachable.
WARNING: C:\Users\Admin\.gradle\caches\9.5.0\transforms\3bc3e8b59ac242766612a83882366de8\transformed\common-9.9.10-runtime.jar: R8: Expected stack map table for method with non-linear control flow. In later version of R8, the method may be assumed not reachable.
WARNING: C:\Users\Admin\.gradle\caches\9.5.0\transforms\3bc3e8b59ac242766612a83882366de8\transformed\common-9.9.10-runtime.jar: R8: Expected stack map table for method with non-linear control flow. In later version of R8, the method may be assumed not reachable.
WARNING: C:\Users\Admin\.gradle\caches\9.5.0\transforms\3bc3e8b59ac242766612a83882366de8\transformed\common-9.9.10-runtime.jar: R8: Expected stack map table for method with non-linear control flow. In later version of R8, the method may be assumed not reachable.
WARNING: C:\Users\Admin\.gradle\caches\9.5.0\transforms\3bc3e8b59ac242766612a83882366de8\transformed\common-9.9.10-runtime.jar: R8: Expected stack map table for method with non-linear control flow. In later version of R8, the method may be assumed not reachable.
WARNING: C:\Users\Admin\.gradle\caches\9.5.0\transforms\3bc3e8b59ac242766612a83882366de8\transformed\common-9.9.10-runtime.jar: R8: Expected stack map table for method with non-linear control flow. In later version of R8, the method may be assumed not reachable.
WARNING: C:\Users\Admin\.gradle\caches\9.5.0\transforms\3bc3e8b59ac242766612a83882366de8\transformed\common-9.9.10-runtime.jar: R8: Expected stack map table for method with non-linear control flow. In later version of R8, the method may be assumed not reachable.
WARNING: C:\Users\Admin\.gradle\caches\9.5.0\transforms\3bc3e8b59ac242766612a83882366de8\transformed\common-9.9.10-runtime.jar: R8: Expected stack map table for method with non-linear control flow. In later version of R8, the method may be assumed not reachable.
WARNING: C:\Users\Admin\.gradle\caches\9.5.0\transforms\3bc3e8b59ac242766612a83882366de8\transformed\common-9.9.10-runtime.jar: R8: Expected stack map table for method with non-linear control flow. In later version of R8, the method may be assumed not reachable.
WARNING: C:\Users\Admin\.gradle\caches\9.5.0\transforms\3bc3e8b59ac242766612a83882366de8\transformed\common-9.9.10-runtime.jar: R8: Expected stack map table for method with non-linear control flow. In later version of R8, the method may be assumed not reachable.
WARNING: C:\Users\Admin\.gradle\caches\9.5.0\transforms\3bc3e8b59ac242766612a83882366de8\transformed\common-9.9.10-runtime.jar: R8: Expected stack map table for method with non-linear control flow. In later version of R8, the method may be assumed not reachable.
WARNING: C:\Users\Admin\.gradle\caches\9.5.0\transforms\3bc3e8b59ac242766612a83882366de8\transformed\common-9.9.10-runtime.jar: R8: Expected stack map table for method with non-linear control flow. In later version of R8, the method may be assumed not reachable.
WARNING: C:\Users\Admin\.gradle\caches\9.5.0\transforms\3bc3e8b59ac242766612a83882366de8\transformed\common-9.9.10-runtime.jar: R8: Expected stack map table for method with non-linear control flow. In later version of R8, the method may be assumed not reachable.
WARNING: C:\Users\Admin\.gradle\caches\9.5.0\transforms\3bc3e8b59ac242766612a83882366de8\transformed\common-9.9.10-runtime.jar: R8: Expected stack map table for method with non-linear control flow. In later version of R8, the method may be assumed not reachable.
WARNING: C:\Users\Admin\.gradle\caches\9.5.0\transforms\3bc3e8b59ac242766612a83882366de8\transformed\common-9.9.10-runtime.jar: R8: Expected stack map table for method with non-linear control flow. In later version of R8, the method may be assumed not reachable.
WARNING: C:\Users\Admin\.gradle\caches\9.5.0\transforms\3bc3e8b59ac242766612a83882366de8\transformed\common-9.9.10-runtime.jar: R8: Expected stack map table for method with non-linear control flow. In later version of R8, the method may be assumed not reachable.
WARNING: C:\Users\Admin\.gradle\caches\9.5.0\transforms\3bc3e8b59ac242766612a83882366de8\transformed\common-9.9.10-runtime.jar: R8: Expected stack map table for method with non-linear control flow. In later version of R8, the method may be assumed not reachable.
WARNING: C:\Users\Admin\.gradle\caches\9.5.0\transforms\3bc3e8b59ac242766612a83882366de8\transformed\common-9.9.10-runtime.jar: R8: Expected stack map table for method with non-linear control flow. In later version of R8, the method may be assumed not reachable.
WARNING: C:\Users\Admin\.gradle\caches\9.5.0\transforms\3bc3e8b59ac242766612a83882366de8\transformed\common-9.9.10-runtime.jar: R8: Expected stack map table for method with non-linear control flow. In later version of R8, the method may be assumed not reachable.
WARNING: C:\Users\Admin\.gradle\caches\9.5.0\transforms\3bc3e8b59ac242766612a83882366de8\transformed\common-9.9.10-runtime.jar: R8: Expected stack map table for method with non-linear control flow. In later version of R8, the method may be assumed not reachable.
WARNING: C:\Users\Admin\.gradle\caches\9.5.0\transforms\3bc3e8b59ac242766612a83882366de8\transformed\common-9.9.10-runtime.jar: R8: Expected stack map table for method with non-linear control flow. In later version of R8, the method may be assumed not reachable.
WARNING: C:\Users\Admin\.gradle\caches\9.5.0\transforms\3bc3e8b59ac242766612a83882366de8\transformed\common-9.9.10-runtime.jar: R8: Expected stack map table for method with non-linear control flow. In later version of R8, the method may be assumed not reachable.
WARNING: C:\Users\Admin\.gradle\caches\9.5.0\transforms\3bc3e8b59ac242766612a83882366de8\transformed\common-9.9.10-runtime.jar: R8: Expected stack map table for method with non-linear control flow. In later version of R8, the method may be assumed not reachable.
WARNING: C:\Users\Admin\.gradle\caches\9.5.0\transforms\3bc3e8b59ac242766612a83882366de8\transformed\common-9.9.10-runtime.jar: R8: Expected stack map table for method with non-linear control flow. In later version of R8, the method may be assumed not reachable.
WARNING: C:\Users\Admin\.gradle\caches\9.5.0\transforms\3bc3e8b59ac242766612a83882366de8\transformed\common-9.9.10-runtime.jar: R8: Expected stack map table for method with non-linear control flow. In later version of R8, the method may be assumed not reachable.
WARNING: C:\Users\Admin\.gradle\caches\9.5.0\transforms\3bc3e8b59ac242766612a83882366de8\transformed\common-9.9.10-runtime.jar: R8: Expected stack map table for method with non-linear control flow. In later version of R8, the method may be assumed not reachable.
WARNING: C:\Users\Admin\.gradle\caches\9.5.0\transforms\3bc3e8b59ac242766612a83882366de8\transformed\common-9.9.10-runtime.jar: R8: Expected stack map table for method with non-linear control flow. In later version of R8, the method may be assumed not reachable.
WARNING: C:\Users\Admin\.gradle\caches\9.5.0\transforms\3bc3e8b59ac242766612a83882366de8\transformed\common-9.9.10-runtime.jar: R8: Expected stack map table for method with non-linear control flow. In later version of R8, the method may be assumed not reachable.
WARNING: C:\Users\Admin\.gradle\caches\9.5.0\transforms\3bc3e8b59ac242766612a83882366de8\transformed\common-9.9.10-runtime.jar: R8: Expected stack map table for method with non-linear control flow. In later version of R8, the method may be assumed not reachable.
WARNING: C:\Users\Admin\.gradle\caches\9.5.0\transforms\3bc3e8b59ac242766612a83882366de8\transformed\common-9.9.10-runtime.jar: R8: Expected stack map table for method with non-linear control flow. In later version of R8, the method may be assumed not reachable.
WARNING: C:\Users\Admin\.gradle\caches\9.5.0\transforms\3bc3e8b59ac242766612a83882366de8\transformed\common-9.9.10-runtime.jar: R8: Expected stack map table for method with non-linear control flow. In later version of R8, the method may be assumed not reachable.
WARNING: C:\Users\Admin\.gradle\caches\9.5.0\transforms\3bc3e8b59ac242766612a83882366de8\transformed\common-9.9.10-runtime.jar: R8: Expected stack map table for method with non-linear control flow. In later version of R8, the method may be assumed not reachable.
WARNING: C:\Users\Admin\.gradle\caches\9.5.0\transforms\3bc3e8b59ac242766612a83882366de8\transformed\common-9.9.10-runtime.jar: R8: Expected stack map table for method with non-linear control flow. In later version of R8, the method may be assumed not reachable.
WARNING: C:\Users\Admin\.gradle\caches\9.5.0\transforms\3bc3e8b59ac242766612a83882366de8\transformed\common-9.9.10-runtime.jar: R8: Expected stack map table for method with non-linear control flow. In later version of R8, the method may be assumed not reachable.
WARNING: C:\Users\Admin\.gradle\caches\9.5.0\transforms\3bc3e8b59ac242766612a83882366de8\transformed\common-9.9.10-runtime.jar: R8: Expected stack map table for method with non-linear control flow. In later version of R8, the method may be assumed not reachable.
WARNING: C:\Users\Admin\.gradle\caches\9.5.0\transforms\3bc3e8b59ac242766612a83882366de8\transformed\common-9.9.10-runtime.jar: R8: Expected stack map table for method with non-linear control flow. In later version of R8, the method may be assumed not reachable.
WARNING: C:\Users\Admin\.gradle\caches\9.5.0\transforms\3bc3e8b59ac242766612a83882366de8\transformed\common-9.9.10-runtime.jar: R8: Expected stack map table for method with non-linear control flow. In later version of R8, the method may be assumed not reachable.
WARNING: C:\Users\Admin\.gradle\caches\9.5.0\transforms\3bc3e8b59ac242766612a83882366de8\transformed\common-9.9.10-runtime.jar: R8: Expected stack map table for method with non-linear control flow. In later version of R8, the method may be assumed not reachable.
WARNING: C:\Users\Admin\.gradle\caches\9.5.0\transforms\3bc3e8b59ac242766612a83882366de8\transformed\common-9.9.10-runtime.jar: R8: Expected stack map table for method with non-linear control flow. In later version of R8, the method may be assumed not reachable.
WARNING: C:\Users\Admin\.gradle\caches\9.5.0\transforms\3bc3e8b59ac242766612a83882366de8\transformed\common-9.9.10-runtime.jar: R8: Expected stack map table for method with non-linear control flow. In later version of R8, the method may be assumed not reachable.
WARNING: C:\Users\Admin\.gradle\caches\9.5.0\transforms\3bc3e8b59ac242766612a83882366de8\transformed\common-9.9.10-runtime.jar: R8: Expected stack map table for method with non-linear control flow. In later version of R8, the method may be assumed not reachable.
WARNING: C:\Users\Admin\.gradle\caches\9.5.0\transforms\3bc3e8b59ac242766612a83882366de8\transformed\common-9.9.10-runtime.jar: R8: Expected stack map table for method with non-linear control flow. In later version of R8, the method may be assumed not reachable.
WARNING: C:\Users\Admin\.gradle\caches\9.5.0\transforms\3bc3e8b59ac242766612a83882366de8\transformed\common-9.9.10-runtime.jar: R8: Expected stack map table for method with non-linear control flow. In later version of R8, the method may be assumed not reachable.
WARNING: C:\Users\Admin\.gradle\caches\9.5.0\transforms\3bc3e8b59ac242766612a83882366de8\transformed\common-9.9.10-runtime.jar: R8: Expected stack map table for method with non-linear control flow. In later version of R8, the method may be assumed not reachable.
WARNING: C:\Users\Admin\.gradle\caches\9.5.0\transforms\3bc3e8b59ac242766612a83882366de8\transformed\common-9.9.10-runtime.jar: R8: Expected stack map table for method with non-linear control flow. In later version of R8, the method may be assumed not reachable.
WARNING: C:\Users\Admin\.gradle\caches\9.5.0\transforms\3bc3e8b59ac242766612a83882366de8\transformed\common-9.9.10-runtime.jar: R8: Expected stack map table for method with non-linear control flow. In later version of R8, the method may be assumed not reachable.
WARNING: C:\Users\Admin\.gradle\caches\9.5.0\transforms\3bc3e8b59ac242766612a83882366de8\transformed\common-9.9.10-runtime.jar: R8: Expected stack map table for method with non-linear control flow. In later version of R8, the method may be assumed not reachable.
WARNING: C:\Users\Admin\.gradle\caches\9.5.0\transforms\3bc3e8b59ac242766612a83882366de8\transformed\common-9.9.10-runtime.jar: R8: Expected stack map table for method with non-linear control flow. In later version of R8, the method may be assumed not reachable.
WARNING: C:\Users\Admin\.gradle\caches\9.5.0\transforms\3bc3e8b59ac242766612a83882366de8\transformed\common-9.9.10-runtime.jar: R8: Expected stack map table for method with non-linear control flow. In later version of R8, the method may be assumed not reachable.
WARNING: C:\Users\Admin\.gradle\caches\9.5.0\transforms\3bc3e8b59ac242766612a83882366de8\transformed\common-9.9.10-runtime.jar: R8: Expected stack map table for method with non-linear control flow. In later version of R8, the method may be assumed not reachable.
WARNING: C:\Users\Admin\.gradle\caches\9.5.0\transforms\3bc3e8b59ac242766612a83882366de8\transformed\common-9.9.10-runtime.jar: R8: Expected stack map table for method with non-linear control flow. In later version of R8, the method may be assumed not reachable.
WARNING: C:\Users\Admin\.gradle\caches\9.5.0\transforms\3bc3e8b59ac242766612a83882366de8\transformed\common-9.9.10-runtime.jar: R8: Expected stack map table for method with non-linear control flow. In later version of R8, the method may be assumed not reachable.
WARNING: C:\Users\Admin\.gradle\caches\9.5.0\transforms\3bc3e8b59ac242766612a83882366de8\transformed\common-9.9.10-runtime.jar: R8: Expected stack map table for method with non-linear control flow. In later version of R8, the method may be assumed not reachable.
WARNING: C:\Users\Admin\.gradle\caches\9.5.0\transforms\3bc3e8b59ac242766612a83882366de8\transformed\common-9.9.10-runtime.jar: R8: Expected stack map table for method with non-linear control flow. In later version of R8, the method may be assumed not reachable.
WARNING: C:\Users\Admin\.gradle\caches\9.5.0\transforms\3bc3e8b59ac242766612a83882366de8\transformed\common-9.9.10-runtime.jar: R8: Expected stack map table for method with non-linear control flow. In later version of R8, the method may be assumed not reachable.
WARNING: C:\Users\Admin\.gradle\caches\9.5.0\transforms\3bc3e8b59ac242766612a83882366de8\transformed\common-9.9.10-runtime.jar: R8: Expected stack map table for method with non-linear control flow. In later version of R8, the method may be assumed not reachable.
WARNING: C:\Users\Admin\.gradle\caches\9.5.0\transforms\3bc3e8b59ac242766612a83882366de8\transformed\common-9.9.10-runtime.jar: R8: Expected stack map table for method with non-linear control flow. In later version of R8, the method may be assumed not reachable.
WARNING: C:\Users\Admin\.gradle\caches\9.5.0\transforms\3bc3e8b59ac242766612a83882366de8\transformed\common-9.9.10-runtime.jar: R8: Expected stack map table for method with non-linear control flow. In later version of R8, the method may be assumed not reachable.
WARNING: C:\Users\Admin\.gradle\caches\9.5.0\transforms\3bc3e8b59ac242766612a83882366de8\transformed\common-9.9.10-runtime.jar: R8: Expected stack map table for method with non-linear control flow. In later version of R8, the method may be assumed not reachable.
WARNING: C:\Users\Admin\.gradle\caches\9.5.0\transforms\3bc3e8b59ac242766612a83882366de8\transformed\common-9.9.10-runtime.jar: R8: Expected stack map table for method with non-linear control flow. In later version of R8, the method may be assumed not reachable.
WARNING: C:\Users\Admin\.gradle\caches\9.5.0\transforms\3bc3e8b59ac242766612a83882366de8\transformed\common-9.9.10-runtime.jar: R8: Expected stack map table for method with non-linear control flow. In later version of R8, the method may be assumed not reachable.
WARNING: C:\Users\Admin\.gradle\caches\9.5.0\transforms\3bc3e8b59ac242766612a83882366de8\transformed\common-9.9.10-runtime.jar: R8: Expected stack map table for method with non-linear control flow. In later version of R8, the method may be assumed not reachable.
WARNING: C:\Users\Admin\.gradle\caches\9.5.0\transforms\3bc3e8b59ac242766612a83882366de8\transformed\common-9.9.10-runtime.jar: R8: Expected stack map table for method with non-linear control flow. In later version of R8, the method may be assumed not reachable.
WARNING: C:\Users\Admin\.gradle\caches\9.5.0\transforms\3bc3e8b59ac242766612a83882366de8\transformed\common-9.9.10-runtime.jar: R8: Expected stack map table for method with non-linear control flow. In later version of R8, the method may be assumed not reachable.
WARNING: C:\Users\Admin\.gradle\caches\9.5.0\transforms\3bc3e8b59ac242766612a83882366de8\transformed\common-9.9.10-runtime.jar: R8: Expected stack map table for method with non-linear control flow. In later version of R8, the method may be assumed not reachable.
WARNING: C:\Users\Admin\.gradle\caches\9.5.0\transforms\3bc3e8b59ac242766612a83882366de8\transformed\common-9.9.10-runtime.jar: R8: Expected stack map table for method with non-linear control flow. In later version of R8, the method may be assumed not reachable.
WARNING: C:\Users\Admin\.gradle\caches\9.5.0\transforms\3bc3e8b59ac242766612a83882366de8\transformed\common-9.9.10-runtime.jar: R8: Expected stack map table for method with non-linear control flow. In later version of R8, the method may be assumed not reachable.
WARNING: C:\Users\Admin\.gradle\caches\9.5.0\transforms\3bc3e8b59ac242766612a83882366de8\transformed\common-9.9.10-runtime.jar: R8: Expected stack map table for method with non-linear control flow. In later version of R8, the method may be assumed not reachable.
WARNING: C:\Users\Admin\.gradle\caches\9.5.0\transforms\3bc3e8b59ac242766612a83882366de8\transformed\common-9.9.10-runtime.jar: R8: Expected stack map table for method with non-linear control flow. In later version of R8, the method may be assumed not reachable.
WARNING: C:\Users\Admin\.gradle\caches\9.5.0\transforms\3bc3e8b59ac242766612a83882366de8\transformed\common-9.9.10-runtime.jar: R8: Expected stack map table for method with non-linear control flow. In later version of R8, the method may be assumed not reachable.
WARNING: C:\Users\Admin\.gradle\caches\9.5.0\transforms\3bc3e8b59ac242766612a83882366de8\transformed\common-9.9.10-runtime.jar: R8: Expected stack map table for method with non-linear control flow. In later version of R8, the method may be assumed not reachable.
WARNING: C:\Users\Admin\.gradle\caches\9.5.0\transforms\3bc3e8b59ac242766612a83882366de8\transformed\common-9.9.10-runtime.jar: R8: Expected stack map table for method with non-linear control flow. In later version of R8, the method may be assumed not reachable.
WARNING: C:\Users\Admin\.gradle\caches\9.5.0\transforms\3bc3e8b59ac242766612a83882366de8\transformed\common-9.9.10-runtime.jar: R8: Expected stack map table for method with non-linear control flow. In later version of R8, the method may be assumed not reachable.
WARNING: C:\Users\Admin\.gradle\caches\9.5.0\transforms\3bc3e8b59ac242766612a83882366de8\transformed\common-9.9.10-runtime.jar: R8: Expected stack map table for method with non-linear control flow. In later version of R8, the method may be assumed not reachable.
WARNING: C:\Users\Admin\.gradle\caches\9.5.0\transforms\3bc3e8b59ac242766612a83882366de8\transformed\common-9.9.10-runtime.jar: R8: Expected stack map table for method with non-linear control flow. In later version of R8, the method may be assumed not reachable.
WARNING: C:\Users\Admin\.gradle\caches\9.5.0\transforms\3bc3e8b59ac242766612a83882366de8\transformed\common-9.9.10-runtime.jar: R8: Expected stack map table for method with non-linear control flow. In later version of R8, the method may be assumed not reachable.
WARNING: C:\Users\Admin\.gradle\caches\9.5.0\transforms\3bc3e8b59ac242766612a83882366de8\transformed\common-9.9.10-runtime.jar: R8: Expected stack map table for method with non-linear control flow. In later version of R8, the method may be assumed not reachable.
WARNING: C:\Users\Admin\.gradle\caches\9.5.0\transforms\3bc3e8b59ac242766612a83882366de8\transformed\common-9.9.10-runtime.jar: R8: Expected stack map table for method with non-linear control flow. In later version of R8, the method may be assumed not reachable.
WARNING: C:\Users\Admin\.gradle\caches\9.5.0\transforms\3bc3e8b59ac242766612a83882366de8\transformed\common-9.9.10-runtime.jar: R8: Expected stack map table for method with non-linear control flow. In later version of R8, the method may be assumed not reachable.
WARNING: C:\Users\Admin\.gradle\caches\9.5.0\transforms\3bc3e8b59ac242766612a83882366de8\transformed\common-9.9.10-runtime.jar: R8: Expected stack map table for method with non-linear control flow. In later version of R8, the method may be assumed not reachable.
WARNING: C:\Users\Admin\.gradle\caches\9.5.0\transforms\3bc3e8b59ac242766612a83882366de8\transformed\common-9.9.10-runtime.jar: R8: Expected stack map table for method with non-linear control flow. In later version of R8, the method may be assumed not reachable.
WARNING: C:\Users\Admin\.gradle\caches\9.5.0\transforms\3bc3e8b59ac242766612a83882366de8\transformed\common-9.9.10-runtime.jar: R8: Expected stack map table for method with non-linear control flow. In later version of R8, the method may be assumed not reachable.
WARNING: C:\Users\Admin\.gradle\caches\9.5.0\transforms\3bc3e8b59ac242766612a83882366de8\transformed\common-9.9.10-runtime.jar: R8: Expected stack map table for method with non-linear control flow. In later version of R8, the method may be assumed not reachable.
WARNING: C:\Users\Admin\.gradle\caches\9.5.0\transforms\3bc3e8b59ac242766612a83882366de8\transformed\common-9.9.10-runtime.jar: R8: Expected stack map table for method with non-linear control flow. In later version of R8, the method may be assumed not reachable.
WARNING: C:\Users\Admin\.gradle\caches\9.5.0\transforms\3bc3e8b59ac242766612a83882366de8\transformed\common-9.9.10-runtime.jar: R8: Expected stack map table for method with non-linear control flow. In later version of R8, the method may be assumed not reachable.
WARNING: C:\Users\Admin\.gradle\caches\9.5.0\transforms\3bc3e8b59ac242766612a83882366de8\transformed\common-9.9.10-runtime.jar: R8: Expected stack map table for method with non-linear control flow. In later version of R8, the method may be assumed not reachable.
WARNING: C:\Users\Admin\.gradle\caches\9.5.0\transforms\3bc3e8b59ac242766612a83882366de8\transformed\common-9.9.10-runtime.jar: R8: Expected stack map table for method with non-linear control flow. In later version of R8, the method may be assumed not reachable.
WARNING: C:\Users\Admin\.gradle\caches\9.5.0\transforms\3bc3e8b59ac242766612a83882366de8\transformed\common-9.9.10-runtime.jar: R8: Expected stack map table for method with non-linear control flow. In later version of R8, the method may be assumed not reachable.
WARNING: C:\Users\Admin\.gradle\caches\9.5.0\transforms\3bc3e8b59ac242766612a83882366de8\transformed\common-9.9.10-runtime.jar: R8: Expected stack map table for method with non-linear control flow. In later version of R8, the method may be assumed not reachable.
WARNING: C:\Users\Admin\.gradle\caches\9.5.0\transforms\3bc3e8b59ac242766612a83882366de8\transformed\common-9.9.10-runtime.jar: R8: Expected stack map table for method with non-linear control flow. In later version of R8, the method may be assumed not reachable.
WARNING: C:\Users\Admin\.gradle\caches\9.5.0\transforms\3bc3e8b59ac242766612a83882366de8\transformed\common-9.9.10-runtime.jar: R8: Expected stack map table for method with non-linear control flow. In later version of R8, the method may be assumed not reachable.
WARNING: C:\Users\Admin\.gradle\caches\9.5.0\transforms\3bc3e8b59ac242766612a83882366de8\transformed\common-9.9.10-runtime.jar: R8: Expected stack map table for method with non-linear control flow. In later version of R8, the method may be assumed not reachable.
WARNING: C:\Users\Admin\.gradle\caches\9.5.0\transforms\3bc3e8b59ac242766612a83882366de8\transformed\common-9.9.10-runtime.jar: R8: Expected stack map table for method with non-linear control flow. In later version of R8, the method may be assumed not reachable.
WARNING: C:\Users\Admin\.gradle\caches\9.5.0\transforms\3bc3e8b59ac242766612a83882366de8\transformed\common-9.9.10-runtime.jar: R8: Expected stack map table for method with non-linear control flow. In later version of R8, the method may be assumed not reachable.
WARNING: C:\Users\Admin\.gradle\caches\9.5.0\transforms\3bc3e8b59ac242766612a83882366de8\transformed\common-9.9.10-runtime.jar: R8: Expected stack map table for method with non-linear control flow. In later version of R8, the method may be assumed not reachable.
WARNING: C:\Users\Admin\.gradle\caches\9.5.0\transforms\3bc3e8b59ac242766612a83882366de8\transformed\common-9.9.10-runtime.jar: R8: Expected stack map table for method with non-linear control flow. In later version of R8, the method may be assumed not reachable.
WARNING: C:\Users\Admin\.gradle\caches\9.5.0\transforms\3bc3e8b59ac242766612a83882366de8\transformed\common-9.9.10-runtime.jar: R8: Expected stack map table for method with non-linear control flow. In later version of R8, the method may be assumed not reachable.
WARNING: C:\Users\Admin\.gradle\caches\9.5.0\transforms\3bc3e8b59ac242766612a83882366de8\transformed\common-9.9.10-runtime.jar: R8: Expected stack map table for method with non-linear control flow. In later version of R8, the method may be assumed not reachable.
WARNING: C:\Users\Admin\.gradle\caches\9.5.0\transforms\3bc3e8b59ac242766612a83882366de8\transformed\common-9.9.10-runtime.jar: R8: Expected stack map table for method with non-linear control flow. In later version of R8, the method may be assumed not reachable.
WARNING: C:\Users\Admin\.gradle\caches\9.5.0\transforms\3bc3e8b59ac242766612a83882366de8\transformed\common-9.9.10-runtime.jar: R8: Expected stack map table for method with non-linear control flow. In later version of R8, the method may be assumed not reachable.
WARNING: C:\Users\Admin\.gradle\caches\9.5.0\transforms\3bc3e8b59ac242766612a83882366de8\transformed\common-9.9.10-runtime.jar: R8: Expected stack map table for method with non-linear control flow. In later version of R8, the method may be assumed not reachable.
WARNING: C:\Users\Admin\.gradle\caches\9.5.0\transforms\3bc3e8b59ac242766612a83882366de8\transformed\common-9.9.10-runtime.jar: R8: Expected stack map table for method with non-linear control flow. In later version of R8, the method may be assumed not reachable.
WARNING: C:\Users\Admin\.gradle\caches\9.5.0\transforms\3bc3e8b59ac242766612a83882366de8\transformed\common-9.9.10-runtime.jar: R8: Expected stack map table for method with non-linear control flow. In later version of R8, the method may be assumed not reachable.
WARNING: C:\Users\Admin\.gradle\caches\9.5.0\transforms\3bc3e8b59ac242766612a83882366de8\transformed\common-9.9.10-runtime.jar: R8: Expected stack map table for method with non-linear control flow. In later version of R8, the method may be assumed not reachable.
WARNING: C:\Users\Admin\.gradle\caches\9.5.0\transforms\3bc3e8b59ac242766612a83882366de8\transformed\common-9.9.10-runtime.jar: R8: Expected stack map table for method with non-linear control flow. In later version of R8, the method may be assumed not reachable.
WARNING: C:\Users\Admin\.gradle\caches\9.5.0\transforms\3bc3e8b59ac242766612a83882366de8\transformed\common-9.9.10-runtime.jar: R8: Expected stack map table for method with non-linear control flow. In later version of R8, the method may be assumed not reachable.
WARNING: C:\Users\Admin\.gradle\caches\9.5.0\transforms\3bc3e8b59ac242766612a83882366de8\transformed\common-9.9.10-runtime.jar: R8: Expected stack map table for method with non-linear control flow. In later version of R8, the method may be assumed not reachable.
WARNING: C:\Users\Admin\.gradle\caches\9.5.0\transforms\3bc3e8b59ac242766612a83882366de8\transformed\common-9.9.10-runtime.jar: R8: Expected stack map table for method with non-linear control flow. In later version of R8, the method may be assumed not reachable.
WARNING: C:\Users\Admin\.gradle\caches\9.5.0\transforms\3bc3e8b59ac242766612a83882366de8\transformed\common-9.9.10-runtime.jar: R8: Expected stack map table for method with non-linear control flow. In later version of R8, the method may be assumed not reachable.
WARNING: C:\Users\Admin\.gradle\caches\9.5.0\transforms\3bc3e8b59ac242766612a83882366de8\transformed\common-9.9.10-runtime.jar: R8: Expected stack map table for method with non-linear control flow. In later version of R8, the method may be assumed not reachable.
WARNING: C:\Users\Admin\.gradle\caches\9.5.0\transforms\3bc3e8b59ac242766612a83882366de8\transformed\common-9.9.10-runtime.jar: R8: Expected stack map table for method with non-linear control flow. In later version of R8, the method may be assumed not reachable.
WARNING: C:\Users\Admin\.gradle\caches\9.5.0\transforms\3bc3e8b59ac242766612a83882366de8\transformed\common-9.9.10-runtime.jar: R8: Expected stack map table for method with non-linear control flow. In later version of R8, the method may be assumed not reachable.
WARNING: C:\Users\Admin\.gradle\caches\9.5.0\transforms\3bc3e8b59ac242766612a83882366de8\transformed\common-9.9.10-runtime.jar: R8: Expected stack map table for method with non-linear control flow. In later version of R8, the method may be assumed not reachable.
WARNING: C:\Users\Admin\.gradle\caches\9.5.0\transforms\3bc3e8b59ac242766612a83882366de8\transformed\common-9.9.10-runtime.jar: R8: Expected stack map table for method with non-linear control flow. In later version of R8, the method may be assumed not reachable.
WARNING: C:\Users\Admin\.gradle\caches\9.5.0\transforms\3bc3e8b59ac242766612a83882366de8\transformed\common-9.9.10-runtime.jar: R8: Expected stack map table for method with non-linear control flow. In later version of R8, the method may be assumed not reachable.
WARNING: C:\Users\Admin\.gradle\caches\9.5.0\transforms\3bc3e8b59ac242766612a83882366de8\transformed\common-9.9.10-runtime.jar: R8: Expected stack map table for method with non-linear control flow. In later version of R8, the method may be assumed not reachable.
WARNING: C:\Users\Admin\.gradle\caches\9.5.0\transforms\3bc3e8b59ac242766612a83882366de8\transformed\common-9.9.10-runtime.jar: R8: Expected stack map table for method with non-linear control flow. In later version of R8, the method may be assumed not reachable.
WARNING: C:\Users\Admin\.gradle\caches\9.5.0\transforms\3bc3e8b59ac242766612a83882366de8\transformed\common-9.9.10-runtime.jar: R8: Expected stack map table for method with non-linear control flow. In later version of R8, the method may be assumed not reachable.
WARNING: C:\Users\Admin\.gradle\caches\9.5.0\transforms\3bc3e8b59ac242766612a83882366de8\transformed\common-9.9.10-runtime.jar: R8: Expected stack map table for method with non-linear control flow. In later version of R8, the method may be assumed not reachable.
WARNING: C:\Users\Admin\.gradle\caches\9.5.0\transforms\3bc3e8b59ac242766612a83882366de8\transformed\common-9.9.10-runtime.jar: R8: Expected stack map table for method with non-linear control flow. In later version of R8, the method may be assumed not reachable.
WARNING: C:\Users\Admin\.gradle\caches\9.5.0\transforms\3bc3e8b59ac242766612a83882366de8\transformed\common-9.9.10-runtime.jar: R8: Expected stack map table for method with non-linear control flow. In later version of R8, the method may be assumed not reachable.
WARNING: C:\Users\Admin\.gradle\caches\9.5.0\transforms\3bc3e8b59ac242766612a83882366de8\transformed\common-9.9.10-runtime.jar: R8: Expected stack map table for method with non-linear control flow. In later version of R8, the method may be assumed not reachable.
WARNING: C:\Users\Admin\.gradle\caches\9.5.0\transforms\3bc3e8b59ac242766612a83882366de8\transformed\common-9.9.10-runtime.jar: R8: Expected stack map table for method with non-linear control flow. In later version of R8, the method may be assumed not reachable.
WARNING: C:\Users\Admin\.gradle\caches\9.5.0\transforms\3bc3e8b59ac242766612a83882366de8\transformed\common-9.9.10-runtime.jar: R8: Expected stack map table for method with non-linear control flow. In later version of R8, the method may be assumed not reachable.
WARNING: C:\Users\Admin\.gradle\caches\9.5.0\transforms\3bc3e8b59ac242766612a83882366de8\transformed\common-9.9.10-runtime.jar: R8: Expected stack map table for method with non-linear control flow. In later version of R8, the method may be assumed not reachable.
WARNING: C:\Users\Admin\.gradle\caches\9.5.0\transforms\3bc3e8b59ac242766612a83882366de8\transformed\common-9.9.10-runtime.jar: R8: Expected stack map table for method with non-linear control flow. In later version of R8, the method may be assumed not reachable.
WARNING: C:\Users\Admin\.gradle\caches\9.5.0\transforms\3bc3e8b59ac242766612a83882366de8\transformed\common-9.9.10-runtime.jar: R8: Expected stack map table for method with non-linear control flow. In later version of R8, the method may be assumed not reachable.
WARNING: C:\Users\Admin\.gradle\caches\9.5.0\transforms\3bc3e8b59ac242766612a83882366de8\transformed\common-9.9.10-runtime.jar: R8: Expected stack map table for method with non-linear control flow. In later version of R8, the method may be assumed not reachable.
WARNING: C:\Users\Admin\.gradle\caches\9.5.0\transforms\3bc3e8b59ac242766612a83882366de8\transformed\common-9.9.10-runtime.jar: R8: Expected stack map table for method with non-linear control flow. In later version of R8, the method may be assumed not reachable.
WARNING: C:\Users\Admin\.gradle\caches\9.5.0\transforms\3bc3e8b59ac242766612a83882366de8\transformed\common-9.9.10-runtime.jar: R8: Expected stack map table for method with non-linear control flow. In later version of R8, the method may be assumed not reachable.
WARNING: C:\Users\Admin\.gradle\caches\9.5.0\transforms\3bc3e8b59ac242766612a83882366de8\transformed\common-9.9.10-runtime.jar: R8: Expected stack map table for method with non-linear control flow. In later version of R8, the method may be assumed not reachable.
WARNING: C:\Users\Admin\.gradle\caches\9.5.0\transforms\3bc3e8b59ac242766612a83882366de8\transformed\common-9.9.10-runtime.jar: R8: Expected stack map table for method with non-linear control flow. In later version of R8, the method may be assumed not reachable.
WARNING: C:\Users\Admin\.gradle\caches\9.5.0\transforms\3bc3e8b59ac242766612a83882366de8\transformed\common-9.9.10-runtime.jar: R8: Expected stack map table for method with non-linear control flow. In later version of R8, the method may be assumed not reachable.
WARNING: C:\Users\Admin\.gradle\caches\9.5.0\transforms\3bc3e8b59ac242766612a83882366de8\transformed\common-9.9.10-runtime.jar: R8: Expected stack map table for method with non-linear control flow. In later version of R8, the method may be assumed not reachable.
WARNING: C:\Users\Admin\.gradle\caches\9.5.0\transforms\3bc3e8b59ac242766612a83882366de8\transformed\common-9.9.10-runtime.jar: R8: Expected stack map table for method with non-linear control flow. In later version of R8, the method may be assumed not reachable.
WARNING: C:\Users\Admin\.gradle\caches\9.5.0\transforms\3bc3e8b59ac242766612a83882366de8\transformed\common-9.9.10-runtime.jar: R8: Expected stack map table for method with non-linear control flow. In later version of R8, the method may be assumed not reachable.
WARNING: C:\Users\Admin\.gradle\caches\9.5.0\transforms\3bc3e8b59ac242766612a83882366de8\transformed\common-9.9.10-runtime.jar: R8: Expected stack map table for method with non-linear control flow. In later version of R8, the method may be assumed not reachable.
WARNING: C:\Users\Admin\.gradle\caches\9.5.0\transforms\3bc3e8b59ac242766612a83882366de8\transformed\common-9.9.10-runtime.jar: R8: Expected stack map table for method with non-linear control flow. In later version of R8, the method may be assumed not reachable.
WARNING: C:\Users\Admin\.gradle\caches\9.5.0\transforms\3bc3e8b59ac242766612a83882366de8\transformed\common-9.9.10-runtime.jar: R8: Expected stack map table for method with non-linear control flow. In later version of R8, the method may be assumed not reachable.
WARNING: C:\Users\Admin\.gradle\caches\9.5.0\transforms\3bc3e8b59ac242766612a83882366de8\transformed\common-9.9.10-runtime.jar: R8: Expected stack map table for method with non-linear control flow. In later version of R8, the method may be assumed not reachable.
WARNING: C:\Users\Admin\.gradle\caches\9.5.0\transforms\3bc3e8b59ac242766612a83882366de8\transformed\common-9.9.10-runtime.jar: R8: Expected stack map table for method with non-linear control flow. In later version of R8, the method may be assumed not reachable.
WARNING: C:\Users\Admin\.gradle\caches\9.5.0\transforms\3bc3e8b59ac242766612a83882366de8\transformed\common-9.9.10-runtime.jar: R8: Expected stack map table for method with non-linear control flow. In later version of R8, the method may be assumed not reachable.
WARNING: C:\Users\Admin\.gradle\caches\9.5.0\transforms\3bc3e8b59ac242766612a83882366de8\transformed\common-9.9.10-runtime.jar: R8: Expected stack map table for method with non-linear control flow. In later version of R8, the method may be assumed not reachable.
WARNING: C:\Users\Admin\.gradle\caches\9.5.0\transforms\3bc3e8b59ac242766612a83882366de8\transformed\common-9.9.10-runtime.jar: R8: Expected stack map table for method with non-linear control flow. In later version of R8, the method may be assumed not reachable.
WARNING: C:\Users\Admin\.gradle\caches\9.5.0\transforms\3bc3e8b59ac242766612a83882366de8\transformed\common-9.9.10-runtime.jar: R8: Expected stack map table for method with non-linear control flow. In later version of R8, the method may be assumed not reachable.
WARNING: C:\Users\Admin\.gradle\caches\9.5.0\transforms\3bc3e8b59ac242766612a83882366de8\transformed\common-9.9.10-runtime.jar: R8: Expected stack map table for method with non-linear control flow. In later version of R8, the method may be assumed not reachable.
WARNING: C:\Users\Admin\.gradle\caches\9.5.0\transforms\3bc3e8b59ac242766612a83882366de8\transformed\common-9.9.10-runtime.jar: R8: Expected stack map table for method with non-linear control flow. In later version of R8, the method may be assumed not reachable.
WARNING: C:\Users\Admin\.gradle\caches\9.5.0\transforms\3bc3e8b59ac242766612a83882366de8\transformed\common-9.9.10-runtime.jar: R8: Expected stack map table for method with non-linear control flow. In later version of R8, the method may be assumed not reachable.
WARNING: C:\Users\Admin\.gradle\caches\9.5.0\transforms\3bc3e8b59ac242766612a83882366de8\transformed\common-9.9.10-runtime.jar: R8: Expected stack map table for method with non-linear control flow. In later version of R8, the method may be assumed not reachable.
WARNING: C:\Users\Admin\.gradle\caches\9.5.0\transforms\3bc3e8b59ac242766612a83882366de8\transformed\common-9.9.10-runtime.jar: R8: Expected stack map table for method with non-linear control flow. In later version of R8, the method may be assumed not reachable.
WARNING: C:\Users\Admin\.gradle\caches\9.5.0\transforms\3bc3e8b59ac242766612a83882366de8\transformed\common-9.9.10-runtime.jar: R8: Expected stack map table for method with non-linear control flow. In later version of R8, the method may be assumed not reachable.
WARNING: C:\Users\Admin\.gradle\caches\9.5.0\transforms\3bc3e8b59ac242766612a83882366de8\transformed\common-9.9.10-runtime.jar: R8: Expected stack map table for method with non-linear control flow. In later version of R8, the method may be assumed not reachable.
WARNING: C:\Users\Admin\.gradle\caches\9.5.0\transforms\3bc3e8b59ac242766612a83882366de8\transformed\common-9.9.10-runtime.jar: R8: Expected stack map table for method with non-linear control flow. In later version of R8, the method may be assumed not reachable.
WARNING: C:\Users\Admin\.gradle\caches\9.5.0\transforms\3bc3e8b59ac242766612a83882366de8\transformed\common-9.9.10-runtime.jar: R8: Expected stack map table for method with non-linear control flow. In later version of R8, the method may be assumed not reachable.
WARNING: C:\Users\Admin\.gradle\caches\9.5.0\transforms\3bc3e8b59ac242766612a83882366de8\transformed\common-9.9.10-runtime.jar: R8: Expected stack map table for method with non-linear control flow. In later version of R8, the method may be assumed not reachable.
WARNING: C:\Users\Admin\.gradle\caches\9.5.0\transforms\3bc3e8b59ac242766612a83882366de8\transformed\common-9.9.10-runtime.jar: R8: Expected stack map table for method with non-linear control flow. In later version of R8, the method may be assumed not reachable.
WARNING: C:\Users\Admin\.gradle\caches\9.5.0\transforms\3bc3e8b59ac242766612a83882366de8\transformed\common-9.9.10-runtime.jar: R8: Expected stack map table for method with non-linear control flow. In later version of R8, the method may be assumed not reachable.
WARNING: C:\Users\Admin\.gradle\caches\9.5.0\transforms\3bc3e8b59ac242766612a83882366de8\transformed\common-9.9.10-runtime.jar: R8: Expected stack map table for method with non-linear control flow. In later version of R8, the method may be assumed not reachable.
WARNING: C:\Users\Admin\.gradle\caches\9.5.0\transforms\3bc3e8b59ac242766612a83882366de8\transformed\common-9.9.10-runtime.jar: R8: Expected stack map table for method with non-linear control flow. In later version of R8, the method may be assumed not reachable.
WARNING: C:\Users\Admin\.gradle\caches\9.5.0\transforms\3bc3e8b59ac242766612a83882366de8\transformed\common-9.9.10-runtime.jar: R8: Expected stack map table for method with non-linear control flow. In later version of R8, the method may be assumed not reachable.
WARNING: C:\Users\Admin\.gradle\caches\9.5.0\transforms\3bc3e8b59ac242766612a83882366de8\transformed\common-9.9.10-runtime.jar: R8: Expected stack map table for method with non-linear control flow. In later version of R8, the method may be assumed not reachable.
WARNING: C:\Users\Admin\.gradle\caches\9.5.0\transforms\3bc3e8b59ac242766612a83882366de8\transformed\common-9.9.10-runtime.jar: R8: Expected stack map table for method with non-linear control flow. In later version of R8, the method may be assumed not reachable.
WARNING: C:\Users\Admin\.gradle\caches\9.5.0\transforms\3bc3e8b59ac242766612a83882366de8\transformed\common-9.9.10-runtime.jar: R8: Expected stack map table for method with non-linear control flow. In later version of R8, the method may be assumed not reachable.
WARNING: C:\Users\Admin\.gradle\caches\9.5.0\transforms\3bc3e8b59ac242766612a83882366de8\transformed\common-9.9.10-runtime.jar: R8: Expected stack map table for method with non-linear control flow. In later version of R8, the method may be assumed not reachable.
WARNING: C:\Users\Admin\.gradle\caches\9.5.0\transforms\3bc3e8b59ac242766612a83882366de8\transformed\common-9.9.10-runtime.jar: R8: Expected stack map table for method with non-linear control flow. In later version of R8, the method may be assumed not reachable.
WARNING: C:\Users\Admin\.gradle\caches\9.5.0\transforms\3bc3e8b59ac242766612a83882366de8\transformed\common-9.9.10-runtime.jar: R8: Expected stack map table for method with non-linear control flow. In later version of R8, the method may be assumed not reachable.
WARNING: C:\Users\Admin\.gradle\caches\9.5.0\transforms\3bc3e8b59ac242766612a83882366de8\transformed\common-9.9.10-runtime.jar: R8: Expected stack map table for method with non-linear control flow. In later version of R8, the method may be assumed not reachable.
WARNING: C:\Users\Admin\.gradle\caches\9.5.0\transforms\3bc3e8b59ac242766612a83882366de8\transformed\common-9.9.10-runtime.jar: R8: Expected stack map table for method with non-linear control flow. In later version of R8, the method may be assumed not reachable.
WARNING: C:\Users\Admin\.gradle\caches\9.5.0\transforms\3bc3e8b59ac242766612a83882366de8\transformed\common-9.9.10-runtime.jar: R8: Expected stack map table for method with non-linear control flow. In later version of R8, the method may be assumed not reachable.
WARNING: C:\Users\Admin\.gradle\caches\9.5.0\transforms\3bc3e8b59ac242766612a83882366de8\transformed\common-9.9.10-runtime.jar: R8: Expected stack map table for method with non-linear control flow. In later version of R8, the method may be assumed not reachable.
WARNING: C:\Users\Admin\.gradle\caches\9.5.0\transforms\3bc3e8b59ac242766612a83882366de8\transformed\common-9.9.10-runtime.jar: R8: Expected stack map table for method with non-linear control flow. In later version of R8, the method may be assumed not reachable.
WARNING: C:\Users\Admin\.gradle\caches\9.5.0\transforms\3bc3e8b59ac242766612a83882366de8\transformed\common-9.9.10-runtime.jar: R8: Expected stack map table for method with non-linear control flow. In later version of R8, the method may be assumed not reachable.
WARNING: C:\Users\Admin\.gradle\caches\9.5.0\transforms\3bc3e8b59ac242766612a83882366de8\transformed\common-9.9.10-runtime.jar: R8: Expected stack map table for method with non-linear control flow. In later version of R8, the method may be assumed not reachable.
WARNING: C:\Users\Admin\.gradle\caches\9.5.0\transforms\3bc3e8b59ac242766612a83882366de8\transformed\common-9.9.10-runtime.jar: R8: Expected stack map table for method with non-linear control flow. In later version of R8, the method may be assumed not reachable.
WARNING: C:\Users\Admin\.gradle\caches\9.5.0\transforms\3bc3e8b59ac242766612a83882366de8\transformed\common-9.9.10-runtime.jar: R8: Expected stack map table for method with non-linear control flow. In later version of R8, the method may be assumed not reachable.
WARNING: C:\Users\Admin\.gradle\caches\9.5.0\transforms\3bc3e8b59ac242766612a83882366de8\transformed\common-9.9.10-runtime.jar: R8: Expected stack map table for method with non-linear control flow. In later version of R8, the method may be assumed not reachable.
WARNING: C:\Users\Admin\.gradle\caches\9.5.0\transforms\3bc3e8b59ac242766612a83882366de8\transformed\common-9.9.10-runtime.jar: R8: Expected stack map table for method with non-linear control flow. In later version of R8, the method may be assumed not reachable.
WARNING: C:\Users\Admin\.gradle\caches\9.5.0\transforms\3bc3e8b59ac242766612a83882366de8\transformed\common-9.9.10-runtime.jar: R8: Expected stack map table for method with non-linear control flow. In later version of R8, the method may be assumed not reachable.
WARNING: C:\Users\Admin\.gradle\caches\9.5.0\transforms\3bc3e8b59ac242766612a83882366de8\transformed\common-9.9.10-runtime.jar: R8: Expected stack map table for method with non-linear control flow. In later version of R8, the method may be assumed not reachable.
WARNING: C:\Users\Admin\.gradle\caches\9.5.0\transforms\3bc3e8b59ac242766612a83882366de8\transformed\common-9.9.10-runtime.jar: R8: Expected stack map table for method with non-linear control flow. In later version of R8, the method may be assumed not reachable.
WARNING: C:\Users\Admin\.gradle\caches\9.5.0\transforms\3bc3e8b59ac242766612a83882366de8\transformed\common-9.9.10-runtime.jar: R8: Expected stack map table for method with non-linear control flow. In later version of R8, the method may be assumed not reachable.
WARNING: C:\Users\Admin\.gradle\caches\9.5.0\transforms\3bc3e8b59ac242766612a83882366de8\transformed\common-9.9.10-runtime.jar: R8: Expected stack map table for method with non-linear control flow. In later version of R8, the method may be assumed not reachable.
WARNING: C:\Users\Admin\.gradle\caches\9.5.0\transforms\3bc3e8b59ac242766612a83882366de8\transformed\common-9.9.10-runtime.jar: R8: Expected stack map table for method with non-linear control flow. In later version of R8, the method may be assumed not reachable.
WARNING: C:\Users\Admin\.gradle\caches\9.5.0\transforms\3bc3e8b59ac242766612a83882366de8\transformed\common-9.9.10-runtime.jar: R8: Expected stack map table for method with non-linear control flow. In later version of R8, the method may be assumed not reachable.
WARNING: C:\Users\Admin\.gradle\caches\9.5.0\transforms\3bc3e8b59ac242766612a83882366de8\transformed\common-9.9.10-runtime.jar: R8: Expected stack map table for method with non-linear control flow. In later version of R8, the method may be assumed not reachable.
WARNING: C:\Users\Admin\.gradle\caches\9.5.0\transforms\3bc3e8b59ac242766612a83882366de8\transformed\common-9.9.10-runtime.jar: R8: Expected stack map table for method with non-linear control flow. In later version of R8, the method may be assumed not reachable.
WARNING: C:\Users\Admin\.gradle\caches\9.5.0\transforms\3bc3e8b59ac242766612a83882366de8\transformed\common-9.9.10-runtime.jar: R8: Expected stack map table for method with non-linear control flow. In later version of R8, the method may be assumed not reachable.
WARNING: C:\Users\Admin\.gradle\caches\9.5.0\transforms\3bc3e8b59ac242766612a83882366de8\transformed\common-9.9.10-runtime.jar: R8: Expected stack map table for method with non-linear control flow. In later version of R8, the method may be assumed not reachable.
WARNING: C:\Users\Admin\.gradle\caches\9.5.0\transforms\3bc3e8b59ac242766612a83882366de8\transformed\common-9.9.10-runtime.jar: R8: Expected stack map table for method with non-linear control flow. In later version of R8, the method may be assumed not reachable.
WARNING: C:\Users\Admin\.gradle\caches\9.5.0\transforms\3bc3e8b59ac242766612a83882366de8\transformed\common-9.9.10-runtime.jar: R8: Expected stack map table for method with non-linear control flow. In later version of R8, the method may be assumed not reachable.
WARNING: C:\Users\Admin\.gradle\caches\9.5.0\transforms\3bc3e8b59ac242766612a83882366de8\transformed\common-9.9.10-runtime.jar: R8: Expected stack map table for method with non-linear control flow. In later version of R8, the method may be assumed not reachable.
WARNING: C:\Users\Admin\.gradle\caches\9.5.0\transforms\3bc3e8b59ac242766612a83882366de8\transformed\common-9.9.10-runtime.jar: R8: Expected stack map table for method with non-linear control flow. In later version of R8, the method may be assumed not reachable.
WARNING: C:\Users\Admin\.gradle\caches\9.5.0\transforms\3bc3e8b59ac242766612a83882366de8\transformed\common-9.9.10-runtime.jar: R8: Expected stack map table for method with non-linear control flow. In later version of R8, the method may be assumed not reachable.
WARNING: C:\Users\Admin\.gradle\caches\9.5.0\transforms\3bc3e8b59ac242766612a83882366de8\transformed\common-9.9.10-runtime.jar: R8: Expected stack map table for method with non-linear control flow. In later version of R8, the method may be assumed not reachable.
WARNING: C:\Users\Admin\.gradle\caches\9.5.0\transforms\3bc3e8b59ac242766612a83882366de8\transformed\common-9.9.10-runtime.jar: R8: Expected stack map table for method with non-linear control flow. In later version of R8, the method may be assumed not reachable.
WARNING: C:\Users\Admin\.gradle\caches\9.5.0\transforms\3bc3e8b59ac242766612a83882366de8\transformed\common-9.9.10-runtime.jar: R8: Expected stack map table for method with non-linear control flow. In later version of R8, the method may be assumed not reachable.
WARNING: C:\Users\Admin\.gradle\caches\9.5.0\transforms\3bc3e8b59ac242766612a83882366de8\transformed\common-9.9.10-runtime.jar: R8: Expected stack map table for method with non-linear control flow. In later version of R8, the method may be assumed not reachable.
WARNING: C:\Users\Admin\.gradle\caches\9.5.0\transforms\3bc3e8b59ac242766612a83882366de8\transformed\common-9.9.10-runtime.jar: R8: Expected stack map table for method with non-linear control flow. In later version of R8, the method may be assumed not reachable.
WARNING: C:\Users\Admin\.gradle\caches\9.5.0\transforms\3bc3e8b59ac242766612a83882366de8\transformed\common-9.9.10-runtime.jar: R8: Expected stack map table for method with non-linear control flow. In later version of R8, the method may be assumed not reachable.
WARNING: C:\Users\Admin\.gradle\caches\9.5.0\transforms\3bc3e8b59ac242766612a83882366de8\transformed\common-9.9.10-runtime.jar: R8: Expected stack map table for method with non-linear control flow. In later version of R8, the method may be assumed not reachable.
WARNING: C:\Users\Admin\.gradle\caches\9.5.0\transforms\3bc3e8b59ac242766612a83882366de8\transformed\common-9.9.10-runtime.jar: R8: Expected stack map table for method with non-linear control flow. In later version of R8, the method may be assumed not reachable.
WARNING: C:\Users\Admin\.gradle\caches\9.5.0\transforms\3bc3e8b59ac242766612a83882366de8\transformed\common-9.9.10-runtime.jar: R8: Expected stack map table for method with non-linear control flow. In later version of R8, the method may be assumed not reachable.
WARNING: C:\Users\Admin\.gradle\caches\9.5.0\transforms\3bc3e8b59ac242766612a83882366de8\transformed\common-9.9.10-runtime.jar: R8: Expected stack map table for method with non-linear control flow. In later version of R8, the method may be assumed not reachable.
WARNING: C:\Users\Admin\.gradle\caches\9.5.0\transforms\3bc3e8b59ac242766612a83882366de8\transformed\common-9.9.10-runtime.jar: R8: Expected stack map table for method with non-linear control flow. In later version of R8, the method may be assumed not reachable.
WARNING: C:\Users\Admin\.gradle\caches\9.5.0\transforms\3bc3e8b59ac242766612a83882366de8\transformed\common-9.9.10-runtime.jar: R8: Expected stack map table for method with non-linear control flow. In later version of R8, the method may be assumed not reachable.
WARNING: C:\Users\Admin\.gradle\caches\9.5.0\transforms\3bc3e8b59ac242766612a83882366de8\transformed\common-9.9.10-runtime.jar: R8: Expected stack map table for method with non-linear control flow. In later version of R8, the method may be assumed not reachable.
WARNING: C:\Users\Admin\.gradle\caches\9.5.0\transforms\3bc3e8b59ac242766612a83882366de8\transformed\common-9.9.10-runtime.jar: R8: Expected stack map table for method with non-linear control flow. In later version of R8, the method may be assumed not reachable.
WARNING: C:\Users\Admin\.gradle\caches\9.5.0\transforms\3bc3e8b59ac242766612a83882366de8\transformed\common-9.9.10-runtime.jar: R8: Expected stack map table for method with non-linear control flow. In later version of R8, the method may be assumed not reachable.
WARNING: C:\Users\Admin\.gradle\caches\9.5.0\transforms\3bc3e8b59ac242766612a83882366de8\transformed\common-9.9.10-runtime.jar: R8: Expected stack map table for method with non-linear control flow. In later version of R8, the method may be assumed not reachable.
WARNING: C:\Users\Admin\.gradle\caches\9.5.0\transforms\3bc3e8b59ac242766612a83882366de8\transformed\common-9.9.10-runtime.jar: R8: Expected stack map table for method with non-linear control flow. In later version of R8, the method may be assumed not reachable.
WARNING: C:\Users\Admin\.gradle\caches\9.5.0\transforms\3bc3e8b59ac242766612a83882366de8\transformed\common-9.9.10-runtime.jar: R8: Expected stack map table for method with non-linear control flow. In later version of R8, the method may be assumed not reachable.
WARNING: C:\Users\Admin\.gradle\caches\9.5.0\transforms\3bc3e8b59ac242766612a83882366de8\transformed\common-9.9.10-runtime.jar: R8: Expected stack map table for method with non-linear control flow. In later version of R8, the method may be assumed not reachable.
WARNING: C:\Users\Admin\.gradle\caches\9.5.0\transforms\3bc3e8b59ac242766612a83882366de8\transformed\common-9.9.10-runtime.jar: R8: Expected stack map table for method with non-linear control flow. In later version of R8, the method may be assumed not reachable.
WARNING: C:\Users\Admin\.gradle\caches\9.5.0\transforms\3bc3e8b59ac242766612a83882366de8\transformed\common-9.9.10-runtime.jar: R8: Expected stack map table for method with non-linear control flow. In later version of R8, the method may be assumed not reachable.
WARNING: C:\Users\Admin\.gradle\caches\9.5.0\transforms\3bc3e8b59ac242766612a83882366de8\transformed\common-9.9.10-runtime.jar: R8: Expected stack map table for method with non-linear control flow. In later version of R8, the method may be assumed not reachable.
WARNING: C:\Users\Admin\.gradle\caches\9.5.0\transforms\3bc3e8b59ac242766612a83882366de8\transformed\common-9.9.10-runtime.jar: R8: Expected stack map table for method with non-linear control flow. In later version of R8, the method may be assumed not reachable.
WARNING: C:\Users\Admin\.gradle\caches\9.5.0\transforms\3bc3e8b59ac242766612a83882366de8\transformed\common-9.9.10-runtime.jar: R8: Expected stack map table for method with non-linear control flow. In later version of R8, the method may be assumed not reachable.
WARNING: C:\Users\Admin\.gradle\caches\9.5.0\transforms\3bc3e8b59ac242766612a83882366de8\transformed\common-9.9.10-runtime.jar: R8: Expected stack map table for method with non-linear control flow. In later version of R8, the method may be assumed not reachable.
WARNING: C:\Users\Admin\.gradle\caches\9.5.0\transforms\3bc3e8b59ac242766612a83882366de8\transformed\common-9.9.10-runtime.jar: R8: Expected stack map table for method with non-linear control flow. In later version of R8, the method may be assumed not reachable.
WARNING: C:\Users\Admin\.gradle\caches\9.5.0\transforms\3bc3e8b59ac242766612a83882366de8\transformed\common-9.9.10-runtime.jar: R8: Expected stack map table for method with non-linear control flow. In later version of R8, the method may be assumed not reachable.
WARNING: C:\Users\Admin\.gradle\caches\9.5.0\transforms\3bc3e8b59ac242766612a83882366de8\transformed\common-9.9.10-runtime.jar: R8: Expected stack map table for method with non-linear control flow. In later version of R8, the method may be assumed not reachable.
WARNING: C:\Users\Admin\.gradle\caches\9.5.0\transforms\3bc3e8b59ac242766612a83882366de8\transformed\common-9.9.10-runtime.jar: R8: Expected stack map table for method with non-linear control flow. In later version of R8, the method may be assumed not reachable.
WARNING: C:\Users\Admin\.gradle\caches\9.5.0\transforms\3bc3e8b59ac242766612a83882366de8\transformed\common-9.9.10-runtime.jar: R8: Expected stack map table for method with non-linear control flow. In later version of R8, the method may be assumed not reachable.
WARNING: C:\Users\Admin\.gradle\caches\9.5.0\transforms\3bc3e8b59ac242766612a83882366de8\transformed\common-9.9.10-runtime.jar: R8: Expected stack map table for method with non-linear control flow. In later version of R8, the method may be assumed not reachable.
WARNING: C:\Users\Admin\.gradle\caches\9.5.0\transforms\3bc3e8b59ac242766612a83882366de8\transformed\common-9.9.10-runtime.jar: R8: Expected stack map table for method with non-linear control flow. In later version of R8, the method may be assumed not reachable.
WARNING: C:\Users\Admin\.gradle\caches\9.5.0\transforms\3bc3e8b59ac242766612a83882366de8\transformed\common-9.9.10-runtime.jar: R8: Expected stack map table for method with non-linear control flow. In later version of R8, the method may be assumed not reachable.
WARNING: C:\Users\Admin\.gradle\caches\9.5.0\transforms\3bc3e8b59ac242766612a83882366de8\transformed\common-9.9.10-runtime.jar: R8: Expected stack map table for method with non-linear control flow. In later version of R8, the method may be assumed not reachable.
WARNING: C:\Users\Admin\.gradle\caches\9.5.0\transforms\3bc3e8b59ac242766612a83882366de8\transformed\common-9.9.10-runtime.jar: R8: Expected stack map table for method with non-linear control flow. In later version of R8, the method may be assumed not reachable.
WARNING: C:\Users\Admin\.gradle\caches\9.5.0\transforms\3bc3e8b59ac242766612a83882366de8\transformed\common-9.9.10-runtime.jar: R8: Expected stack map table for method with non-linear control flow. In later version of R8, the method may be assumed not reachable.
WARNING: C:\Users\Admin\.gradle\caches\9.5.0\transforms\3bc3e8b59ac242766612a83882366de8\transformed\common-9.9.10-runtime.jar: R8: Expected stack map table for method with non-linear control flow. In later version of R8, the method may be assumed not reachable.
WARNING: C:\Users\Admin\.gradle\caches\9.5.0\transforms\3bc3e8b59ac242766612a83882366de8\transformed\common-9.9.10-runtime.jar: R8: Expected stack map table for method with non-linear control flow. In later version of R8, the method may be assumed not reachable.
WARNING: C:\Users\Admin\.gradle\caches\9.5.0\transforms\3bc3e8b59ac242766612a83882366de8\transformed\common-9.9.10-runtime.jar: R8: Expected stack map table for method with non-linear control flow. In later version of R8, the method may be assumed not reachable.
WARNING: C:\Users\Admin\.gradle\caches\9.5.0\transforms\3bc3e8b59ac242766612a83882366de8\transformed\common-9.9.10-runtime.jar: R8: Expected stack map table for method with non-linear control flow. In later version of R8, the method may be assumed not reachable.
WARNING: C:\Users\Admin\.gradle\caches\9.5.0\transforms\3bc3e8b59ac242766612a83882366de8\transformed\common-9.9.10-runtime.jar: R8: Expected stack map table for method with non-linear control flow. In later version of R8, the method may be assumed not reachable.
WARNING: C:\Users\Admin\.gradle\caches\9.5.0\transforms\3bc3e8b59ac242766612a83882366de8\transformed\common-9.9.10-runtime.jar: R8: Expected stack map table for method with non-linear control flow. In later version of R8, the method may be assumed not reachable.
WARNING: C:\Users\Admin\.gradle\caches\9.5.0\transforms\3bc3e8b59ac242766612a83882366de8\transformed\common-9.9.10-runtime.jar: R8: Expected stack map table for method with non-linear control flow. In later version of R8, the method may be assumed not reachable.
WARNING: C:\Users\Admin\.gradle\caches\9.5.0\transforms\3bc3e8b59ac242766612a83882366de8\transformed\common-9.9.10-runtime.jar: R8: Expected stack map table for method with non-linear control flow. In later version of R8, the method may be assumed not reachable.
WARNING: C:\Users\Admin\.gradle\caches\9.5.0\transforms\3bc3e8b59ac242766612a83882366de8\transformed\common-9.9.10-runtime.jar: R8: Expected stack map table for method with non-linear control flow. In later version of R8, the method may be assumed not reachable.
WARNING: C:\Users\Admin\.gradle\caches\9.5.0\transforms\3bc3e8b59ac242766612a83882366de8\transformed\common-9.9.10-runtime.jar: R8: Expected stack map table for method with non-linear control flow. In later version of R8, the method may be assumed not reachable.
WARNING: C:\Users\Admin\.gradle\caches\9.5.0\transforms\3bc3e8b59ac242766612a83882366de8\transformed\common-9.9.10-runtime.jar: R8: Expected stack map table for method with non-linear control flow. In later version of R8, the method may be assumed not reachable.
WARNING: C:\Users\Admin\.gradle\caches\9.5.0\transforms\3bc3e8b59ac242766612a83882366de8\transformed\common-9.9.10-runtime.jar: R8: Expected stack map table for method with non-linear control flow. In later version of R8, the method may be assumed not reachable.
WARNING: C:\Users\Admin\.gradle\caches\9.5.0\transforms\3bc3e8b59ac242766612a83882366de8\transformed\common-9.9.10-runtime.jar: R8: Expected stack map table for method with non-linear control flow. In later version of R8, the method may be assumed not reachable.
WARNING: C:\Users\Admin\.gradle\caches\9.5.0\transforms\3bc3e8b59ac242766612a83882366de8\transformed\common-9.9.10-runtime.jar: R8: Expected stack map table for method with non-linear control flow. In later version of R8, the method may be assumed not reachable.
WARNING: C:\Users\Admin\.gradle\caches\9.5.0\transforms\3bc3e8b59ac242766612a83882366de8\transformed\common-9.9.10-runtime.jar: R8: Expected stack map table for method with non-linear control flow. In later version of R8, the method may be assumed not reachable.
WARNING: C:\Users\Admin\.gradle\caches\9.5.0\transforms\3bc3e8b59ac242766612a83882366de8\transformed\common-9.9.10-runtime.jar: R8: Expected stack map table for method with non-linear control flow. In later version of R8, the method may be assumed not reachable.
WARNING: C:\Users\Admin\.gradle\caches\9.5.0\transforms\3bc3e8b59ac242766612a83882366de8\transformed\common-9.9.10-runtime.jar: R8: Expected stack map table for method with non-linear control flow. In later version of R8, the method may be assumed not reachable.
WARNING: C:\Users\Admin\.gradle\caches\9.5.0\transforms\3bc3e8b59ac242766612a83882366de8\transformed\common-9.9.10-runtime.jar: R8: Expected stack map table for method with non-linear control flow. In later version of R8, the method may be assumed not reachable.
WARNING: C:\Users\Admin\.gradle\caches\9.5.0\transforms\3bc3e8b59ac242766612a83882366de8\transformed\common-9.9.10-runtime.jar: R8: Expected stack map table for method with non-linear control flow. In later version of R8, the method may be assumed not reachable.
WARNING: C:\Users\Admin\.gradle\caches\9.5.0\transforms\3bc3e8b59ac242766612a83882366de8\transformed\common-9.9.10-runtime.jar: R8: Expected stack map table for method with non-linear control flow. In later version of R8, the method may be assumed not reachable.
WARNING: C:\Users\Admin\.gradle\caches\9.5.0\transforms\3bc3e8b59ac242766612a83882366de8\transformed\common-9.9.10-runtime.jar: R8: Expected stack map table for method with non-linear control flow. In later version of R8, the method may be assumed not reachable.
WARNING: C:\Users\Admin\.gradle\caches\9.5.0\transforms\3bc3e8b59ac242766612a83882366de8\transformed\common-9.9.10-runtime.jar: R8: Expected stack map table for method with non-linear control flow. In later version of R8, the method may be assumed not reachable.
WARNING: C:\Users\Admin\.gradle\caches\9.5.0\transforms\3bc3e8b59ac242766612a83882366de8\transformed\common-9.9.10-runtime.jar: R8: Expected stack map table for method with non-linear control flow. In later version of R8, the method may be assumed not reachable.
WARNING: C:\Users\Admin\.gradle\caches\9.5.0\transforms\3bc3e8b59ac242766612a83882366de8\transformed\common-9.9.10-runtime.jar: R8: Expected stack map table for method with non-linear control flow. In later version of R8, the method may be assumed not reachable.
WARNING: C:\Users\Admin\.gradle\caches\9.5.0\transforms\3bc3e8b59ac242766612a83882366de8\transformed\common-9.9.10-runtime.jar: R8: Expected stack map table for method with non-linear control flow. In later version of R8, the method may be assumed not reachable.
WARNING: C:\Users\Admin\.gradle\caches\9.5.0\transforms\3bc3e8b59ac242766612a83882366de8\transformed\common-9.9.10-runtime.jar: R8: Expected stack map table for method with non-linear control flow. In later version of R8, the method may be assumed not reachable.
WARNING: C:\Users\Admin\.gradle\caches\9.5.0\transforms\3bc3e8b59ac242766612a83882366de8\transformed\common-9.9.10-runtime.jar: R8: Expected stack map table for method with non-linear control flow. In later version of R8, the method may be assumed not reachable.
WARNING: C:\Users\Admin\.gradle\caches\9.5.0\transforms\3bc3e8b59ac242766612a83882366de8\transformed\common-9.9.10-runtime.jar: R8: Expected stack map table for method with non-linear control flow. In later version of R8, the method may be assumed not reachable.
WARNING: C:\Users\Admin\.gradle\caches\9.5.0\transforms\3bc3e8b59ac242766612a83882366de8\transformed\common-9.9.10-runtime.jar: R8: Expected stack map table for method with non-linear control flow. In later version of R8, the method may be assumed not reachable.
WARNING: C:\Users\Admin\.gradle\caches\9.5.0\transforms\3bc3e8b59ac242766612a83882366de8\transformed\common-9.9.10-runtime.jar: R8: Expected stack map table for method with non-linear control flow. In later version of R8, the method may be assumed not reachable.
WARNING: C:\Users\Admin\.gradle\caches\9.5.0\transforms\3bc3e8b59ac242766612a83882366de8\transformed\common-9.9.10-runtime.jar: R8: Expected stack map table for method with non-linear control flow. In later version of R8, the method may be assumed not reachable.
WARNING: C:\Users\Admin\.gradle\caches\9.5.0\transforms\3bc3e8b59ac242766612a83882366de8\transformed\common-9.9.10-runtime.jar: R8: Expected stack map table for method with non-linear control flow. In later version of R8, the method may be assumed not reachable.
WARNING: C:\Users\Admin\.gradle\caches\9.5.0\transforms\3bc3e8b59ac242766612a83882366de8\transformed\common-9.9.10-runtime.jar: R8: Expected stack map table for method with non-linear control flow. In later version of R8, the method may be assumed not reachable.
WARNING: C:\Users\Admin\.gradle\caches\9.5.0\transforms\3bc3e8b59ac242766612a83882366de8\transformed\common-9.9.10-runtime.jar: R8: Expected stack map table for method with non-linear control flow. In later version of R8, the method may be assumed not reachable.
WARNING: C:\Users\Admin\.gradle\caches\9.5.0\transforms\3bc3e8b59ac242766612a83882366de8\transformed\common-9.9.10-runtime.jar: R8: Expected stack map table for method with non-linear control flow. In later version of R8, the method may be assumed not reachable.
WARNING: C:\Users\Admin\.gradle\caches\9.5.0\transforms\3bc3e8b59ac242766612a83882366de8\transformed\common-9.9.10-runtime.jar: R8: Expected stack map table for method with non-linear control flow. In later version of R8, the method may be assumed not reachable.
WARNING: C:\Users\Admin\.gradle\caches\9.5.0\transforms\3bc3e8b59ac242766612a83882366de8\transformed\common-9.9.10-runtime.jar: R8: Expected stack map table for method with non-linear control flow. In later version of R8, the method may be assumed not reachable.
WARNING: C:\Users\Admin\.gradle\caches\9.5.0\transforms\3bc3e8b59ac242766612a83882366de8\transformed\common-9.9.10-runtime.jar: R8: Expected stack map table for method with non-linear control flow. In later version of R8, the method may be assumed not reachable.
WARNING: C:\Users\Admin\.gradle\caches\9.5.0\transforms\3bc3e8b59ac242766612a83882366de8\transformed\common-9.9.10-runtime.jar: R8: Expected stack map table for method with non-linear control flow. In later version of R8, the method may be assumed not reachable.
WARNING: C:\Users\Admin\.gradle\caches\9.5.0\transforms\3bc3e8b59ac242766612a83882366de8\transformed\common-9.9.10-runtime.jar: R8: Expected stack map table for method with non-linear control flow. In later version of R8, the method may be assumed not reachable.
WARNING: C:\Users\Admin\.gradle\caches\9.5.0\transforms\3bc3e8b59ac242766612a83882366de8\transformed\common-9.9.10-runtime.jar: R8: Expected stack map table for method with non-linear control flow. In later version of R8, the method may be assumed not reachable.
WARNING: C:\Users\Admin\.gradle\caches\9.5.0\transforms\3bc3e8b59ac242766612a83882366de8\transformed\common-9.9.10-runtime.jar: R8: Expected stack map table for method with non-linear control flow. In later version of R8, the method may be assumed not reachable.
WARNING: C:\Users\Admin\.gradle\caches\9.5.0\transforms\3bc3e8b59ac242766612a83882366de8\transformed\common-9.9.10-runtime.jar: R8: Expected stack map table for method with non-linear control flow. In later version of R8, the method may be assumed not reachable.
WARNING: C:\Users\Admin\.gradle\caches\9.5.0\transforms\3bc3e8b59ac242766612a83882366de8\transformed\common-9.9.10-runtime.jar: R8: Expected stack map table for method with non-linear control flow. In later version of R8, the method may be assumed not reachable.
WARNING: C:\Users\Admin\.gradle\caches\9.5.0\transforms\3bc3e8b59ac242766612a83882366de8\transformed\common-9.9.10-runtime.jar: R8: Expected stack map table for method with non-linear control flow. In later version of R8, the method may be assumed not reachable.
WARNING: C:\Users\Admin\.gradle\caches\9.5.0\transforms\3bc3e8b59ac242766612a83882366de8\transformed\common-9.9.10-runtime.jar: R8: Expected stack map table for method with non-linear control flow. In later version of R8, the method may be assumed not reachable.
WARNING: C:\Users\Admin\.gradle\caches\9.5.0\transforms\3bc3e8b59ac242766612a83882366de8\transformed\common-9.9.10-runtime.jar: R8: Expected stack map table for method with non-linear control flow. In later version of R8, the method may be assumed not reachable.
WARNING: C:\Users\Admin\.gradle\caches\9.5.0\transforms\3bc3e8b59ac242766612a83882366de8\transformed\common-9.9.10-runtime.jar: R8: Expected stack map table for method with non-linear control flow. In later version of R8, the method may be assumed not reachable.
WARNING: C:\Users\Admin\.gradle\caches\9.5.0\transforms\3bc3e8b59ac242766612a83882366de8\transformed\common-9.9.10-runtime.jar: R8: Expected stack map table for method with non-linear control flow. In later version of R8, the method may be assumed not reachable.
WARNING: C:\Users\Admin\.gradle\caches\9.5.0\transforms\3bc3e8b59ac242766612a83882366de8\transformed\common-9.9.10-runtime.jar: R8: Expected stack map table for method with non-linear control flow. In later version of R8, the method may be assumed not reachable.
WARNING: C:\Users\Admin\.gradle\caches\9.5.0\transforms\3bc3e8b59ac242766612a83882366de8\transformed\common-9.9.10-runtime.jar: R8: Expected stack map table for method with non-linear control flow. In later version of R8, the method may be assumed not reachable.
WARNING: C:\Users\Admin\.gradle\caches\9.5.0\transforms\3bc3e8b59ac242766612a83882366de8\transformed\common-9.9.10-runtime.jar: R8: Expected stack map table for method with non-linear control flow. In later version of R8, the method may be assumed not reachable.
WARNING: C:\Users\Admin\.gradle\caches\9.5.0\transforms\3bc3e8b59ac242766612a83882366de8\transformed\common-9.9.10-runtime.jar: R8: Expected stack map table for method with non-linear control flow. In later version of R8, the method may be assumed not reachable.
WARNING: C:\Users\Admin\.gradle\caches\9.5.0\transforms\3bc3e8b59ac242766612a83882366de8\transformed\common-9.9.10-runtime.jar: R8: Expected stack map table for method with non-linear control flow. In later version of R8, the method may be assumed not reachable.
WARNING: C:\Users\Admin\.gradle\caches\9.5.0\transforms\3bc3e8b59ac242766612a83882366de8\transformed\common-9.9.10-runtime.jar: R8: Expected stack map table for method with non-linear control flow. In later version of R8, the method may be assumed not reachable.
WARNING: C:\Users\Admin\.gradle\caches\9.5.0\transforms\3bc3e8b59ac242766612a83882366de8\transformed\common-9.9.10-runtime.jar: R8: Expected stack map table for method with non-linear control flow. In later version of R8, the method may be assumed not reachable.
WARNING: C:\Users\Admin\.gradle\caches\9.5.0\transforms\3bc3e8b59ac242766612a83882366de8\transformed\common-9.9.10-runtime.jar: R8: Expected stack map table for method with non-linear control flow. In later version of R8, the method may be assumed not reachable.
WARNING: C:\Users\Admin\.gradle\caches\9.5.0\transforms\3bc3e8b59ac242766612a83882366de8\transformed\common-9.9.10-runtime.jar: R8: Expected stack map table for method with non-linear control flow. In later version of R8, the method may be assumed not reachable.
WARNING: C:\Users\Admin\.gradle\caches\9.5.0\transforms\3bc3e8b59ac242766612a83882366de8\transformed\common-9.9.10-runtime.jar: R8: Expected stack map table for method with non-linear control flow. In later version of R8, the method may be assumed not reachable.
WARNING: C:\Users\Admin\.gradle\caches\9.5.0\transforms\3bc3e8b59ac242766612a83882366de8\transformed\common-9.9.10-runtime.jar: R8: Expected stack map table for method with non-linear control flow. In later version of R8, the method may be assumed not reachable.
WARNING: C:\Users\Admin\.gradle\caches\9.5.0\transforms\3bc3e8b59ac242766612a83882366de8\transformed\common-9.9.10-runtime.jar: R8: Expected stack map table for method with non-linear control flow. In later version of R8, the method may be assumed not reachable.
WARNING: C:\Users\Admin\.gradle\caches\9.5.0\transforms\3bc3e8b59ac242766612a83882366de8\transformed\common-9.9.10-runtime.jar: R8: Expected stack map table for method with non-linear control flow. In later version of R8, the method may be assumed not reachable.
WARNING: C:\Users\Admin\.gradle\caches\9.5.0\transforms\3bc3e8b59ac242766612a83882366de8\transformed\common-9.9.10-runtime.jar: R8: Expected stack map table for method with non-linear control flow. In later version of R8, the method may be assumed not reachable.
WARNING: C:\Users\Admin\.gradle\caches\9.5.0\transforms\3bc3e8b59ac242766612a83882366de8\transformed\common-9.9.10-runtime.jar: R8: Expected stack map table for method with non-linear control flow. In later version of R8, the method may be assumed not reachable.
WARNING: C:\Users\Admin\.gradle\caches\9.5.0\transforms\3bc3e8b59ac242766612a83882366de8\transformed\common-9.9.10-runtime.jar: R8: Expected stack map table for method with non-linear control flow. In later version of R8, the method may be assumed not reachable.
WARNING: C:\Users\Admin\.gradle\caches\9.5.0\transforms\3bc3e8b59ac242766612a83882366de8\transformed\common-9.9.10-runtime.jar: R8: Expected stack map table for method with non-linear control flow. In later version of R8, the method may be assumed not reachable.
WARNING: C:\Users\Admin\.gradle\caches\9.5.0\transforms\3bc3e8b59ac242766612a83882366de8\transformed\common-9.9.10-runtime.jar: R8: Expected stack map table for method with non-linear control flow. In later version of R8, the method may be assumed not reachable.
WARNING: C:\Users\Admin\.gradle\caches\9.5.0\transforms\3bc3e8b59ac242766612a83882366de8\transformed\common-9.9.10-runtime.jar: R8: Expected stack map table for method with non-linear control flow. In later version of R8, the method may be assumed not reachable.
WARNING: C:\Users\Admin\.gradle\caches\9.5.0\transforms\3bc3e8b59ac242766612a83882366de8\transformed\common-9.9.10-runtime.jar: R8: Expected stack map table for method with non-linear control flow. In later version of R8, the method may be assumed not reachable.
WARNING: C:\Users\Admin\.gradle\caches\9.5.0\transforms\3bc3e8b59ac242766612a83882366de8\transformed\common-9.9.10-runtime.jar: R8: Expected stack map table for method with non-linear control flow. In later version of R8, the method may be assumed not reachable.
WARNING: C:\Users\Admin\.gradle\caches\9.5.0\transforms\3bc3e8b59ac242766612a83882366de8\transformed\common-9.9.10-runtime.jar: R8: Expected stack map table for method with non-linear control flow. In later version of R8, the method may be assumed not reachable.
WARNING: C:\Users\Admin\.gradle\caches\9.5.0\transforms\3bc3e8b59ac242766612a83882366de8\transformed\common-9.9.10-runtime.jar: R8: Expected stack map table for method with non-linear control flow. In later version of R8, the method may be assumed not reachable.
WARNING: C:\Users\Admin\.gradle\caches\9.5.0\transforms\3bc3e8b59ac242766612a83882366de8\transformed\common-9.9.10-runtime.jar: R8: Expected stack map table for method with non-linear control flow. In later version of R8, the method may be assumed not reachable.
WARNING: C:\Users\Admin\.gradle\caches\9.5.0\transforms\3bc3e8b59ac242766612a83882366de8\transformed\common-9.9.10-runtime.jar: R8: Expected stack map table for method with non-linear control flow. In later version of R8, the method may be assumed not reachable.
WARNING: C:\Users\Admin\.gradle\caches\9.5.0\transforms\3bc3e8b59ac242766612a83882366de8\transformed\common-9.9.10-runtime.jar: R8: Expected stack map table for method with non-linear control flow. In later version of R8, the method may be assumed not reachable.
WARNING: C:\Users\Admin\.gradle\caches\9.5.0\transforms\3bc3e8b59ac242766612a83882366de8\transformed\common-9.9.10-runtime.jar: R8: Expected stack map table for method with non-linear control flow. In later version of R8, the method may be assumed not reachable.
WARNING: C:\Users\Admin\.gradle\caches\9.5.0\transforms\3bc3e8b59ac242766612a83882366de8\transformed\common-9.9.10-runtime.jar: R8: Expected stack map table for method with non-linear control flow. In later version of R8, the method may be assumed not reachable.
WARNING: C:\Users\Admin\.gradle\caches\9.5.0\transforms\3bc3e8b59ac242766612a83882366de8\transformed\common-9.9.10-runtime.jar: R8: Expected stack map table for method with non-linear control flow. In later version of R8, the method may be assumed not reachable.
WARNING: C:\Users\Admin\.gradle\caches\9.5.0\transforms\3bc3e8b59ac242766612a83882366de8\transformed\common-9.9.10-runtime.jar: R8: Expected stack map table for method with non-linear control flow. In later version of R8, the method may be assumed not reachable.
WARNING: C:\Users\Admin\.gradle\caches\9.5.0\transforms\3bc3e8b59ac242766612a83882366de8\transformed\common-9.9.10-runtime.jar: R8: Expected stack map table for method with non-linear control flow. In later version of R8, the method may be assumed not reachable.
WARNING: C:\Users\Admin\.gradle\caches\9.5.0\transforms\3bc3e8b59ac242766612a83882366de8\transformed\common-9.9.10-runtime.jar: R8: Expected stack map table for method with non-linear control flow. In later version of R8, the method may be assumed not reachable.
WARNING: C:\Users\Admin\.gradle\caches\9.5.0\transforms\3bc3e8b59ac242766612a83882366de8\transformed\common-9.9.10-runtime.jar: R8: Expected stack map table for method with non-linear control flow. In later version of R8, the method may be assumed not reachable.
WARNING: C:\Users\Admin\.gradle\caches\9.5.0\transforms\3bc3e8b59ac242766612a83882366de8\transformed\common-9.9.10-runtime.jar: R8: Expected stack map table for method with non-linear control flow. In later version of R8, the method may be assumed not reachable.
WARNING: C:\Users\Admin\.gradle\caches\9.5.0\transforms\3bc3e8b59ac242766612a83882366de8\transformed\common-9.9.10-runtime.jar: R8: Expected stack map table for method with non-linear control flow. In later version of R8, the method may be assumed not reachable.
WARNING: C:\Users\Admin\.gradle\caches\9.5.0\transforms\3bc3e8b59ac242766612a83882366de8\transformed\common-9.9.10-runtime.jar: R8: Expected stack map table for method with non-linear control flow. In later version of R8, the method may be assumed not reachable.
WARNING: C:\Users\Admin\.gradle\caches\9.5.0\transforms\3bc3e8b59ac242766612a83882366de8\transformed\common-9.9.10-runtime.jar: R8: Expected stack map table for method with non-linear control flow. In later version of R8, the method may be assumed not reachable.
WARNING: C:\Users\Admin\.gradle\caches\9.5.0\transforms\3bc3e8b59ac242766612a83882366de8\transformed\common-9.9.10-runtime.jar: R8: Expected stack map table for method with non-linear control flow. In later version of R8, the method may be assumed not reachable.
WARNING: C:\Users\Admin\.gradle\caches\9.5.0\transforms\3bc3e8b59ac242766612a83882366de8\transformed\common-9.9.10-runtime.jar: R8: Expected stack map table for method with non-linear control flow. In later version of R8, the method may be assumed not reachable.
WARNING: C:\Users\Admin\.gradle\caches\9.5.0\transforms\3bc3e8b59ac242766612a83882366de8\transformed\common-9.9.10-runtime.jar: R8: Expected stack map table for method with non-linear control flow. In later version of R8, the method may be assumed not reachable.
WARNING: C:\Users\Admin\.gradle\caches\9.5.0\transforms\3bc3e8b59ac242766612a83882366de8\transformed\common-9.9.10-runtime.jar: R8: Expected stack map table for method with non-linear control flow. In later version of R8, the method may be assumed not reachable.
WARNING: C:\Users\Admin\.gradle\caches\9.5.0\transforms\3bc3e8b59ac242766612a83882366de8\transformed\common-9.9.10-runtime.jar: R8: Expected stack map table for method with non-linear control flow. In later version of R8, the method may be assumed not reachable.
WARNING: C:\Users\Admin\.gradle\caches\9.5.0\transforms\3bc3e8b59ac242766612a83882366de8\transformed\common-9.9.10-runtime.jar: R8: Expected stack map table for method with non-linear control flow. In later version of R8, the method may be assumed not reachable.
WARNING: C:\Users\Admin\.gradle\caches\9.5.0\transforms\3bc3e8b59ac242766612a83882366de8\transformed\common-9.9.10-runtime.jar: R8: Expected stack map table for method with non-linear control flow. In later version of R8, the method may be assumed not reachable.
WARNING: C:\Users\Admin\.gradle\caches\9.5.0\transforms\3bc3e8b59ac242766612a83882366de8\transformed\common-9.9.10-runtime.jar: R8: Expected stack map table for method with non-linear control flow. In later version of R8, the method may be assumed not reachable.
WARNING: C:\Users\Admin\.gradle\caches\9.5.0\transforms\3bc3e8b59ac242766612a83882366de8\transformed\common-9.9.10-runtime.jar: R8: Expected stack map table for method with non-linear control flow. In later version of R8, the method may be assumed not reachable.
WARNING: C:\Users\Admin\.gradle\caches\9.5.0\transforms\3bc3e8b59ac242766612a83882366de8\transformed\common-9.9.10-runtime.jar: R8: Expected stack map table for method with non-linear control flow. In later version of R8, the method may be assumed not reachable.
WARNING: C:\Users\Admin\.gradle\caches\9.5.0\transforms\3bc3e8b59ac242766612a83882366de8\transformed\common-9.9.10-runtime.jar: R8: Expected stack map table for method with non-linear control flow. In later version of R8, the method may be assumed not reachable.
WARNING: C:\Users\Admin\.gradle\caches\9.5.0\transforms\3bc3e8b59ac242766612a83882366de8\transformed\common-9.9.10-runtime.jar: R8: Expected stack map table for method with non-linear control flow. In later version of R8, the method may be assumed not reachable.
WARNING: C:\Users\Admin\.gradle\caches\9.5.0\transforms\3bc3e8b59ac242766612a83882366de8\transformed\common-9.9.10-runtime.jar: R8: Expected stack map table for method with non-linear control flow. In later version of R8, the method may be assumed not reachable.
WARNING: C:\Users\Admin\.gradle\caches\9.5.0\transforms\3bc3e8b59ac242766612a83882366de8\transformed\common-9.9.10-runtime.jar: R8: Expected stack map table for method with non-linear control flow. In later version of R8, the method may be assumed not reachable.
WARNING: C:\Users\Admin\.gradle\caches\9.5.0\transforms\3bc3e8b59ac242766612a83882366de8\transformed\common-9.9.10-runtime.jar: R8: Expected stack map table for method with non-linear control flow. In later version of R8, the method may be assumed not reachable.
WARNING: C:\Users\Admin\.gradle\caches\9.5.0\transforms\3bc3e8b59ac242766612a83882366de8\transformed\common-9.9.10-runtime.jar: R8: Expected stack map table for method with non-linear control flow. In later version of R8, the method may be assumed not reachable.
WARNING: C:\Users\Admin\.gradle\caches\9.5.0\transforms\3bc3e8b59ac242766612a83882366de8\transformed\common-9.9.10-runtime.jar: R8: Expected stack map table for method with non-linear control flow. In later version of R8, the method may be assumed not reachable.
WARNING: C:\Users\Admin\.gradle\caches\9.5.0\transforms\3bc3e8b59ac242766612a83882366de8\transformed\common-9.9.10-runtime.jar: R8: Expected stack map table for method with non-linear control flow. In later version of R8, the method may be assumed not reachable.
WARNING: C:\Users\Admin\.gradle\caches\9.5.0\transforms\3bc3e8b59ac242766612a83882366de8\transformed\common-9.9.10-runtime.jar: R8: Expected stack map table for method with non-linear control flow. In later version of R8, the method may be assumed not reachable.
WARNING: C:\Users\Admin\.gradle\caches\9.5.0\transforms\3bc3e8b59ac242766612a83882366de8\transformed\common-9.9.10-runtime.jar: R8: Expected stack map table for method with non-linear control flow. In later version of R8, the method may be assumed not reachable.
WARNING: C:\Users\Admin\.gradle\caches\9.5.0\transforms\3bc3e8b59ac242766612a83882366de8\transformed\common-9.9.10-runtime.jar: R8: Expected stack map table for method with non-linear control flow. In later version of R8, the method may be assumed not reachable.
WARNING: C:\Users\Admin\.gradle\caches\9.5.0\transforms\3bc3e8b59ac242766612a83882366de8\transformed\common-9.9.10-runtime.jar: R8: Expected stack map table for method with non-linear control flow. In later version of R8, the method may be assumed not reachable.
WARNING: C:\Users\Admin\.gradle\caches\9.5.0\transforms\3bc3e8b59ac242766612a83882366de8\transformed\common-9.9.10-runtime.jar: R8: Expected stack map table for method with non-linear control flow. In later version of R8, the method may be assumed not reachable.
WARNING: C:\Users\Admin\.gradle\caches\9.5.0\transforms\3bc3e8b59ac242766612a83882366de8\transformed\common-9.9.10-runtime.jar: R8: Expected stack map table for method with non-linear control flow. In later version of R8, the method may be assumed not reachable.
WARNING: C:\Users\Admin\.gradle\caches\9.5.0\transforms\3bc3e8b59ac242766612a83882366de8\transformed\common-9.9.10-runtime.jar: R8: Expected stack map table for method with non-linear control flow. In later version of R8, the method may be assumed not reachable.
WARNING: C:\Users\Admin\.gradle\caches\9.5.0\transforms\3bc3e8b59ac242766612a83882366de8\transformed\common-9.9.10-runtime.jar: R8: Expected stack map table for method with non-linear control flow. In later version of R8, the method may be assumed not reachable.
WARNING: C:\Users\Admin\.gradle\caches\9.5.0\transforms\3bc3e8b59ac242766612a83882366de8\transformed\common-9.9.10-runtime.jar: R8: Expected stack map table for method with non-linear control flow. In later version of R8, the method may be assumed not reachable.
WARNING: C:\Users\Admin\.gradle\caches\9.5.0\transforms\3bc3e8b59ac242766612a83882366de8\transformed\common-9.9.10-runtime.jar: R8: Expected stack map table for method with non-linear control flow. In later version of R8, the method may be assumed not reachable.
WARNING: C:\Users\Admin\.gradle\caches\9.5.0\transforms\3bc3e8b59ac242766612a83882366de8\transformed\common-9.9.10-runtime.jar: R8: Expected stack map table for method with non-linear control flow. In later version of R8, the method may be assumed not reachable.
WARNING: C:\Users\Admin\.gradle\caches\9.5.0\transforms\3bc3e8b59ac242766612a83882366de8\transformed\common-9.9.10-runtime.jar: R8: Expected stack map table for method with non-linear control flow. In later version of R8, the method may be assumed not reachable.
WARNING: C:\Users\Admin\.gradle\caches\9.5.0\transforms\3bc3e8b59ac242766612a83882366de8\transformed\common-9.9.10-runtime.jar: R8: Expected stack map table for method with non-linear control flow. In later version of R8, the method may be assumed not reachable.
WARNING: C:\Users\Admin\.gradle\caches\9.5.0\transforms\3bc3e8b59ac242766612a83882366de8\transformed\common-9.9.10-runtime.jar: R8: Expected stack map table for method with non-linear control flow. In later version of R8, the method may be assumed not reachable.
WARNING: C:\Users\Admin\.gradle\caches\9.5.0\transforms\3bc3e8b59ac242766612a83882366de8\transformed\common-9.9.10-runtime.jar: R8: Expected stack map table for method with non-linear control flow. In later version of R8, the method may be assumed not reachable.
WARNING: C:\Users\Admin\.gradle\caches\9.5.0\transforms\3bc3e8b59ac242766612a83882366de8\transformed\common-9.9.10-runtime.jar: R8: Expected stack map table for method with non-linear control flow. In later version of R8, the method may be assumed not reachable.
WARNING: C:\Users\Admin\.gradle\caches\9.5.0\transforms\3bc3e8b59ac242766612a83882366de8\transformed\common-9.9.10-runtime.jar: R8: Expected stack map table for method with non-linear control flow. In later version of R8, the method may be assumed not reachable.
WARNING: C:\Users\Admin\.gradle\caches\9.5.0\transforms\3bc3e8b59ac242766612a83882366de8\transformed\common-9.9.10-runtime.jar: R8: Expected stack map table for method with non-linear control flow. In later version of R8, the method may be assumed not reachable.
WARNING: C:\Users\Admin\.gradle\caches\9.5.0\transforms\3bc3e8b59ac242766612a83882366de8\transformed\common-9.9.10-runtime.jar: R8: Expected stack map table for method with non-linear control flow. In later version of R8, the method may be assumed not reachable.
WARNING: C:\Users\Admin\.gradle\caches\9.5.0\transforms\3bc3e8b59ac242766612a83882366de8\transformed\common-9.9.10-runtime.jar: R8: Expected stack map table for method with non-linear control flow. In later version of R8, the method may be assumed not reachable.
WARNING: C:\Users\Admin\.gradle\caches\9.5.0\transforms\3bc3e8b59ac242766612a83882366de8\transformed\common-9.9.10-runtime.jar: R8: Expected stack map table for method with non-linear control flow. In later version of R8, the method may be assumed not reachable.
WARNING: C:\Users\Admin\.gradle\caches\9.5.0\transforms\3bc3e8b59ac242766612a83882366de8\transformed\common-9.9.10-runtime.jar: R8: Expected stack map table for method with non-linear control flow. In later version of R8, the method may be assumed not reachable.
WARNING: C:\Users\Admin\.gradle\caches\9.5.0\transforms\3bc3e8b59ac242766612a83882366de8\transformed\common-9.9.10-runtime.jar: R8: Expected stack map table for method with non-linear control flow. In later version of R8, the method may be assumed not reachable.
WARNING: C:\Users\Admin\.gradle\caches\9.5.0\transforms\3bc3e8b59ac242766612a83882366de8\transformed\common-9.9.10-runtime.jar: R8: Expected stack map table for method with non-linear control flow. In later version of R8, the method may be assumed not reachable.
WARNING: C:\Users\Admin\.gradle\caches\9.5.0\transforms\3bc3e8b59ac242766612a83882366de8\transformed\common-9.9.10-runtime.jar: R8: Expected stack map table for method with non-linear control flow. In later version of R8, the method may be assumed not reachable.
WARNING: C:\Users\Admin\.gradle\caches\9.5.0\transforms\3bc3e8b59ac242766612a83882366de8\transformed\common-9.9.10-runtime.jar: R8: Expected stack map table for method with non-linear control flow. In later version of R8, the method may be assumed not reachable.
WARNING: C:\Users\Admin\.gradle\caches\9.5.0\transforms\3bc3e8b59ac242766612a83882366de8\transformed\common-9.9.10-runtime.jar: R8: Expected stack map table for method with non-linear control flow. In later version of R8, the method may be assumed not reachable.
WARNING: C:\Users\Admin\.gradle\caches\9.5.0\transforms\3bc3e8b59ac242766612a83882366de8\transformed\common-9.9.10-runtime.jar: R8: Expected stack map table for method with non-linear control flow. In later version of R8, the method may be assumed not reachable.
WARNING: C:\Users\Admin\.gradle\caches\9.5.0\transforms\3bc3e8b59ac242766612a83882366de8\transformed\common-9.9.10-runtime.jar: R8: Expected stack map table for method with non-linear control flow. In later version of R8, the method may be assumed not reachable.
WARNING: C:\Users\Admin\.gradle\caches\9.5.0\transforms\3bc3e8b59ac242766612a83882366de8\transformed\common-9.9.10-runtime.jar: R8: Expected stack map table for method with non-linear control flow. In later version of R8, the method may be assumed not reachable.
WARNING: C:\Users\Admin\.gradle\caches\9.5.0\transforms\3bc3e8b59ac242766612a83882366de8\transformed\common-9.9.10-runtime.jar: R8: Expected stack map table for method with non-linear control flow. In later version of R8, the method may be assumed not reachable.
WARNING: C:\Users\Admin\.gradle\caches\9.5.0\transforms\3bc3e8b59ac242766612a83882366de8\transformed\common-9.9.10-runtime.jar: R8: Expected stack map table for method with non-linear control flow. In later version of R8, the method may be assumed not reachable.
WARNING: C:\Users\Admin\.gradle\caches\9.5.0\transforms\3bc3e8b59ac242766612a83882366de8\transformed\common-9.9.10-runtime.jar: R8: Expected stack map table for method with non-linear control flow. In later version of R8, the method may be assumed not reachable.
WARNING: C:\Users\Admin\.gradle\caches\9.5.0\transforms\3bc3e8b59ac242766612a83882366de8\transformed\common-9.9.10-runtime.jar: R8: Expected stack map table for method with non-linear control flow. In later version of R8, the method may be assumed not reachable.
WARNING: C:\Users\Admin\.gradle\caches\9.5.0\transforms\3bc3e8b59ac242766612a83882366de8\transformed\common-9.9.10-runtime.jar: R8: Expected stack map table for method with non-linear control flow. In later version of R8, the method may be assumed not reachable.
WARNING: C:\Users\Admin\.gradle\caches\9.5.0\transforms\3bc3e8b59ac242766612a83882366de8\transformed\common-9.9.10-runtime.jar: R8: Expected stack map table for method with non-linear control flow. In later version of R8, the method may be assumed not reachable.
WARNING: C:\Users\Admin\.gradle\caches\9.5.0\transforms\3bc3e8b59ac242766612a83882366de8\transformed\common-9.9.10-runtime.jar: R8: Expected stack map table for method with non-linear control flow. In later version of R8, the method may be assumed not reachable.
WARNING: C:\Users\Admin\.gradle\caches\9.5.0\transforms\3bc3e8b59ac242766612a83882366de8\transformed\common-9.9.10-runtime.jar: R8: Expected stack map table for method with non-linear control flow. In later version of R8, the method may be assumed not reachable.
WARNING: C:\Users\Admin\.gradle\caches\9.5.0\transforms\3bc3e8b59ac242766612a83882366de8\transformed\common-9.9.10-runtime.jar: R8: Expected stack map table for method with non-linear control flow. In later version of R8, the method may be assumed not reachable.
WARNING: C:\Users\Admin\.gradle\caches\9.5.0\transforms\3bc3e8b59ac242766612a83882366de8\transformed\common-9.9.10-runtime.jar: R8: Expected stack map table for method with non-linear control flow. In later version of R8, the method may be assumed not reachable.
WARNING: C:\Users\Admin\.gradle\caches\9.5.0\transforms\3bc3e8b59ac242766612a83882366de8\transformed\common-9.9.10-runtime.jar: R8: Expected stack map table for method with non-linear control flow. In later version of R8, the method may be assumed not reachable.
WARNING: C:\Users\Admin\.gradle\caches\9.5.0\transforms\3bc3e8b59ac242766612a83882366de8\transformed\common-9.9.10-runtime.jar: R8: Expected stack map table for method with non-linear control flow. In later version of R8, the method may be assumed not reachable.
WARNING: C:\Users\Admin\.gradle\caches\9.5.0\transforms\3bc3e8b59ac242766612a83882366de8\transformed\common-9.9.10-runtime.jar: R8: Expected stack map table for method with non-linear control flow. In later version of R8, the method may be assumed not reachable.
WARNING: C:\Users\Admin\.gradle\caches\9.5.0\transforms\3bc3e8b59ac242766612a83882366de8\transformed\common-9.9.10-runtime.jar: R8: Expected stack map table for method with non-linear control flow. In later version of R8, the method may be assumed not reachable.
WARNING: C:\Users\Admin\.gradle\caches\9.5.0\transforms\3bc3e8b59ac242766612a83882366de8\transformed\common-9.9.10-runtime.jar: R8: Expected stack map table for method with non-linear control flow. In later version of R8, the method may be assumed not reachable.
WARNING: C:\Users\Admin\.gradle\caches\9.5.0\transforms\3bc3e8b59ac242766612a83882366de8\transformed\common-9.9.10-runtime.jar: R8: Expected stack map table for method with non-linear control flow. In later version of R8, the method may be assumed not reachable.
WARNING: C:\Users\Admin\.gradle\caches\9.5.0\transforms\3bc3e8b59ac242766612a83882366de8\transformed\common-9.9.10-runtime.jar: R8: Expected stack map table for method with non-linear control flow. In later version of R8, the method may be assumed not reachable.
WARNING: C:\Users\Admin\.gradle\caches\9.5.0\transforms\3bc3e8b59ac242766612a83882366de8\transformed\common-9.9.10-runtime.jar: R8: Expected stack map table for method with non-linear control flow. In later version of R8, the method may be assumed not reachable.
WARNING: C:\Users\Admin\.gradle\caches\9.5.0\transforms\3bc3e8b59ac242766612a83882366de8\transformed\common-9.9.10-runtime.jar: R8: Expected stack map table for method with non-linear control flow. In later version of R8, the method may be assumed not reachable.
WARNING: C:\Users\Admin\.gradle\caches\9.5.0\transforms\3bc3e8b59ac242766612a83882366de8\transformed\common-9.9.10-runtime.jar: R8: Expected stack map table for method with non-linear control flow. In later version of R8, the method may be assumed not reachable.
WARNING: C:\Users\Admin\.gradle\caches\9.5.0\transforms\3bc3e8b59ac242766612a83882366de8\transformed\common-9.9.10-runtime.jar: R8: Expected stack map table for method with non-linear control flow. In later version of R8, the method may be assumed not reachable.
WARNING: C:\Users\Admin\.gradle\caches\9.5.0\transforms\3bc3e8b59ac242766612a83882366de8\transformed\common-9.9.10-runtime.jar: R8: Expected stack map table for method with non-linear control flow. In later version of R8, the method may be assumed not reachable.
WARNING: C:\Users\Admin\.gradle\caches\9.5.0\transforms\3bc3e8b59ac242766612a83882366de8\transformed\common-9.9.10-runtime.jar: R8: Expected stack map table for method with non-linear control flow. In later version of R8, the method may be assumed not reachable.
WARNING: C:\Users\Admin\.gradle\caches\9.5.0\transforms\3bc3e8b59ac242766612a83882366de8\transformed\common-9.9.10-runtime.jar: R8: Expected stack map table for method with non-linear control flow. In later version of R8, the method may be assumed not reachable.
WARNING: C:\Users\Admin\.gradle\caches\9.5.0\transforms\3bc3e8b59ac242766612a83882366de8\transformed\common-9.9.10-runtime.jar: R8: Expected stack map table for method with non-linear control flow. In later version of R8, the method may be assumed not reachable.
WARNING: C:\Users\Admin\.gradle\caches\9.5.0\transforms\3bc3e8b59ac242766612a83882366de8\transformed\common-9.9.10-runtime.jar: R8: Expected stack map table for method with non-linear control flow. In later version of R8, the method may be assumed not reachable.
WARNING: C:\Users\Admin\.gradle\caches\9.5.0\transforms\3bc3e8b59ac242766612a83882366de8\transformed\common-9.9.10-runtime.jar: R8: Expected stack map table for method with non-linear control flow. In later version of R8, the method may be assumed not reachable.
WARNING: C:\Users\Admin\.gradle\caches\9.5.0\transforms\3bc3e8b59ac242766612a83882366de8\transformed\common-9.9.10-runtime.jar: R8: Expected stack map table for method with non-linear control flow. In later version of R8, the method may be assumed not reachable.
WARNING: C:\Users\Admin\.gradle\caches\9.5.0\transforms\3bc3e8b59ac242766612a83882366de8\transformed\common-9.9.10-runtime.jar: R8: Expected stack map table for method with non-linear control flow. In later version of R8, the method may be assumed not reachable.
WARNING: C:\Users\Admin\.gradle\caches\9.5.0\transforms\3bc3e8b59ac242766612a83882366de8\transformed\common-9.9.10-runtime.jar: R8: Expected stack map table for method with non-linear control flow. In later version of R8, the method may be assumed not reachable.
WARNING: C:\Users\Admin\.gradle\caches\9.5.0\transforms\3bc3e8b59ac242766612a83882366de8\transformed\common-9.9.10-runtime.jar: R8: Expected stack map table for method with non-linear control flow. In later version of R8, the method may be assumed not reachable.
WARNING: C:\Users\Admin\.gradle\caches\9.5.0\transforms\3bc3e8b59ac242766612a83882366de8\transformed\common-9.9.10-runtime.jar: R8: Expected stack map table for method with non-linear control flow. In later version of R8, the method may be assumed not reachable.
WARNING: C:\Users\Admin\.gradle\caches\9.5.0\transforms\3bc3e8b59ac242766612a83882366de8\transformed\common-9.9.10-runtime.jar: R8: Expected stack map table for method with non-linear control flow. In later version of R8, the method may be assumed not reachable.
WARNING: C:\Users\Admin\.gradle\caches\9.5.0\transforms\3bc3e8b59ac242766612a83882366de8\transformed\common-9.9.10-runtime.jar: R8: Expected stack map table for method with non-linear control flow. In later version of R8, the method may be assumed not reachable.
WARNING: C:\Users\Admin\.gradle\caches\9.5.0\transforms\3bc3e8b59ac242766612a83882366de8\transformed\common-9.9.10-runtime.jar: R8: Expected stack map table for method with non-linear control flow. In later version of R8, the method may be assumed not reachable.
WARNING: C:\Users\Admin\.gradle\caches\9.5.0\transforms\3bc3e8b59ac242766612a83882366de8\transformed\common-9.9.10-runtime.jar: R8: Expected stack map table for method with non-linear control flow. In later version of R8, the method may be assumed not reachable.
WARNING: C:\Users\Admin\.gradle\caches\9.5.0\transforms\3bc3e8b59ac242766612a83882366de8\transformed\common-9.9.10-runtime.jar: R8: Expected stack map table for method with non-linear control flow. In later version of R8, the method may be assumed not reachable.
WARNING: C:\Users\Admin\.gradle\caches\9.5.0\transforms\3bc3e8b59ac242766612a83882366de8\transformed\common-9.9.10-runtime.jar: R8: Expected stack map table for method with non-linear control flow. In later version of R8, the method may be assumed not reachable.
WARNING: C:\Users\Admin\.gradle\caches\9.5.0\transforms\3bc3e8b59ac242766612a83882366de8\transformed\common-9.9.10-runtime.jar: R8: Expected stack map table for method with non-linear control flow. In later version of R8, the method may be assumed not reachable.
WARNING: C:\Users\Admin\.gradle\caches\9.5.0\transforms\3bc3e8b59ac242766612a83882366de8\transformed\common-9.9.10-runtime.jar: R8: Expected stack map table for method with non-linear control flow. In later version of R8, the method may be assumed not reachable.
WARNING: C:\Users\Admin\.gradle\caches\9.5.0\transforms\3bc3e8b59ac242766612a83882366de8\transformed\common-9.9.10-runtime.jar: R8: Expected stack map table for method with non-linear control flow. In later version of R8, the method may be assumed not reachable.
WARNING: C:\Users\Admin\.gradle\caches\9.5.0\transforms\3bc3e8b59ac242766612a83882366de8\transformed\common-9.9.10-runtime.jar: R8: Expected stack map table for method with non-linear control flow. In later version of R8, the method may be assumed not reachable.
WARNING: C:\Users\Admin\.gradle\caches\9.5.0\transforms\3bc3e8b59ac242766612a83882366de8\transformed\common-9.9.10-runtime.jar: R8: Expected stack map table for method with non-linear control flow. In later version of R8, the method may be assumed not reachable.
WARNING: C:\Users\Admin\.gradle\caches\9.5.0\transforms\3bc3e8b59ac242766612a83882366de8\transformed\common-9.9.10-runtime.jar: R8: Expected stack map table for method with non-linear control flow. In later version of R8, the method may be assumed not reachable.
WARNING: C:\Users\Admin\.gradle\caches\9.5.0\transforms\3bc3e8b59ac242766612a83882366de8\transformed\common-9.9.10-runtime.jar: R8: Expected stack map table for method with non-linear control flow. In later version of R8, the method may be assumed not reachable.
WARNING: C:\Users\Admin\.gradle\caches\9.5.0\transforms\3bc3e8b59ac242766612a83882366de8\transformed\common-9.9.10-runtime.jar: R8: Expected stack map table for method with non-linear control flow. In later version of R8, the method may be assumed not reachable.
WARNING: C:\Users\Admin\.gradle\caches\9.5.0\transforms\3bc3e8b59ac242766612a83882366de8\transformed\common-9.9.10-runtime.jar: R8: Expected stack map table for method with non-linear control flow. In later version of R8, the method may be assumed not reachable.
WARNING: C:\Users\Admin\.gradle\caches\9.5.0\transforms\3bc3e8b59ac242766612a83882366de8\transformed\common-9.9.10-runtime.jar: R8: Expected stack map table for method with non-linear control flow. In later version of R8, the method may be assumed not reachable.
WARNING: C:\Users\Admin\.gradle\caches\9.5.0\transforms\3bc3e8b59ac242766612a83882366de8\transformed\common-9.9.10-runtime.jar: R8: Expected stack map table for method with non-linear control flow. In later version of R8, the method may be assumed not reachable.
WARNING: C:\Users\Admin\.gradle\caches\9.5.0\transforms\3bc3e8b59ac242766612a83882366de8\transformed\common-9.9.10-runtime.jar: R8: Expected stack map table for method with non-linear control flow. In later version of R8, the method may be assumed not reachable.
WARNING: C:\Users\Admin\.gradle\caches\9.5.0\transforms\3bc3e8b59ac242766612a83882366de8\transformed\common-9.9.10-runtime.jar: R8: Expected stack map table for method with non-linear control flow. In later version of R8, the method may be assumed not reachable.
WARNING: C:\Users\Admin\.gradle\caches\9.5.0\transforms\3bc3e8b59ac242766612a83882366de8\transformed\common-9.9.10-runtime.jar: R8: Expected stack map table for method with non-linear control flow. In later version of R8, the method may be assumed not reachable.
WARNING: C:\Users\Admin\.gradle\caches\9.5.0\transforms\3bc3e8b59ac242766612a83882366de8\transformed\common-9.9.10-runtime.jar: R8: Expected stack map table for method with non-linear control flow. In later version of R8, the method may be assumed not reachable.
WARNING: C:\Users\Admin\.gradle\caches\9.5.0\transforms\3bc3e8b59ac242766612a83882366de8\transformed\common-9.9.10-runtime.jar: R8: Expected stack map table for method with non-linear control flow. In later version of R8, the method may be assumed not reachable.
WARNING: C:\Users\Admin\.gradle\caches\9.5.0\transforms\3bc3e8b59ac242766612a83882366de8\transformed\common-9.9.10-runtime.jar: R8: Expected stack map table for method with non-linear control flow. In later version of R8, the method may be assumed not reachable.
WARNING: C:\Users\Admin\.gradle\caches\9.5.0\transforms\3bc3e8b59ac242766612a83882366de8\transformed\common-9.9.10-runtime.jar: R8: Expected stack map table for method with non-linear control flow. In later version of R8, the method may be assumed not reachable.
WARNING: C:\Users\Admin\.gradle\caches\9.5.0\transforms\3bc3e8b59ac242766612a83882366de8\transformed\common-9.9.10-runtime.jar: R8: Expected stack map table for method with non-linear control flow. In later version of R8, the method may be assumed not reachable.
WARNING: C:\Users\Admin\.gradle\caches\9.5.0\transforms\3bc3e8b59ac242766612a83882366de8\transformed\common-9.9.10-runtime.jar: R8: Expected stack map table for method with non-linear control flow. In later version of R8, the method may be assumed not reachable.
WARNING: C:\Users\Admin\.gradle\caches\9.5.0\transforms\3bc3e8b59ac242766612a83882366de8\transformed\common-9.9.10-runtime.jar: R8: Expected stack map table for method with non-linear control flow. In later version of R8, the method may be assumed not reachable.
WARNING: C:\Users\Admin\.gradle\caches\9.5.0\transforms\3bc3e8b59ac242766612a83882366de8\transformed\common-9.9.10-runtime.jar: R8: Expected stack map table for method with non-linear control flow. In later version of R8, the method may be assumed not reachable.
WARNING: C:\Users\Admin\.gradle\caches\9.5.0\transforms\3bc3e8b59ac242766612a83882366de8\transformed\common-9.9.10-runtime.jar: R8: Expected stack map table for method with non-linear control flow. In later version of R8, the method may be assumed not reachable.
WARNING: C:\Users\Admin\.gradle\caches\9.5.0\transforms\3bc3e8b59ac242766612a83882366de8\transformed\common-9.9.10-runtime.jar: R8: Expected stack map table for method with non-linear control flow. In later version of R8, the method may be assumed not reachable.
WARNING: C:\Users\Admin\.gradle\caches\9.5.0\transforms\3bc3e8b59ac242766612a83882366de8\transformed\common-9.9.10-runtime.jar: R8: Expected stack map table for method with non-linear control flow. In later version of R8, the method may be assumed not reachable.
WARNING: C:\Users\Admin\.gradle\caches\9.5.0\transforms\3bc3e8b59ac242766612a83882366de8\transformed\common-9.9.10-runtime.jar: R8: Expected stack map table for method with non-linear control flow. In later version of R8, the method may be assumed not reachable.
WARNING: C:\Users\Admin\.gradle\caches\9.5.0\transforms\3bc3e8b59ac242766612a83882366de8\transformed\common-9.9.10-runtime.jar: R8: Expected stack map table for method with non-linear control flow. In later version of R8, the method may be assumed not reachable.
WARNING: C:\Users\Admin\.gradle\caches\9.5.0\transforms\3bc3e8b59ac242766612a83882366de8\transformed\common-9.9.10-runtime.jar: R8: Expected stack map table for method with non-linear control flow. In later version of R8, the method may be assumed not reachable.
WARNING: C:\Users\Admin\.gradle\caches\9.5.0\transforms\3bc3e8b59ac242766612a83882366de8\transformed\common-9.9.10-runtime.jar: R8: Expected stack map table for method with non-linear control flow. In later version of R8, the method may be assumed not reachable.
WARNING: C:\Users\Admin\.gradle\caches\9.5.0\transforms\3bc3e8b59ac242766612a83882366de8\transformed\common-9.9.10-runtime.jar: R8: Expected stack map table for method with non-linear control flow. In later version of R8, the method may be assumed not reachable.
WARNING: C:\Users\Admin\.gradle\caches\9.5.0\transforms\3bc3e8b59ac242766612a83882366de8\transformed\common-9.9.10-runtime.jar: R8: Expected stack map table for method with non-linear control flow. In later version of R8, the method may be assumed not reachable.
WARNING: C:\Users\Admin\.gradle\caches\9.5.0\transforms\3bc3e8b59ac242766612a83882366de8\transformed\common-9.9.10-runtime.jar: R8: Expected stack map table for method with non-linear control flow. In later version of R8, the method may be assumed not reachable.
WARNING: C:\Users\Admin\.gradle\caches\9.5.0\transforms\3bc3e8b59ac242766612a83882366de8\transformed\common-9.9.10-runtime.jar: R8: Expected stack map table for method with non-linear control flow. In later version of R8, the method may be assumed not reachable.
WARNING: C:\Users\Admin\.gradle\caches\9.5.0\transforms\3bc3e8b59ac242766612a83882366de8\transformed\common-9.9.10-runtime.jar: R8: Expected stack map table for method with non-linear control flow. In later version of R8, the method may be assumed not reachable.
WARNING: C:\Users\Admin\.gradle\caches\9.5.0\transforms\3bc3e8b59ac242766612a83882366de8\transformed\common-9.9.10-runtime.jar: R8: Expected stack map table for method with non-linear control flow. In later version of R8, the method may be assumed not reachable.
WARNING: C:\Users\Admin\.gradle\caches\9.5.0\transforms\3bc3e8b59ac242766612a83882366de8\transformed\common-9.9.10-runtime.jar: R8: Expected stack map table for method with non-linear control flow. In later version of R8, the method may be assumed not reachable.
WARNING: C:\Users\Admin\.gradle\caches\9.5.0\transforms\3bc3e8b59ac242766612a83882366de8\transformed\common-9.9.10-runtime.jar: R8: Expected stack map table for method with non-linear control flow. In later version of R8, the method may be assumed not reachable.
WARNING: C:\Users\Admin\.gradle\caches\9.5.0\transforms\3bc3e8b59ac242766612a83882366de8\transformed\common-9.9.10-runtime.jar: R8: Expected stack map table for method with non-linear control flow. In later version of R8, the method may be assumed not reachable.
WARNING: C:\Users\Admin\.gradle\caches\9.5.0\transforms\3bc3e8b59ac242766612a83882366de8\transformed\common-9.9.10-runtime.jar: R8: Expected stack map table for method with non-linear control flow. In later version of R8, the method may be assumed not reachable.
WARNING: C:\Users\Admin\.gradle\caches\9.5.0\transforms\3bc3e8b59ac242766612a83882366de8\transformed\common-9.9.10-runtime.jar: R8: Expected stack map table for method with non-linear control flow. In later version of R8, the method may be assumed not reachable.
WARNING: C:\Users\Admin\.gradle\caches\9.5.0\transforms\3bc3e8b59ac242766612a83882366de8\transformed\common-9.9.10-runtime.jar: R8: Expected stack map table for method with non-linear control flow. In later version of R8, the method may be assumed not reachable.
WARNING: C:\Users\Admin\.gradle\caches\9.5.0\transforms\3bc3e8b59ac242766612a83882366de8\transformed\common-9.9.10-runtime.jar: R8: Expected stack map table for method with non-linear control flow. In later version of R8, the method may be assumed not reachable.
WARNING: C:\Users\Admin\.gradle\caches\9.5.0\transforms\3bc3e8b59ac242766612a83882366de8\transformed\common-9.9.10-runtime.jar: R8: Expected stack map table for method with non-linear control flow. In later version of R8, the method may be assumed not reachable.
WARNING: C:\Users\Admin\.gradle\caches\9.5.0\transforms\3bc3e8b59ac242766612a83882366de8\transformed\common-9.9.10-runtime.jar: R8: Expected stack map table for method with non-linear control flow. In later version of R8, the method may be assumed not reachable.
WARNING: C:\Users\Admin\.gradle\caches\9.5.0\transforms\3bc3e8b59ac242766612a83882366de8\transformed\common-9.9.10-runtime.jar: R8: Expected stack map table for method with non-linear control flow. In later version of R8, the method may be assumed not reachable.
WARNING: C:\Users\Admin\.gradle\caches\9.5.0\transforms\3bc3e8b59ac242766612a83882366de8\transformed\common-9.9.10-runtime.jar: R8: Expected stack map table for method with non-linear control flow. In later version of R8, the method may be assumed not reachable.
WARNING: C:\Users\Admin\.gradle\caches\9.5.0\transforms\3bc3e8b59ac242766612a83882366de8\transformed\common-9.9.10-runtime.jar: R8: Expected stack map table for method with non-linear control flow. In later version of R8, the method may be assumed not reachable.
WARNING: C:\Users\Admin\.gradle\caches\9.5.0\transforms\3bc3e8b59ac242766612a83882366de8\transformed\common-9.9.10-runtime.jar: R8: Expected stack map table for method with non-linear control flow. In later version of R8, the method may be assumed not reachable.
WARNING: C:\Users\Admin\.gradle\caches\9.5.0\transforms\3bc3e8b59ac242766612a83882366de8\transformed\common-9.9.10-runtime.jar: R8: Expected stack map table for method with non-linear control flow. In later version of R8, the method may be assumed not reachable.
WARNING: C:\Users\Admin\.gradle\caches\9.5.0\transforms\3bc3e8b59ac242766612a83882366de8\transformed\common-9.9.10-runtime.jar: R8: Expected stack map table for method with non-linear control flow. In later version of R8, the method may be assumed not reachable.
WARNING: C:\Users\Admin\.gradle\caches\9.5.0\transforms\3bc3e8b59ac242766612a83882366de8\transformed\common-9.9.10-runtime.jar: R8: Expected stack map table for method with non-linear control flow. In later version of R8, the method may be assumed not reachable.
WARNING: C:\Users\Admin\.gradle\caches\9.5.0\transforms\3bc3e8b59ac242766612a83882366de8\transformed\common-9.9.10-runtime.jar: R8: Expected stack map table for method with non-linear control flow. In later version of R8, the method may be assumed not reachable.
WARNING: C:\Users\Admin\.gradle\caches\9.5.0\transforms\3bc3e8b59ac242766612a83882366de8\transformed\common-9.9.10-runtime.jar: R8: Expected stack map table for method with non-linear control flow. In later version of R8, the method may be assumed not reachable.
WARNING: C:\Users\Admin\.gradle\caches\9.5.0\transforms\3bc3e8b59ac242766612a83882366de8\transformed\common-9.9.10-runtime.jar: R8: Expected stack map table for method with non-linear control flow. In later version of R8, the method may be assumed not reachable.
WARNING: C:\Users\Admin\.gradle\caches\9.5.0\transforms\3bc3e8b59ac242766612a83882366de8\transformed\common-9.9.10-runtime.jar: R8: Expected stack map table for method with non-linear control flow. In later version of R8, the method may be assumed not reachable.
WARNING: C:\Users\Admin\.gradle\caches\9.5.0\transforms\3bc3e8b59ac242766612a83882366de8\transformed\common-9.9.10-runtime.jar: R8: Expected stack map table for method with non-linear control flow. In later version of R8, the method may be assumed not reachable.
WARNING: C:\Users\Admin\.gradle\caches\9.5.0\transforms\3bc3e8b59ac242766612a83882366de8\transformed\common-9.9.10-runtime.jar: R8: Expected stack map table for method with non-linear control flow. In later version of R8, the method may be assumed not reachable.
WARNING: C:\Users\Admin\.gradle\caches\9.5.0\transforms\3bc3e8b59ac242766612a83882366de8\transformed\common-9.9.10-runtime.jar: R8: Expected stack map table for method with non-linear control flow. In later version of R8, the method may be assumed not reachable.
WARNING: C:\Users\Admin\.gradle\caches\9.5.0\transforms\3bc3e8b59ac242766612a83882366de8\transformed\common-9.9.10-runtime.jar: R8: Expected stack map table for method with non-linear control flow. In later version of R8, the method may be assumed not reachable.
WARNING: C:\Users\Admin\.gradle\caches\9.5.0\transforms\3bc3e8b59ac242766612a83882366de8\transformed\common-9.9.10-runtime.jar: R8: Expected stack map table for method with non-linear control flow. In later version of R8, the method may be assumed not reachable.
WARNING: C:\Users\Admin\.gradle\caches\9.5.0\transforms\3bc3e8b59ac242766612a83882366de8\transformed\common-9.9.10-runtime.jar: R8: Expected stack map table for method with non-linear control flow. In later version of R8, the method may be assumed not reachable.
WARNING: C:\Users\Admin\.gradle\caches\9.5.0\transforms\3bc3e8b59ac242766612a83882366de8\transformed\common-9.9.10-runtime.jar: R8: Expected stack map table for method with non-linear control flow. In later version of R8, the method may be assumed not reachable.
WARNING: C:\Users\Admin\.gradle\caches\9.5.0\transforms\3bc3e8b59ac242766612a83882366de8\transformed\common-9.9.10-runtime.jar: R8: Expected stack map table for method with non-linear control flow. In later version of R8, the method may be assumed not reachable.
WARNING: C:\Users\Admin\.gradle\caches\9.5.0\transforms\3bc3e8b59ac242766612a83882366de8\transformed\common-9.9.10-runtime.jar: R8: Expected stack map table for method with non-linear control flow. In later version of R8, the method may be assumed not reachable.
WARNING: C:\Users\Admin\.gradle\caches\9.5.0\transforms\3bc3e8b59ac242766612a83882366de8\transformed\common-9.9.10-runtime.jar: R8: Expected stack map table for method with non-linear control flow. In later version of R8, the method may be assumed not reachable.
WARNING: C:\Users\Admin\.gradle\caches\9.5.0\transforms\3bc3e8b59ac242766612a83882366de8\transformed\common-9.9.10-runtime.jar: R8: Expected stack map table for method with non-linear control flow. In later version of R8, the method may be assumed not reachable.
WARNING: C:\Users\Admin\.gradle\caches\9.5.0\transforms\3bc3e8b59ac242766612a83882366de8\transformed\common-9.9.10-runtime.jar: R8: Expected stack map table for method with non-linear control flow. In later version of R8, the method may be assumed not reachable.
WARNING: C:\Users\Admin\.gradle\caches\9.5.0\transforms\3bc3e8b59ac242766612a83882366de8\transformed\common-9.9.10-runtime.jar: R8: Expected stack map table for method with non-linear control flow. In later version of R8, the method may be assumed not reachable.
WARNING: C:\Users\Admin\.gradle\caches\9.5.0\transforms\3bc3e8b59ac242766612a83882366de8\transformed\common-9.9.10-runtime.jar: R8: Expected stack map table for method with non-linear control flow. In later version of R8, the method may be assumed not reachable.
WARNING: C:\Users\Admin\.gradle\caches\9.5.0\transforms\3bc3e8b59ac242766612a83882366de8\transformed\common-9.9.10-runtime.jar: R8: Expected stack map table for method with non-linear control flow. In later version of R8, the method may be assumed not reachable.
WARNING: C:\Users\Admin\.gradle\caches\9.5.0\transforms\3bc3e8b59ac242766612a83882366de8\transformed\common-9.9.10-runtime.jar: R8: Expected stack map table for method with non-linear control flow. In later version of R8, the method may be assumed not reachable.
WARNING: C:\Users\Admin\.gradle\caches\9.5.0\transforms\3bc3e8b59ac242766612a83882366de8\transformed\common-9.9.10-runtime.jar: R8: Expected stack map table for method with non-linear control flow. In later version of R8, the method may be assumed not reachable.
WARNING: C:\Users\Admin\.gradle\caches\9.5.0\transforms\3bc3e8b59ac242766612a83882366de8\transformed\common-9.9.10-runtime.jar: R8: Expected stack map table for method with non-linear control flow. In later version of R8, the method may be assumed not reachable.
WARNING: C:\Users\Admin\.gradle\caches\9.5.0\transforms\3bc3e8b59ac242766612a83882366de8\transformed\common-9.9.10-runtime.jar: R8: Expected stack map table for method with non-linear control flow. In later version of R8, the method may be assumed not reachable.
WARNING: C:\Users\Admin\.gradle\caches\9.5.0\transforms\3bc3e8b59ac242766612a83882366de8\transformed\common-9.9.10-runtime.jar: R8: Expected stack map table for method with non-linear control flow. In later version of R8, the method may be assumed not reachable.
WARNING: C:\Users\Admin\.gradle\caches\9.5.0\transforms\3bc3e8b59ac242766612a83882366de8\transformed\common-9.9.10-runtime.jar: R8: Expected stack map table for method with non-linear control flow. In later version of R8, the method may be assumed not reachable.
WARNING: C:\Users\Admin\.gradle\caches\9.5.0\transforms\3bc3e8b59ac242766612a83882366de8\transformed\common-9.9.10-runtime.jar: R8: Expected stack map table for method with non-linear control flow. In later version of R8, the method may be assumed not reachable.
WARNING: C:\Users\Admin\.gradle\caches\9.5.0\transforms\3bc3e8b59ac242766612a83882366de8\transformed\common-9.9.10-runtime.jar: R8: Expected stack map table for method with non-linear control flow. In later version of R8, the method may be assumed not reachable.
WARNING: C:\Users\Admin\.gradle\caches\9.5.0\transforms\3bc3e8b59ac242766612a83882366de8\transformed\common-9.9.10-runtime.jar: R8: Expected stack map table for method with non-linear control flow. In later version of R8, the method may be assumed not reachable.
WARNING: C:\Users\Admin\.gradle\caches\9.5.0\transforms\3bc3e8b59ac242766612a83882366de8\transformed\common-9.9.10-runtime.jar: R8: Expected stack map table for method with non-linear control flow. In later version of R8, the method may be assumed not reachable.
WARNING: C:\Users\Admin\.gradle\caches\9.5.0\transforms\3bc3e8b59ac242766612a83882366de8\transformed\common-9.9.10-runtime.jar: R8: Expected stack map table for method with non-linear control flow. In later version of R8, the method may be assumed not reachable.
WARNING: C:\Users\Admin\.gradle\caches\9.5.0\transforms\3bc3e8b59ac242766612a83882366de8\transformed\common-9.9.10-runtime.jar: R8: Expected stack map table for method with non-linear control flow. In later version of R8, the method may be assumed not reachable.
WARNING: C:\Users\Admin\.gradle\caches\9.5.0\transforms\3bc3e8b59ac242766612a83882366de8\transformed\common-9.9.10-runtime.jar: R8: Expected stack map table for method with non-linear control flow. In later version of R8, the method may be assumed not reachable.
WARNING: C:\Users\Admin\.gradle\caches\9.5.0\transforms\3bc3e8b59ac242766612a83882366de8\transformed\common-9.9.10-runtime.jar: R8: Expected stack map table for method with non-linear control flow. In later version of R8, the method may be assumed not reachable.
WARNING: C:\Users\Admin\.gradle\caches\9.5.0\transforms\3bc3e8b59ac242766612a83882366de8\transformed\common-9.9.10-runtime.jar: R8: Expected stack map table for method with non-linear control flow. In later version of R8, the method may be assumed not reachable.
WARNING: C:\Users\Admin\.gradle\caches\9.5.0\transforms\3bc3e8b59ac242766612a83882366de8\transformed\common-9.9.10-runtime.jar: R8: Expected stack map table for method with non-linear control flow. In later version of R8, the method may be assumed not reachable.
WARNING: C:\Users\Admin\.gradle\caches\9.5.0\transforms\3bc3e8b59ac242766612a83882366de8\transformed\common-9.9.10-runtime.jar: R8: Expected stack map table for method with non-linear control flow. In later version of R8, the method may be assumed not reachable.
WARNING: C:\Users\Admin\.gradle\caches\9.5.0\transforms\3bc3e8b59ac242766612a83882366de8\transformed\common-9.9.10-runtime.jar: R8: Expected stack map table for method with non-linear control flow. In later version of R8, the method may be assumed not reachable.
WARNING: C:\Users\Admin\.gradle\caches\9.5.0\transforms\3bc3e8b59ac242766612a83882366de8\transformed\common-9.9.10-runtime.jar: R8: Expected stack map table for method with non-linear control flow. In later version of R8, the method may be assumed not reachable.
WARNING: C:\Users\Admin\.gradle\caches\9.5.0\transforms\3bc3e8b59ac242766612a83882366de8\transformed\common-9.9.10-runtime.jar: R8: Expected stack map table for method with non-linear control flow. In later version of R8, the method may be assumed not reachable.
WARNING: C:\Users\Admin\.gradle\caches\9.5.0\transforms\3bc3e8b59ac242766612a83882366de8\transformed\common-9.9.10-runtime.jar: R8: Expected stack map table for method with non-linear control flow. In later version of R8, the method may be assumed not reachable.
WARNING: C:\Users\Admin\.gradle\caches\9.5.0\transforms\3bc3e8b59ac242766612a83882366de8\transformed\common-9.9.10-runtime.jar: R8: Expected stack map table for method with non-linear control flow. In later version of R8, the method may be assumed not reachable.
WARNING: C:\Users\Admin\.gradle\caches\9.5.0\transforms\3bc3e8b59ac242766612a83882366de8\transformed\common-9.9.10-runtime.jar: R8: Expected stack map table for method with non-linear control flow. In later version of R8, the method may be assumed not reachable.
WARNING: C:\Users\Admin\.gradle\caches\9.5.0\transforms\3bc3e8b59ac242766612a83882366de8\transformed\common-9.9.10-runtime.jar: R8: Expected stack map table for method with non-linear control flow. In later version of R8, the method may be assumed not reachable.
WARNING: C:\Users\Admin\.gradle\caches\9.5.0\transforms\3bc3e8b59ac242766612a83882366de8\transformed\common-9.9.10-runtime.jar: R8: Expected stack map table for method with non-linear control flow. In later version of R8, the method may be assumed not reachable.
WARNING: C:\Users\Admin\.gradle\caches\9.5.0\transforms\3bc3e8b59ac242766612a83882366de8\transformed\common-9.9.10-runtime.jar: R8: Expected stack map table for method with non-linear control flow. In later version of R8, the method may be assumed not reachable.
WARNING: C:\Users\Admin\.gradle\caches\9.5.0\transforms\3bc3e8b59ac242766612a83882366de8\transformed\common-9.9.10-runtime.jar: R8: Expected stack map table for method with non-linear control flow. In later version of R8, the method may be assumed not reachable.
WARNING: C:\Users\Admin\.gradle\caches\9.5.0\transforms\3bc3e8b59ac242766612a83882366de8\transformed\common-9.9.10-runtime.jar: R8: Expected stack map table for method with non-linear control flow. In later version of R8, the method may be assumed not reachable.
WARNING: C:\Users\Admin\.gradle\caches\9.5.0\transforms\3bc3e8b59ac242766612a83882366de8\transformed\common-9.9.10-runtime.jar: R8: Expected stack map table for method with non-linear control flow. In later version of R8, the method may be assumed not reachable.
WARNING: C:\Users\Admin\.gradle\caches\9.5.0\transforms\3bc3e8b59ac242766612a83882366de8\transformed\common-9.9.10-runtime.jar: R8: Expected stack map table for method with non-linear control flow. In later version of R8, the method may be assumed not reachable.
WARNING: C:\Users\Admin\.gradle\caches\9.5.0\transforms\3bc3e8b59ac242766612a83882366de8\transformed\common-9.9.10-runtime.jar: R8: Expected stack map table for method with non-linear control flow. In later version of R8, the method may be assumed not reachable.
WARNING: C:\Users\Admin\.gradle\caches\9.5.0\transforms\3bc3e8b59ac242766612a83882366de8\transformed\common-9.9.10-runtime.jar: R8: Expected stack map table for method with non-linear control flow. In later version of R8, the method may be assumed not reachable.
WARNING: C:\Users\Admin\.gradle\caches\9.5.0\transforms\3bc3e8b59ac242766612a83882366de8\transformed\common-9.9.10-runtime.jar: R8: Expected stack map table for method with non-linear control flow. In later version of R8, the method may be assumed not reachable.
WARNING: C:\Users\Admin\.gradle\caches\9.5.0\transforms\3bc3e8b59ac242766612a83882366de8\transformed\common-9.9.10-runtime.jar: R8: Expected stack map table for method with non-linear control flow. In later version of R8, the method may be assumed not reachable.
WARNING: C:\Users\Admin\.gradle\caches\9.5.0\transforms\3bc3e8b59ac242766612a83882366de8\transformed\common-9.9.10-runtime.jar: R8: Expected stack map table for method with non-linear control flow. In later version of R8, the method may be assumed not reachable.
WARNING: C:\Users\Admin\.gradle\caches\9.5.0\transforms\3bc3e8b59ac242766612a83882366de8\transformed\common-9.9.10-runtime.jar: R8: Expected stack map table for method with non-linear control flow. In later version of R8, the method may be assumed not reachable.
WARNING: C:\Users\Admin\.gradle\caches\9.5.0\transforms\3bc3e8b59ac242766612a83882366de8\transformed\common-9.9.10-runtime.jar: R8: Expected stack map table for method with non-linear control flow. In later version of R8, the method may be assumed not reachable.
WARNING: C:\Users\Admin\.gradle\caches\9.5.0\transforms\3bc3e8b59ac242766612a83882366de8\transformed\common-9.9.10-runtime.jar: R8: Expected stack map table for method with non-linear control flow. In later version of R8, the method may be assumed not reachable.
WARNING: C:\Users\Admin\.gradle\caches\9.5.0\transforms\3bc3e8b59ac242766612a83882366de8\transformed\common-9.9.10-runtime.jar: R8: Expected stack map table for method with non-linear control flow. In later version of R8, the method may be assumed not reachable.
WARNING: C:\Users\Admin\.gradle\caches\9.5.0\transforms\3bc3e8b59ac242766612a83882366de8\transformed\common-9.9.10-runtime.jar: R8: Expected stack map table for method with non-linear control flow. In later version of R8, the method may be assumed not reachable.
WARNING: C:\Users\Admin\.gradle\caches\9.5.0\transforms\3bc3e8b59ac242766612a83882366de8\transformed\common-9.9.10-runtime.jar: R8: Expected stack map table for method with non-linear control flow. In later version of R8, the method may be assumed not reachable.
WARNING: C:\Users\Admin\.gradle\caches\9.5.0\transforms\3bc3e8b59ac242766612a83882366de8\transformed\common-9.9.10-runtime.jar: R8: Expected stack map table for method with non-linear control flow. In later version of R8, the method may be assumed not reachable.
WARNING: C:\Users\Admin\.gradle\caches\9.5.0\transforms\3bc3e8b59ac242766612a83882366de8\transformed\common-9.9.10-runtime.jar: R8: Expected stack map table for method with non-linear control flow. In later version of R8, the method may be assumed not reachable.
WARNING: C:\Users\Admin\.gradle\caches\9.5.0\transforms\3bc3e8b59ac242766612a83882366de8\transformed\common-9.9.10-runtime.jar: R8: Expected stack map table for method with non-linear control flow. In later version of R8, the method may be assumed not reachable.
WARNING: C:\Users\Admin\.gradle\caches\9.5.0\transforms\3bc3e8b59ac242766612a83882366de8\transformed\common-9.9.10-runtime.jar: R8: Expected stack map table for method with non-linear control flow. In later version of R8, the method may be assumed not reachable.
WARNING: C:\Users\Admin\.gradle\caches\9.5.0\transforms\3bc3e8b59ac242766612a83882366de8\transformed\common-9.9.10-runtime.jar: R8: Expected stack map table for method with non-linear control flow. In later version of R8, the method may be assumed not reachable.
WARNING: C:\Users\Admin\.gradle\caches\9.5.0\transforms\3bc3e8b59ac242766612a83882366de8\transformed\common-9.9.10-runtime.jar: R8: Expected stack map table for method with non-linear control flow. In later version of R8, the method may be assumed not reachable.
WARNING: C:\Users\Admin\.gradle\caches\9.5.0\transforms\3bc3e8b59ac242766612a83882366de8\transformed\common-9.9.10-runtime.jar: R8: Expected stack map table for method with non-linear control flow. In later version of R8, the method may be assumed not reachable.
WARNING: C:\Users\Admin\.gradle\caches\9.5.0\transforms\3bc3e8b59ac242766612a83882366de8\transformed\common-9.9.10-runtime.jar: R8: Expected stack map table for method with non-linear control flow. In later version of R8, the method may be assumed not reachable.
WARNING: C:\Users\Admin\.gradle\caches\9.5.0\transforms\3bc3e8b59ac242766612a83882366de8\transformed\common-9.9.10-runtime.jar: R8: Expected stack map table for method with non-linear control flow. In later version of R8, the method may be assumed not reachable.
WARNING: C:\Users\Admin\.gradle\caches\9.5.0\transforms\3bc3e8b59ac242766612a83882366de8\transformed\common-9.9.10-runtime.jar: R8: Expected stack map table for method with non-linear control flow. In later version of R8, the method may be assumed not reachable.
WARNING: C:\Users\Admin\.gradle\caches\9.5.0\transforms\3bc3e8b59ac242766612a83882366de8\transformed\common-9.9.10-runtime.jar: R8: Expected stack map table for method with non-linear control flow. In later version of R8, the method may be assumed not reachable.
WARNING: C:\Users\Admin\.gradle\caches\9.5.0\transforms\3bc3e8b59ac242766612a83882366de8\transformed\common-9.9.10-runtime.jar: R8: Expected stack map table for method with non-linear control flow. In later version of R8, the method may be assumed not reachable.
WARNING: C:\Users\Admin\.gradle\caches\9.5.0\transforms\3bc3e8b59ac242766612a83882366de8\transformed\common-9.9.10-runtime.jar: R8: Expected stack map table for method with non-linear control flow. In later version of R8, the method may be assumed not reachable.
WARNING: C:\Users\Admin\.gradle\caches\9.5.0\transforms\3bc3e8b59ac242766612a83882366de8\transformed\common-9.9.10-runtime.jar: R8: Expected stack map table for method with non-linear control flow. In later version of R8, the method may be assumed not reachable.
WARNING: C:\Users\Admin\.gradle\caches\9.5.0\transforms\3bc3e8b59ac242766612a83882366de8\transformed\common-9.9.10-runtime.jar: R8: Expected stack map table for method with non-linear control flow. In later version of R8, the method may be assumed not reachable.
WARNING: C:\Users\Admin\.gradle\caches\9.5.0\transforms\3bc3e8b59ac242766612a83882366de8\transformed\common-9.9.10-runtime.jar: R8: Expected stack map table for method with non-linear control flow. In later version of R8, the method may be assumed not reachable.
WARNING: C:\Users\Admin\.gradle\caches\9.5.0\transforms\3bc3e8b59ac242766612a83882366de8\transformed\common-9.9.10-runtime.jar: R8: Expected stack map table for method with non-linear control flow. In later version of R8, the method may be assumed not reachable.
WARNING: C:\Users\Admin\.gradle\caches\9.5.0\transforms\3bc3e8b59ac242766612a83882366de8\transformed\common-9.9.10-runtime.jar: R8: Expected stack map table for method with non-linear control flow. In later version of R8, the method may be assumed not reachable.
WARNING: C:\Users\Admin\.gradle\caches\9.5.0\transforms\3bc3e8b59ac242766612a83882366de8\transformed\common-9.9.10-runtime.jar: R8: Expected stack map table for method with non-linear control flow. In later version of R8, the method may be assumed not reachable.
WARNING: C:\Users\Admin\.gradle\caches\9.5.0\transforms\3bc3e8b59ac242766612a83882366de8\transformed\common-9.9.10-runtime.jar: R8: Expected stack map table for method with non-linear control flow. In later version of R8, the method may be assumed not reachable.
WARNING: C:\Users\Admin\.gradle\caches\9.5.0\transforms\3bc3e8b59ac242766612a83882366de8\transformed\common-9.9.10-runtime.jar: R8: Expected stack map table for method with non-linear control flow. In later version of R8, the method may be assumed not reachable.
WARNING: C:\Users\Admin\.gradle\caches\9.5.0\transforms\3bc3e8b59ac242766612a83882366de8\transformed\common-9.9.10-runtime.jar: R8: Expected stack map table for method with non-linear control flow. In later version of R8, the method may be assumed not reachable.
WARNING: C:\Users\Admin\.gradle\caches\9.5.0\transforms\3bc3e8b59ac242766612a83882366de8\transformed\common-9.9.10-runtime.jar: R8: Expected stack map table for method with non-linear control flow. In later version of R8, the method may be assumed not reachable.
WARNING: C:\Users\Admin\.gradle\caches\9.5.0\transforms\3bc3e8b59ac242766612a83882366de8\transformed\common-9.9.10-runtime.jar: R8: Expected stack map table for method with non-linear control flow. In later version of R8, the method may be assumed not reachable.
WARNING: C:\Users\Admin\.gradle\caches\9.5.0\transforms\3bc3e8b59ac242766612a83882366de8\transformed\common-9.9.10-runtime.jar: R8: Expected stack map table for method with non-linear control flow. In later version of R8, the method may be assumed not reachable.
WARNING: C:\Users\Admin\.gradle\caches\9.5.0\transforms\3bc3e8b59ac242766612a83882366de8\transformed\common-9.9.10-runtime.jar: R8: Expected stack map table for method with non-linear control flow. In later version of R8, the method may be assumed not reachable.
WARNING: C:\Users\Admin\.gradle\caches\9.5.0\transforms\3bc3e8b59ac242766612a83882366de8\transformed\common-9.9.10-runtime.jar: R8: Expected stack map table for method with non-linear control flow. In later version of R8, the method may be assumed not reachable.
WARNING: C:\Users\Admin\.gradle\caches\9.5.0\transforms\3bc3e8b59ac242766612a83882366de8\transformed\common-9.9.10-runtime.jar: R8: Expected stack map table for method with non-linear control flow. In later version of R8, the method may be assumed not reachable.
WARNING: C:\Users\Admin\.gradle\caches\9.5.0\transforms\3bc3e8b59ac242766612a83882366de8\transformed\common-9.9.10-runtime.jar: R8: Expected stack map table for method with non-linear control flow. In later version of R8, the method may be assumed not reachable.
WARNING: C:\Users\Admin\.gradle\caches\9.5.0\transforms\3bc3e8b59ac242766612a83882366de8\transformed\common-9.9.10-runtime.jar: R8: Expected stack map table for method with non-linear control flow. In later version of R8, the method may be assumed not reachable.
WARNING: C:\Users\Admin\.gradle\caches\9.5.0\transforms\3bc3e8b59ac242766612a83882366de8\transformed\common-9.9.10-runtime.jar: R8: Expected stack map table for method with non-linear control flow. In later version of R8, the method may be assumed not reachable.
WARNING: C:\Users\Admin\.gradle\caches\9.5.0\transforms\3bc3e8b59ac242766612a83882366de8\transformed\common-9.9.10-runtime.jar: R8: Expected stack map table for method with non-linear control flow. In later version of R8, the method may be assumed not reachable.
WARNING: C:\Users\Admin\.gradle\caches\9.5.0\transforms\3bc3e8b59ac242766612a83882366de8\transformed\common-9.9.10-runtime.jar: R8: Expected stack map table for method with non-linear control flow. In later version of R8, the method may be assumed not reachable.
WARNING: C:\Users\Admin\.gradle\caches\9.5.0\transforms\3bc3e8b59ac242766612a83882366de8\transformed\common-9.9.10-runtime.jar: R8: Expected stack map table for method with non-linear control flow. In later version of R8, the method may be assumed not reachable.
WARNING: C:\Users\Admin\.gradle\caches\9.5.0\transforms\3bc3e8b59ac242766612a83882366de8\transformed\common-9.9.10-runtime.jar: R8: Expected stack map table for method with non-linear control flow. In later version of R8, the method may be assumed not reachable.
WARNING: C:\Users\Admin\.gradle\caches\9.5.0\transforms\3bc3e8b59ac242766612a83882366de8\transformed\common-9.9.10-runtime.jar: R8: Expected stack map table for method with non-linear control flow. In later version of R8, the method may be assumed not reachable.
WARNING: C:\Users\Admin\.gradle\caches\9.5.0\transforms\3bc3e8b59ac242766612a83882366de8\transformed\common-9.9.10-runtime.jar: R8: Expected stack map table for method with non-linear control flow. In later version of R8, the method may be assumed not reachable.
WARNING: C:\Users\Admin\.gradle\caches\9.5.0\transforms\3bc3e8b59ac242766612a83882366de8\transformed\common-9.9.10-runtime.jar: R8: Expected stack map table for method with non-linear control flow. In later version of R8, the method may be assumed not reachable.
WARNING: C:\Users\Admin\.gradle\caches\9.5.0\transforms\3bc3e8b59ac242766612a83882366de8\transformed\common-9.9.10-runtime.jar: R8: Expected stack map table for method with non-linear control flow. In later version of R8, the method may be assumed not reachable.
WARNING: C:\Users\Admin\.gradle\caches\9.5.0\transforms\3bc3e8b59ac242766612a83882366de8\transformed\common-9.9.10-runtime.jar: R8: Expected stack map table for method with non-linear control flow. In later version of R8, the method may be assumed not reachable.
WARNING: C:\Users\Admin\.gradle\caches\9.5.0\transforms\3bc3e8b59ac242766612a83882366de8\transformed\common-9.9.10-runtime.jar: R8: Expected stack map table for method with non-linear control flow. In later version of R8, the method may be assumed not reachable.
WARNING: C:\Users\Admin\.gradle\caches\9.5.0\transforms\3bc3e8b59ac242766612a83882366de8\transformed\common-9.9.10-runtime.jar: R8: Expected stack map table for method with non-linear control flow. In later version of R8, the method may be assumed not reachable.
WARNING: C:\Users\Admin\.gradle\caches\9.5.0\transforms\3bc3e8b59ac242766612a83882366de8\transformed\common-9.9.10-runtime.jar: R8: Expected stack map table for method with non-linear control flow. In later version of R8, the method may be assumed not reachable.
WARNING: C:\Users\Admin\.gradle\caches\9.5.0\transforms\3bc3e8b59ac242766612a83882366de8\transformed\common-9.9.10-runtime.jar: R8: Expected stack map table for method with non-linear control flow. In later version of R8, the method may be assumed not reachable.
WARNING: C:\Users\Admin\.gradle\caches\9.5.0\transforms\3bc3e8b59ac242766612a83882366de8\transformed\common-9.9.10-runtime.jar: R8: Expected stack map table for method with non-linear control flow. In later version of R8, the method may be assumed not reachable.
WARNING: C:\Users\Admin\.gradle\caches\9.5.0\transforms\3bc3e8b59ac242766612a83882366de8\transformed\common-9.9.10-runtime.jar: R8: Expected stack map table for method with non-linear control flow. In later version of R8, the method may be assumed not reachable.
WARNING: C:\Users\Admin\.gradle\caches\9.5.0\transforms\3bc3e8b59ac242766612a83882366de8\transformed\common-9.9.10-runtime.jar: R8: Expected stack map table for method with non-linear control flow. In later version of R8, the method may be assumed not reachable.
WARNING: C:\Users\Admin\.gradle\caches\9.5.0\transforms\3bc3e8b59ac242766612a83882366de8\transformed\common-9.9.10-runtime.jar: R8: Expected stack map table for method with non-linear control flow. In later version of R8, the method may be assumed not reachable.
WARNING: C:\Users\Admin\.gradle\caches\9.5.0\transforms\3bc3e8b59ac242766612a83882366de8\transformed\common-9.9.10-runtime.jar: R8: Expected stack map table for method with non-linear control flow. In later version of R8, the method may be assumed not reachable.
WARNING: C:\Users\Admin\.gradle\caches\9.5.0\transforms\3bc3e8b59ac242766612a83882366de8\transformed\common-9.9.10-runtime.jar: R8: Expected stack map table for method with non-linear control flow. In later version of R8, the method may be assumed not reachable.
WARNING: C:\Users\Admin\.gradle\caches\9.5.0\transforms\3bc3e8b59ac242766612a83882366de8\transformed\common-9.9.10-runtime.jar: R8: Expected stack map table for method with non-linear control flow. In later version of R8, the method may be assumed not reachable.
WARNING: C:\Users\Admin\.gradle\caches\9.5.0\transforms\3bc3e8b59ac242766612a83882366de8\transformed\common-9.9.10-runtime.jar: R8: Expected stack map table for method with non-linear control flow. In later version of R8, the method may be assumed not reachable.
WARNING: C:\Users\Admin\.gradle\caches\9.5.0\transforms\3bc3e8b59ac242766612a83882366de8\transformed\common-9.9.10-runtime.jar: R8: Expected stack map table for method with non-linear control flow. In later version of R8, the method may be assumed not reachable.
WARNING: C:\Users\Admin\.gradle\caches\9.5.0\transforms\3bc3e8b59ac242766612a83882366de8\transformed\common-9.9.10-runtime.jar: R8: Expected stack map table for method with non-linear control flow. In later version of R8, the method may be assumed not reachable.
WARNING: C:\Users\Admin\.gradle\caches\9.5.0\transforms\3bc3e8b59ac242766612a83882366de8\transformed\common-9.9.10-runtime.jar: R8: Expected stack map table for method with non-linear control flow. In later version of R8, the method may be assumed not reachable.
WARNING: C:\Users\Admin\.gradle\caches\9.5.0\transforms\3bc3e8b59ac242766612a83882366de8\transformed\common-9.9.10-runtime.jar: R8: Expected stack map table for method with non-linear control flow. In later version of R8, the method may be assumed not reachable.
WARNING: C:\Users\Admin\.gradle\caches\9.5.0\transforms\3bc3e8b59ac242766612a83882366de8\transformed\common-9.9.10-runtime.jar: R8: Expected stack map table for method with non-linear control flow. In later version of R8, the method may be assumed not reachable.
WARNING: C:\Users\Admin\.gradle\caches\9.5.0\transforms\3bc3e8b59ac242766612a83882366de8\transformed\common-9.9.10-runtime.jar: R8: Expected stack map table for method with non-linear control flow. In later version of R8, the method may be assumed not reachable.
WARNING: C:\Users\Admin\.gradle\caches\9.5.0\transforms\3bc3e8b59ac242766612a83882366de8\transformed\common-9.9.10-runtime.jar: R8: Expected stack map table for method with non-linear control flow. In later version of R8, the method may be assumed not reachable.
WARNING: C:\Users\Admin\.gradle\caches\9.5.0\transforms\3bc3e8b59ac242766612a83882366de8\transformed\common-9.9.10-runtime.jar: R8: Expected stack map table for method with non-linear control flow. In later version of R8, the method may be assumed not reachable.
WARNING: C:\Users\Admin\.gradle\caches\9.5.0\transforms\3bc3e8b59ac242766612a83882366de8\transformed\common-9.9.10-runtime.jar: R8: Expected stack map table for method with non-linear control flow. In later version of R8, the method may be assumed not reachable.
WARNING: C:\Users\Admin\.gradle\caches\9.5.0\transforms\3bc3e8b59ac242766612a83882366de8\transformed\common-9.9.10-runtime.jar: R8: Expected stack map table for method with non-linear control flow. In later version of R8, the method may be assumed not reachable.
WARNING: C:\Users\Admin\.gradle\caches\9.5.0\transforms\3bc3e8b59ac242766612a83882366de8\transformed\common-9.9.10-runtime.jar: R8: Expected stack map table for method with non-linear control flow. In later version of R8, the method may be assumed not reachable.
WARNING: C:\Users\Admin\.gradle\caches\9.5.0\transforms\3bc3e8b59ac242766612a83882366de8\transformed\common-9.9.10-runtime.jar: R8: Expected stack map table for method with non-linear control flow. In later version of R8, the method may be assumed not reachable.
WARNING: C:\Users\Admin\.gradle\caches\9.5.0\transforms\3bc3e8b59ac242766612a83882366de8\transformed\common-9.9.10-runtime.jar: R8: Expected stack map table for method with non-linear control flow. In later version of R8, the method may be assumed not reachable.
WARNING: C:\Users\Admin\.gradle\caches\9.5.0\transforms\3bc3e8b59ac242766612a83882366de8\transformed\common-9.9.10-runtime.jar: R8: Expected stack map table for method with non-linear control flow. In later version of R8, the method may be assumed not reachable.
WARNING: C:\Users\Admin\.gradle\caches\9.5.0\transforms\3bc3e8b59ac242766612a83882366de8\transformed\common-9.9.10-runtime.jar: R8: Expected stack map table for method with non-linear control flow. In later version of R8, the method may be assumed not reachable.
WARNING: C:\Users\Admin\.gradle\caches\9.5.0\transforms\3bc3e8b59ac242766612a83882366de8\transformed\common-9.9.10-runtime.jar: R8: Expected stack map table for method with non-linear control flow. In later version of R8, the method may be assumed not reachable.
WARNING: C:\Users\Admin\.gradle\caches\9.5.0\transforms\3bc3e8b59ac242766612a83882366de8\transformed\common-9.9.10-runtime.jar: R8: Expected stack map table for method with non-linear control flow. In later version of R8, the method may be assumed not reachable.
WARNING: C:\Users\Admin\.gradle\caches\9.5.0\transforms\3bc3e8b59ac242766612a83882366de8\transformed\common-9.9.10-runtime.jar: R8: Expected stack map table for method with non-linear control flow. In later version of R8, the method may be assumed not reachable.
WARNING: C:\Users\Admin\.gradle\caches\9.5.0\transforms\3bc3e8b59ac242766612a83882366de8\transformed\common-9.9.10-runtime.jar: R8: Expected stack map table for method with non-linear control flow. In later version of R8, the method may be assumed not reachable.
WARNING: C:\Users\Admin\.gradle\caches\9.5.0\transforms\3bc3e8b59ac242766612a83882366de8\transformed\common-9.9.10-runtime.jar: R8: Expected stack map table for method with non-linear control flow. In later version of R8, the method may be assumed not reachable.
WARNING: C:\Users\Admin\.gradle\caches\9.5.0\transforms\3bc3e8b59ac242766612a83882366de8\transformed\common-9.9.10-runtime.jar: R8: Expected stack map table for method with non-linear control flow. In later version of R8, the method may be assumed not reachable.
WARNING: C:\Users\Admin\.gradle\caches\9.5.0\transforms\3bc3e8b59ac242766612a83882366de8\transformed\common-9.9.10-runtime.jar: R8: Expected stack map table for method with non-linear control flow. In later version of R8, the method may be assumed not reachable.
WARNING: C:\Users\Admin\.gradle\caches\9.5.0\transforms\3bc3e8b59ac242766612a83882366de8\transformed\common-9.9.10-runtime.jar: R8: Expected stack map table for method with non-linear control flow. In later version of R8, the method may be assumed not reachable.
WARNING: C:\Users\Admin\.gradle\caches\9.5.0\transforms\3bc3e8b59ac242766612a83882366de8\transformed\common-9.9.10-runtime.jar: R8: Expected stack map table for method with non-linear control flow. In later version of R8, the method may be assumed not reachable.
WARNING: C:\Users\Admin\.gradle\caches\9.5.0\transforms\3bc3e8b59ac242766612a83882366de8\transformed\common-9.9.10-runtime.jar: R8: Expected stack map table for method with non-linear control flow. In later version of R8, the method may be assumed not reachable.
WARNING: C:\Users\Admin\.gradle\caches\9.5.0\transforms\3bc3e8b59ac242766612a83882366de8\transformed\common-9.9.10-runtime.jar: R8: Expected stack map table for method with non-linear control flow. In later version of R8, the method may be assumed not reachable.
WARNING: C:\Users\Admin\.gradle\caches\9.5.0\transforms\3bc3e8b59ac242766612a83882366de8\transformed\common-9.9.10-runtime.jar: R8: Expected stack map table for method with non-linear control flow. In later version of R8, the method may be assumed not reachable.
WARNING: C:\Users\Admin\.gradle\caches\9.5.0\transforms\3bc3e8b59ac242766612a83882366de8\transformed\common-9.9.10-runtime.jar: R8: Expected stack map table for method with non-linear control flow. In later version of R8, the method may be assumed not reachable.
WARNING: C:\Users\Admin\.gradle\caches\9.5.0\transforms\3bc3e8b59ac242766612a83882366de8\transformed\common-9.9.10-runtime.jar: R8: Expected stack map table for method with non-linear control flow. In later version of R8, the method may be assumed not reachable.
WARNING: C:\Users\Admin\.gradle\caches\9.5.0\transforms\3bc3e8b59ac242766612a83882366de8\transformed\common-9.9.10-runtime.jar: R8: Expected stack map table for method with non-linear control flow. In later version of R8, the method may be assumed not reachable.
WARNING: C:\Users\Admin\.gradle\caches\9.5.0\transforms\3bc3e8b59ac242766612a83882366de8\transformed\common-9.9.10-runtime.jar: R8: Expected stack map table for method with non-linear control flow. In later version of R8, the method may be assumed not reachable.
WARNING: C:\Users\Admin\.gradle\caches\9.5.0\transforms\3bc3e8b59ac242766612a83882366de8\transformed\common-9.9.10-runtime.jar: R8: Expected stack map table for method with non-linear control flow. In later version of R8, the method may be assumed not reachable.
WARNING: C:\Users\Admin\.gradle\caches\9.5.0\transforms\3bc3e8b59ac242766612a83882366de8\transformed\common-9.9.10-runtime.jar: R8: Expected stack map table for method with non-linear control flow. In later version of R8, the method may be assumed not reachable.
WARNING: C:\Users\Admin\.gradle\caches\9.5.0\transforms\3bc3e8b59ac242766612a83882366de8\transformed\common-9.9.10-runtime.jar: R8: Expected stack map table for method with non-linear control flow. In later version of R8, the method may be assumed not reachable.
WARNING: C:\Users\Admin\.gradle\caches\9.5.0\transforms\3bc3e8b59ac242766612a83882366de8\transformed\common-9.9.10-runtime.jar: R8: Expected stack map table for method with non-linear control flow. In later version of R8, the method may be assumed not reachable.
WARNING: C:\Users\Admin\.gradle\caches\9.5.0\transforms\3bc3e8b59ac242766612a83882366de8\transformed\common-9.9.10-runtime.jar: R8: Expected stack map table for method with non-linear control flow. In later version of R8, the method may be assumed not reachable.
WARNING: C:\Users\Admin\.gradle\caches\9.5.0\transforms\3bc3e8b59ac242766612a83882366de8\transformed\common-9.9.10-runtime.jar: R8: Expected stack map table for method with non-linear control flow. In later version of R8, the method may be assumed not reachable.
WARNING: C:\Users\Admin\.gradle\caches\9.5.0\transforms\3bc3e8b59ac242766612a83882366de8\transformed\common-9.9.10-runtime.jar: R8: Expected stack map table for method with non-linear control flow. In later version of R8, the method may be assumed not reachable.
WARNING: C:\Users\Admin\.gradle\caches\9.5.0\transforms\3bc3e8b59ac242766612a83882366de8\transformed\common-9.9.10-runtime.jar: R8: Expected stack map table for method with non-linear control flow. In later version of R8, the method may be assumed not reachable.
WARNING: C:\Users\Admin\.gradle\caches\9.5.0\transforms\3bc3e8b59ac242766612a83882366de8\transformed\common-9.9.10-runtime.jar: R8: Expected stack map table for method with non-linear control flow. In later version of R8, the method may be assumed not reachable.
WARNING: C:\Users\Admin\.gradle\caches\9.5.0\transforms\3bc3e8b59ac242766612a83882366de8\transformed\common-9.9.10-runtime.jar: R8: Expected stack map table for method with non-linear control flow. In later version of R8, the method may be assumed not reachable.
WARNING: C:\Users\Admin\.gradle\caches\9.5.0\transforms\3bc3e8b59ac242766612a83882366de8\transformed\common-9.9.10-runtime.jar: R8: Expected stack map table for method with non-linear control flow. In later version of R8, the method may be assumed not reachable.
WARNING: C:\Users\Admin\.gradle\caches\9.5.0\transforms\3bc3e8b59ac242766612a83882366de8\transformed\common-9.9.10-runtime.jar: R8: Expected stack map table for method with non-linear control flow. In later version of R8, the method may be assumed not reachable.
WARNING: C:\Users\Admin\.gradle\caches\9.5.0\transforms\3bc3e8b59ac242766612a83882366de8\transformed\common-9.9.10-runtime.jar: R8: Expected stack map table for method with non-linear control flow. In later version of R8, the method may be assumed not reachable.
WARNING: C:\Users\Admin\.gradle\caches\9.5.0\transforms\3bc3e8b59ac242766612a83882366de8\transformed\common-9.9.10-runtime.jar: R8: Expected stack map table for method with non-linear control flow. In later version of R8, the method may be assumed not reachable.
WARNING: C:\Users\Admin\.gradle\caches\9.5.0\transforms\3bc3e8b59ac242766612a83882366de8\transformed\common-9.9.10-runtime.jar: R8: Expected stack map table for method with non-linear control flow. In later version of R8, the method may be assumed not reachable.
WARNING: C:\Users\Admin\.gradle\caches\9.5.0\transforms\3bc3e8b59ac242766612a83882366de8\transformed\common-9.9.10-runtime.jar: R8: Expected stack map table for method with non-linear control flow. In later version of R8, the method may be assumed not reachable.
WARNING: C:\Users\Admin\.gradle\caches\9.5.0\transforms\3bc3e8b59ac242766612a83882366de8\transformed\common-9.9.10-runtime.jar: R8: Expected stack map table for method with non-linear control flow. In later version of R8, the method may be assumed not reachable.
WARNING: C:\Users\Admin\.gradle\caches\9.5.0\transforms\3bc3e8b59ac242766612a83882366de8\transformed\common-9.9.10-runtime.jar: R8: Expected stack map table for method with non-linear control flow. In later version of R8, the method may be assumed not reachable.
WARNING: C:\Users\Admin\.gradle\caches\9.5.0\transforms\3bc3e8b59ac242766612a83882366de8\transformed\common-9.9.10-runtime.jar: R8: Expected stack map table for method with non-linear control flow. In later version of R8, the method may be assumed not reachable.
WARNING: C:\Users\Admin\.gradle\caches\9.5.0\transforms\3bc3e8b59ac242766612a83882366de8\transformed\common-9.9.10-runtime.jar: R8: Expected stack map table for method with non-linear control flow. In later version of R8, the method may be assumed not reachable.
WARNING: C:\Users\Admin\.gradle\caches\9.5.0\transforms\3bc3e8b59ac242766612a83882366de8\transformed\common-9.9.10-runtime.jar: R8: Expected stack map table for method with non-linear control flow. In later version of R8, the method may be assumed not reachable.
WARNING: C:\Users\Admin\.gradle\caches\9.5.0\transforms\3bc3e8b59ac242766612a83882366de8\transformed\common-9.9.10-runtime.jar: R8: Expected stack map table for method with non-linear control flow. In later version of R8, the method may be assumed not reachable.
WARNING: C:\Users\Admin\.gradle\caches\9.5.0\transforms\3bc3e8b59ac242766612a83882366de8\transformed\common-9.9.10-runtime.jar: R8: Expected stack map table for method with non-linear control flow. In later version of R8, the method may be assumed not reachable.
WARNING: C:\Users\Admin\.gradle\caches\9.5.0\transforms\3bc3e8b59ac242766612a83882366de8\transformed\common-9.9.10-runtime.jar: R8: Expected stack map table for method with non-linear control flow. In later version of R8, the method may be assumed not reachable.
WARNING: C:\Users\Admin\.gradle\caches\9.5.0\transforms\3bc3e8b59ac242766612a83882366de8\transformed\common-9.9.10-runtime.jar: R8: Expected stack map table for method with non-linear control flow. In later version of R8, the method may be assumed not reachable.
WARNING: C:\Users\Admin\.gradle\caches\9.5.0\transforms\3bc3e8b59ac242766612a83882366de8\transformed\common-9.9.10-runtime.jar: R8: Expected stack map table for method with non-linear control flow. In later version of R8, the method may be assumed not reachable.
WARNING: C:\Users\Admin\.gradle\caches\9.5.0\transforms\3bc3e8b59ac242766612a83882366de8\transformed\common-9.9.10-runtime.jar: R8: Expected stack map table for method with non-linear control flow. In later version of R8, the method may be assumed not reachable.
WARNING: C:\Users\Admin\.gradle\caches\9.5.0\transforms\3bc3e8b59ac242766612a83882366de8\transformed\common-9.9.10-runtime.jar: R8: Expected stack map table for method with non-linear control flow. In later version of R8, the method may be assumed not reachable.
WARNING: C:\Users\Admin\.gradle\caches\9.5.0\transforms\3bc3e8b59ac242766612a83882366de8\transformed\common-9.9.10-runtime.jar: R8: Expected stack map table for method with non-linear control flow. In later version of R8, the method may be assumed not reachable.
WARNING: C:\Users\Admin\.gradle\caches\9.5.0\transforms\3bc3e8b59ac242766612a83882366de8\transformed\common-9.9.10-runtime.jar: R8: Expected stack map table for method with non-linear control flow. In later version of R8, the method may be assumed not reachable.
WARNING: C:\Users\Admin\.gradle\caches\9.5.0\transforms\3bc3e8b59ac242766612a83882366de8\transformed\common-9.9.10-runtime.jar: R8: Expected stack map table for method with non-linear control flow. In later version of R8, the method may be assumed not reachable.
WARNING: C:\Users\Admin\.gradle\caches\9.5.0\transforms\3bc3e8b59ac242766612a83882366de8\transformed\common-9.9.10-runtime.jar: R8: Expected stack map table for method with non-linear control flow. In later version of R8, the method may be assumed not reachable.
WARNING: C:\Users\Admin\.gradle\caches\9.5.0\transforms\3bc3e8b59ac242766612a83882366de8\transformed\common-9.9.10-runtime.jar: R8: Expected stack map table for method with non-linear control flow. In later version of R8, the method may be assumed not reachable.
WARNING: C:\Users\Admin\.gradle\caches\9.5.0\transforms\3bc3e8b59ac242766612a83882366de8\transformed\common-9.9.10-runtime.jar: R8: Expected stack map table for method with non-linear control flow. In later version of R8, the method may be assumed not reachable.
WARNING: C:\Users\Admin\.gradle\caches\9.5.0\transforms\3bc3e8b59ac242766612a83882366de8\transformed\common-9.9.10-runtime.jar: R8: Expected stack map table for method with non-linear control flow. In later version of R8, the method may be assumed not reachable.
WARNING: C:\Users\Admin\.gradle\caches\9.5.0\transforms\3bc3e8b59ac242766612a83882366de8\transformed\common-9.9.10-runtime.jar: R8: Expected stack map table for method with non-linear control flow. In later version of R8, the method may be assumed not reachable.
WARNING: C:\Users\Admin\.gradle\caches\9.5.0\transforms\3bc3e8b59ac242766612a83882366de8\transformed\common-9.9.10-runtime.jar: R8: Expected stack map table for method with non-linear control flow. In later version of R8, the method may be assumed not reachable.
WARNING: C:\Users\Admin\.gradle\caches\9.5.0\transforms\3bc3e8b59ac242766612a83882366de8\transformed\common-9.9.10-runtime.jar: R8: Expected stack map table for method with non-linear control flow. In later version of R8, the method may be assumed not reachable.
WARNING: C:\Users\Admin\.gradle\caches\9.5.0\transforms\3bc3e8b59ac242766612a83882366de8\transformed\common-9.9.10-runtime.jar: R8: Expected stack map table for method with non-linear control flow. In later version of R8, the method may be assumed not reachable.
WARNING: C:\Users\Admin\.gradle\caches\9.5.0\transforms\3bc3e8b59ac242766612a83882366de8\transformed\common-9.9.10-runtime.jar: R8: Expected stack map table for method with non-linear control flow. In later version of R8, the method may be assumed not reachable.
WARNING: C:\Users\Admin\.gradle\caches\9.5.0\transforms\3bc3e8b59ac242766612a83882366de8\transformed\common-9.9.10-runtime.jar: R8: Expected stack map table for method with non-linear control flow. In later version of R8, the method may be assumed not reachable.
WARNING: C:\Users\Admin\.gradle\caches\9.5.0\transforms\3bc3e8b59ac242766612a83882366de8\transformed\common-9.9.10-runtime.jar: R8: Expected stack map table for method with non-linear control flow. In later version of R8, the method may be assumed not reachable.
WARNING: C:\Users\Admin\.gradle\caches\9.5.0\transforms\3bc3e8b59ac242766612a83882366de8\transformed\common-9.9.10-runtime.jar: R8: Expected stack map table for method with non-linear control flow. In later version of R8, the method may be assumed not reachable.
WARNING: C:\Users\Admin\.gradle\caches\9.5.0\transforms\3bc3e8b59ac242766612a83882366de8\transformed\common-9.9.10-runtime.jar: R8: Expected stack map table for method with non-linear control flow. In later version of R8, the method may be assumed not reachable.
WARNING: C:\Users\Admin\.gradle\caches\9.5.0\transforms\3bc3e8b59ac242766612a83882366de8\transformed\common-9.9.10-runtime.jar: R8: Expected stack map table for method with non-linear control flow. In later version of R8, the method may be assumed not reachable.
WARNING: C:\Users\Admin\.gradle\caches\9.5.0\transforms\3bc3e8b59ac242766612a83882366de8\transformed\common-9.9.10-runtime.jar: R8: Expected stack map table for method with non-linear control flow. In later version of R8, the method may be assumed not reachable.
WARNING: C:\Users\Admin\.gradle\caches\9.5.0\transforms\3bc3e8b59ac242766612a83882366de8\transformed\common-9.9.10-runtime.jar: R8: Expected stack map table for method with non-linear control flow. In later version of R8, the method may be assumed not reachable.
WARNING: C:\Users\Admin\.gradle\caches\9.5.0\transforms\3bc3e8b59ac242766612a83882366de8\transformed\common-9.9.10-runtime.jar: R8: Expected stack map table for method with non-linear control flow. In later version of R8, the method may be assumed not reachable.
WARNING: C:\Users\Admin\.gradle\caches\9.5.0\transforms\3bc3e8b59ac242766612a83882366de8\transformed\common-9.9.10-runtime.jar: R8: Expected stack map table for method with non-linear control flow. In later version of R8, the method may be assumed not reachable.
WARNING: C:\Users\Admin\.gradle\caches\9.5.0\transforms\3bc3e8b59ac242766612a83882366de8\transformed\common-9.9.10-runtime.jar: R8: Expected stack map table for method with non-linear control flow. In later version of R8, the method may be assumed not reachable.
WARNING: C:\Users\Admin\.gradle\caches\9.5.0\transforms\3bc3e8b59ac242766612a83882366de8\transformed\common-9.9.10-runtime.jar: R8: Expected stack map table for method with non-linear control flow. In later version of R8, the method may be assumed not reachable.
WARNING: C:\Users\Admin\.gradle\caches\9.5.0\transforms\3bc3e8b59ac242766612a83882366de8\transformed\common-9.9.10-runtime.jar: R8: Expected stack map table for method with non-linear control flow. In later version of R8, the method may be assumed not reachable.
WARNING: C:\Users\Admin\.gradle\caches\9.5.0\transforms\3bc3e8b59ac242766612a83882366de8\transformed\common-9.9.10-runtime.jar: R8: Expected stack map table for method with non-linear control flow. In later version of R8, the method may be assumed not reachable.
WARNING: C:\Users\Admin\.gradle\caches\9.5.0\transforms\3bc3e8b59ac242766612a83882366de8\transformed\common-9.9.10-runtime.jar: R8: Expected stack map table for method with non-linear control flow. In later version of R8, the method may be assumed not reachable.
WARNING: C:\Users\Admin\.gradle\caches\9.5.0\transforms\3bc3e8b59ac242766612a83882366de8\transformed\common-9.9.10-runtime.jar: R8: Expected stack map table for method with non-linear control flow. In later version of R8, the method may be assumed not reachable.
WARNING: C:\Users\Admin\.gradle\caches\9.5.0\transforms\3bc3e8b59ac242766612a83882366de8\transformed\common-9.9.10-runtime.jar: R8: Expected stack map table for method with non-linear control flow. In later version of R8, the method may be assumed not reachable.
WARNING: C:\Users\Admin\.gradle\caches\9.5.0\transforms\3bc3e8b59ac242766612a83882366de8\transformed\common-9.9.10-runtime.jar: R8: Expected stack map table for method with non-linear control flow. In later version of R8, the method may be assumed not reachable.
WARNING: C:\Users\Admin\.gradle\caches\9.5.0\transforms\3bc3e8b59ac242766612a83882366de8\transformed\common-9.9.10-runtime.jar: R8: Expected stack map table for method with non-linear control flow. In later version of R8, the method may be assumed not reachable.
WARNING: C:\Users\Admin\.gradle\caches\9.5.0\transforms\3bc3e8b59ac242766612a83882366de8\transformed\common-9.9.10-runtime.jar: R8: Expected stack map table for method with non-linear control flow. In later version of R8, the method may be assumed not reachable.
WARNING: C:\Users\Admin\.gradle\caches\9.5.0\transforms\3bc3e8b59ac242766612a83882366de8\transformed\common-9.9.10-runtime.jar: R8: Expected stack map table for method with non-linear control flow. In later version of R8, the method may be assumed not reachable.
WARNING: C:\Users\Admin\.gradle\caches\9.5.0\transforms\3bc3e8b59ac242766612a83882366de8\transformed\common-9.9.10-runtime.jar: R8: Expected stack map table for method with non-linear control flow. In later version of R8, the method may be assumed not reachable.
WARNING: C:\Users\Admin\.gradle\caches\9.5.0\transforms\3bc3e8b59ac242766612a83882366de8\transformed\common-9.9.10-runtime.jar: R8: Expected stack map table for method with non-linear control flow. In later version of R8, the method may be assumed not reachable.
WARNING: C:\Users\Admin\.gradle\caches\9.5.0\transforms\3bc3e8b59ac242766612a83882366de8\transformed\common-9.9.10-runtime.jar: R8: Expected stack map table for method with non-linear control flow. In later version of R8, the method may be assumed not reachable.
WARNING: C:\Users\Admin\.gradle\caches\9.5.0\transforms\3bc3e8b59ac242766612a83882366de8\transformed\common-9.9.10-runtime.jar: R8: Expected stack map table for method with non-linear control flow. In later version of R8, the method may be assumed not reachable.
WARNING: C:\Users\Admin\.gradle\caches\9.5.0\transforms\3bc3e8b59ac242766612a83882366de8\transformed\common-9.9.10-runtime.jar: R8: Expected stack map table for method with non-linear control flow. In later version of R8, the method may be assumed not reachable.
WARNING: C:\Users\Admin\.gradle\caches\9.5.0\transforms\3bc3e8b59ac242766612a83882366de8\transformed\common-9.9.10-runtime.jar: R8: Expected stack map table for method with non-linear control flow. In later version of R8, the method may be assumed not reachable.
WARNING: C:\Users\Admin\.gradle\caches\9.5.0\transforms\3bc3e8b59ac242766612a83882366de8\transformed\common-9.9.10-runtime.jar: R8: Expected stack map table for method with non-linear control flow. In later version of R8, the method may be assumed not reachable.
WARNING: C:\Users\Admin\.gradle\caches\9.5.0\transforms\3bc3e8b59ac242766612a83882366de8\transformed\common-9.9.10-runtime.jar: R8: Expected stack map table for method with non-linear control flow. In later version of R8, the method may be assumed not reachable.
WARNING: C:\Users\Admin\.gradle\caches\9.5.0\transforms\3bc3e8b59ac242766612a83882366de8\transformed\common-9.9.10-runtime.jar: R8: Expected stack map table for method with non-linear control flow. In later version of R8, the method may be assumed not reachable.
WARNING: C:\Users\Admin\.gradle\caches\9.5.0\transforms\3bc3e8b59ac242766612a83882366de8\transformed\common-9.9.10-runtime.jar: R8: Expected stack map table for method with non-linear control flow. In later version of R8, the method may be assumed not reachable.
WARNING: C:\Users\Admin\.gradle\caches\9.5.0\transforms\3bc3e8b59ac242766612a83882366de8\transformed\common-9.9.10-runtime.jar: R8: Expected stack map table for method with non-linear control flow. In later version of R8, the method may be assumed not reachable.
WARNING: C:\Users\Admin\.gradle\caches\9.5.0\transforms\3bc3e8b59ac242766612a83882366de8\transformed\common-9.9.10-runtime.jar: R8: Expected stack map table for method with non-linear control flow. In later version of R8, the method may be assumed not reachable.
WARNING: C:\Users\Admin\.gradle\caches\9.5.0\transforms\3bc3e8b59ac242766612a83882366de8\transformed\common-9.9.10-runtime.jar: R8: Expected stack map table for method with non-linear control flow. In later version of R8, the method may be assumed not reachable.
WARNING: C:\Users\Admin\.gradle\caches\9.5.0\transforms\3bc3e8b59ac242766612a83882366de8\transformed\common-9.9.10-runtime.jar: R8: Expected stack map table for method with non-linear control flow. In later version of R8, the method may be assumed not reachable.
WARNING: C:\Users\Admin\.gradle\caches\9.5.0\transforms\3bc3e8b59ac242766612a83882366de8\transformed\common-9.9.10-runtime.jar: R8: Expected stack map table for method with non-linear control flow. In later version of R8, the method may be assumed not reachable.
WARNING: C:\Users\Admin\.gradle\caches\9.5.0\transforms\3bc3e8b59ac242766612a83882366de8\transformed\common-9.9.10-runtime.jar: R8: Expected stack map table for method with non-linear control flow. In later version of R8, the method may be assumed not reachable.
WARNING: C:\Users\Admin\.gradle\caches\9.5.0\transforms\3bc3e8b59ac242766612a83882366de8\transformed\common-9.9.10-runtime.jar: R8: Expected stack map table for method with non-linear control flow. In later version of R8, the method may be assumed not reachable.
WARNING: C:\Users\Admin\.gradle\caches\9.5.0\transforms\3bc3e8b59ac242766612a83882366de8\transformed\common-9.9.10-runtime.jar: R8: Expected stack map table for method with non-linear control flow. In later version of R8, the method may be assumed not reachable.
WARNING: C:\Users\Admin\.gradle\caches\9.5.0\transforms\3bc3e8b59ac242766612a83882366de8\transformed\common-9.9.10-runtime.jar: R8: Expected stack map table for method with non-linear control flow. In later version of R8, the method may be assumed not reachable.
WARNING: C:\Users\Admin\.gradle\caches\9.5.0\transforms\3bc3e8b59ac242766612a83882366de8\transformed\common-9.9.10-runtime.jar: R8: Expected stack map table for method with non-linear control flow. In later version of R8, the method may be assumed not reachable.
WARNING: C:\Users\Admin\.gradle\caches\9.5.0\transforms\3bc3e8b59ac242766612a83882366de8\transformed\common-9.9.10-runtime.jar: R8: Expected stack map table for method with non-linear control flow. In later version of R8, the method may be assumed not reachable.
WARNING: C:\Users\Admin\.gradle\caches\9.5.0\transforms\3bc3e8b59ac242766612a83882366de8\transformed\common-9.9.10-runtime.jar: R8: Expected stack map table for method with non-linear control flow. In later version of R8, the method may be assumed not reachable.
WARNING: C:\Users\Admin\.gradle\caches\9.5.0\transforms\3bc3e8b59ac242766612a83882366de8\transformed\common-9.9.10-runtime.jar: R8: Expected stack map table for method with non-linear control flow. In later version of R8, the method may be assumed not reachable.
WARNING: C:\Users\Admin\.gradle\caches\9.5.0\transforms\3bc3e8b59ac242766612a83882366de8\transformed\common-9.9.10-runtime.jar: R8: Expected stack map table for method with non-linear control flow. In later version of R8, the method may be assumed not reachable.
WARNING: C:\Users\Admin\.gradle\caches\9.5.0\transforms\3bc3e8b59ac242766612a83882366de8\transformed\common-9.9.10-runtime.jar: R8: Expected stack map table for method with non-linear control flow. In later version of R8, the method may be assumed not reachable.
WARNING: C:\Users\Admin\.gradle\caches\9.5.0\transforms\3bc3e8b59ac242766612a83882366de8\transformed\common-9.9.10-runtime.jar: R8: Expected stack map table for method with non-linear control flow. In later version of R8, the method may be assumed not reachable.
WARNING: C:\Users\Admin\.gradle\caches\9.5.0\transforms\3bc3e8b59ac242766612a83882366de8\transformed\common-9.9.10-runtime.jar: R8: Expected stack map table for method with non-linear control flow. In later version of R8, the method may be assumed not reachable.
WARNING: C:\Users\Admin\.gradle\caches\9.5.0\transforms\3bc3e8b59ac242766612a83882366de8\transformed\common-9.9.10-runtime.jar: R8: Expected stack map table for method with non-linear control flow. In later version of R8, the method may be assumed not reachable.
WARNING: C:\Users\Admin\.gradle\caches\9.5.0\transforms\3bc3e8b59ac242766612a83882366de8\transformed\common-9.9.10-runtime.jar: R8: Expected stack map table for method with non-linear control flow. In later version of R8, the method may be assumed not reachable.
WARNING: C:\Users\Admin\.gradle\caches\9.5.0\transforms\3bc3e8b59ac242766612a83882366de8\transformed\common-9.9.10-runtime.jar: R8: Expected stack map table for method with non-linear control flow. In later version of R8, the method may be assumed not reachable.
WARNING: C:\Users\Admin\.gradle\caches\9.5.0\transforms\3bc3e8b59ac242766612a83882366de8\transformed\common-9.9.10-runtime.jar: R8: Expected stack map table for method with non-linear control flow. In later version of R8, the method may be assumed not reachable.
WARNING: C:\Users\Admin\.gradle\caches\9.5.0\transforms\3bc3e8b59ac242766612a83882366de8\transformed\common-9.9.10-runtime.jar: R8: Expected stack map table for method with non-linear control flow. In later version of R8, the method may be assumed not reachable.
WARNING: C:\Users\Admin\.gradle\caches\9.5.0\transforms\3bc3e8b59ac242766612a83882366de8\transformed\common-9.9.10-runtime.jar: R8: Expected stack map table for method with non-linear control flow. In later version of R8, the method may be assumed not reachable.
WARNING: C:\Users\Admin\.gradle\caches\9.5.0\transforms\3bc3e8b59ac242766612a83882366de8\transformed\common-9.9.10-runtime.jar: R8: Expected stack map table for method with non-linear control flow. In later version of R8, the method may be assumed not reachable.
WARNING: C:\Users\Admin\.gradle\caches\9.5.0\transforms\3bc3e8b59ac242766612a83882366de8\transformed\common-9.9.10-runtime.jar: R8: Expected stack map table for method with non-linear control flow. In later version of R8, the method may be assumed not reachable.
WARNING: C:\Users\Admin\.gradle\caches\9.5.0\transforms\3bc3e8b59ac242766612a83882366de8\transformed\common-9.9.10-runtime.jar: R8: Expected stack map table for method with non-linear control flow. In later version of R8, the method may be assumed not reachable.
WARNING: C:\Users\Admin\.gradle\caches\9.5.0\transforms\3bc3e8b59ac242766612a83882366de8\transformed\common-9.9.10-runtime.jar: R8: Expected stack map table for method with non-linear control flow. In later version of R8, the method may be assumed not reachable.
WARNING: C:\Users\Admin\.gradle\caches\9.5.0\transforms\3bc3e8b59ac242766612a83882366de8\transformed\common-9.9.10-runtime.jar: R8: Expected stack map table for method with non-linear control flow. In later version of R8, the method may be assumed not reachable.
WARNING: C:\Users\Admin\.gradle\caches\9.5.0\transforms\3bc3e8b59ac242766612a83882366de8\transformed\common-9.9.10-runtime.jar: R8: Expected stack map table for method with non-linear control flow. In later version of R8, the method may be assumed not reachable.
WARNING: C:\Users\Admin\.gradle\caches\9.5.0\transforms\3bc3e8b59ac242766612a83882366de8\transformed\common-9.9.10-runtime.jar: R8: Expected stack map table for method with non-linear control flow. In later version of R8, the method may be assumed not reachable.
WARNING: C:\Users\Admin\.gradle\caches\9.5.0\transforms\3bc3e8b59ac242766612a83882366de8\transformed\common-9.9.10-runtime.jar: R8: Expected stack map table for method with non-linear control flow. In later version of R8, the method may be assumed not reachable.
WARNING: C:\Users\Admin\.gradle\caches\9.5.0\transforms\3bc3e8b59ac242766612a83882366de8\transformed\common-9.9.10-runtime.jar: R8: Expected stack map table for method with non-linear control flow. In later version of R8, the method may be assumed not reachable.
WARNING: C:\Users\Admin\.gradle\caches\9.5.0\transforms\3bc3e8b59ac242766612a83882366de8\transformed\common-9.9.10-runtime.jar: R8: Expected stack map table for method with non-linear control flow. In later version of R8, the method may be assumed not reachable.
WARNING: C:\Users\Admin\.gradle\caches\9.5.0\transforms\3bc3e8b59ac242766612a83882366de8\transformed\common-9.9.10-runtime.jar: R8: Expected stack map table for method with non-linear control flow. In later version of R8, the method may be assumed not reachable.
WARNING: C:\Users\Admin\.gradle\caches\9.5.0\transforms\3bc3e8b59ac242766612a83882366de8\transformed\common-9.9.10-runtime.jar: R8: Expected stack map table for method with non-linear control flow. In later version of R8, the method may be assumed not reachable.
WARNING: C:\Users\Admin\.gradle\caches\9.5.0\transforms\3bc3e8b59ac242766612a83882366de8\transformed\common-9.9.10-runtime.jar: R8: Expected stack map table for method with non-linear control flow. In later version of R8, the method may be assumed not reachable.
WARNING: C:\Users\Admin\.gradle\caches\9.5.0\transforms\3bc3e8b59ac242766612a83882366de8\transformed\common-9.9.10-runtime.jar: R8: Expected stack map table for method with non-linear control flow. In later version of R8, the method may be assumed not reachable.
WARNING: C:\Users\Admin\.gradle\caches\9.5.0\transforms\3bc3e8b59ac242766612a83882366de8\transformed\common-9.9.10-runtime.jar: R8: Expected stack map table for method with non-linear control flow. In later version of R8, the method may be assumed not reachable.
WARNING: C:\Users\Admin\.gradle\caches\9.5.0\transforms\3bc3e8b59ac242766612a83882366de8\transformed\common-9.9.10-runtime.jar: R8: Expected stack map table for method with non-linear control flow. In later version of R8, the method may be assumed not reachable.
WARNING: C:\Users\Admin\.gradle\caches\9.5.0\transforms\3bc3e8b59ac242766612a83882366de8\transformed\common-9.9.10-runtime.jar: R8: Expected stack map table for method with non-linear control flow. In later version of R8, the method may be assumed not reachable.
WARNING: C:\Users\Admin\.gradle\caches\9.5.0\transforms\3bc3e8b59ac242766612a83882366de8\transformed\common-9.9.10-runtime.jar: R8: Expected stack map table for method with non-linear control flow. In later version of R8, the method may be assumed not reachable.
WARNING: C:\Users\Admin\.gradle\caches\9.5.0\transforms\3bc3e8b59ac242766612a83882366de8\transformed\common-9.9.10-runtime.jar: R8: Expected stack map table for method with non-linear control flow. In later version of R8, the method may be assumed not reachable.
WARNING: C:\Users\Admin\.gradle\caches\9.5.0\transforms\3bc3e8b59ac242766612a83882366de8\transformed\common-9.9.10-runtime.jar: R8: Expected stack map table for method with non-linear control flow. In later version of R8, the method may be assumed not reachable.
WARNING: C:\Users\Admin\.gradle\caches\9.5.0\transforms\3bc3e8b59ac242766612a83882366de8\transformed\common-9.9.10-runtime.jar: R8: Expected stack map table for method with non-linear control flow. In later version of R8, the method may be assumed not reachable.
WARNING: C:\Users\Admin\.gradle\caches\9.5.0\transforms\3bc3e8b59ac242766612a83882366de8\transformed\common-9.9.10-runtime.jar: R8: Expected stack map table for method with non-linear control flow. In later version of R8, the method may be assumed not reachable.
WARNING: C:\Users\Admin\.gradle\caches\9.5.0\transforms\3bc3e8b59ac242766612a83882366de8\transformed\common-9.9.10-runtime.jar: R8: Expected stack map table for method with non-linear control flow. In later version of R8, the method may be assumed not reachable.
WARNING: C:\Users\Admin\.gradle\caches\9.5.0\transforms\3bc3e8b59ac242766612a83882366de8\transformed\common-9.9.10-runtime.jar: R8: Expected stack map table for method with non-linear control flow. In later version of R8, the method may be assumed not reachable.
WARNING: C:\Users\Admin\.gradle\caches\9.5.0\transforms\3bc3e8b59ac242766612a83882366de8\transformed\common-9.9.10-runtime.jar: R8: Expected stack map table for method with non-linear control flow. In later version of R8, the method may be assumed not reachable.
WARNING: C:\Users\Admin\.gradle\caches\9.5.0\transforms\3bc3e8b59ac242766612a83882366de8\transformed\common-9.9.10-runtime.jar: R8: Expected stack map table for method with non-linear control flow. In later version of R8, the method may be assumed not reachable.
WARNING: C:\Users\Admin\.gradle\caches\9.5.0\transforms\3bc3e8b59ac242766612a83882366de8\transformed\common-9.9.10-runtime.jar: R8: Expected stack map table for method with non-linear control flow. In later version of R8, the method may be assumed not reachable.
WARNING: C:\Users\Admin\.gradle\caches\9.5.0\transforms\3bc3e8b59ac242766612a83882366de8\transformed\common-9.9.10-runtime.jar: R8: Expected stack map table for method with non-linear control flow. In later version of R8, the method may be assumed not reachable.
WARNING: C:\Users\Admin\.gradle\caches\9.5.0\transforms\3bc3e8b59ac242766612a83882366de8\transformed\common-9.9.10-runtime.jar: R8: Expected stack map table for method with non-linear control flow. In later version of R8, the method may be assumed not reachable.
WARNING: C:\Users\Admin\.gradle\caches\9.5.0\transforms\3bc3e8b59ac242766612a83882366de8\transformed\common-9.9.10-runtime.jar: R8: Expected stack map table for method with non-linear control flow. In later version of R8, the method may be assumed not reachable.
WARNING: C:\Users\Admin\.gradle\caches\9.5.0\transforms\3bc3e8b59ac242766612a83882366de8\transformed\common-9.9.10-runtime.jar: R8: Expected stack map table for method with non-linear control flow. In later version of R8, the method may be assumed not reachable.
WARNING: C:\Users\Admin\.gradle\caches\9.5.0\transforms\3bc3e8b59ac242766612a83882366de8\transformed\common-9.9.10-runtime.jar: R8: Expected stack map table for method with non-linear control flow. In later version of R8, the method may be assumed not reachable.
WARNING: C:\Users\Admin\.gradle\caches\9.5.0\transforms\3bc3e8b59ac242766612a83882366de8\transformed\common-9.9.10-runtime.jar: R8: Expected stack map table for method with non-linear control flow. In later version of R8, the method may be assumed not reachable.
WARNING: C:\Users\Admin\.gradle\caches\9.5.0\transforms\3bc3e8b59ac242766612a83882366de8\transformed\common-9.9.10-runtime.jar: R8: Expected stack map table for method with non-linear control flow. In later version of R8, the method may be assumed not reachable.
WARNING: C:\Users\Admin\.gradle\caches\9.5.0\transforms\3bc3e8b59ac242766612a83882366de8\transformed\common-9.9.10-runtime.jar: R8: Expected stack map table for method with non-linear control flow. In later version of R8, the method may be assumed not reachable.
WARNING: C:\Users\Admin\.gradle\caches\9.5.0\transforms\3bc3e8b59ac242766612a83882366de8\transformed\common-9.9.10-runtime.jar: R8: Expected stack map table for method with non-linear control flow. In later version of R8, the method may be assumed not reachable.
WARNING: C:\Users\Admin\.gradle\caches\9.5.0\transforms\3bc3e8b59ac242766612a83882366de8\transformed\common-9.9.10-runtime.jar: R8: Expected stack map table for method with non-linear control flow. In later version of R8, the method may be assumed not reachable.
WARNING: C:\Users\Admin\.gradle\caches\9.5.0\transforms\3bc3e8b59ac242766612a83882366de8\transformed\common-9.9.10-runtime.jar: R8: Expected stack map table for method with non-linear control flow. In later version of R8, the method may be assumed not reachable.
WARNING: C:\Users\Admin\.gradle\caches\9.5.0\transforms\3bc3e8b59ac242766612a83882366de8\transformed\common-9.9.10-runtime.jar: R8: Expected stack map table for method with non-linear control flow. In later version of R8, the method may be assumed not reachable.
WARNING: C:\Users\Admin\.gradle\caches\9.5.0\transforms\3bc3e8b59ac242766612a83882366de8\transformed\common-9.9.10-runtime.jar: R8: Expected stack map table for method with non-linear control flow. In later version of R8, the method may be assumed not reachable.
WARNING: C:\Users\Admin\.gradle\caches\9.5.0\transforms\3bc3e8b59ac242766612a83882366de8\transformed\common-9.9.10-runtime.jar: R8: Expected stack map table for method with non-linear control flow. In later version of R8, the method may be assumed not reachable.
WARNING: C:\Users\Admin\.gradle\caches\9.5.0\transforms\3bc3e8b59ac242766612a83882366de8\transformed\common-9.9.10-runtime.jar: R8: Expected stack map table for method with non-linear control flow. In later version of R8, the method may be assumed not reachable.
WARNING: C:\Users\Admin\.gradle\caches\9.5.0\transforms\3bc3e8b59ac242766612a83882366de8\transformed\common-9.9.10-runtime.jar: R8: Expected stack map table for method with non-linear control flow. In later version of R8, the method may be assumed not reachable.
WARNING: C:\Users\Admin\.gradle\caches\9.5.0\transforms\3bc3e8b59ac242766612a83882366de8\transformed\common-9.9.10-runtime.jar: R8: Expected stack map table for method with non-linear control flow. In later version of R8, the method may be assumed not reachable.
WARNING: C:\Users\Admin\.gradle\caches\9.5.0\transforms\3bc3e8b59ac242766612a83882366de8\transformed\common-9.9.10-runtime.jar: R8: Expected stack map table for method with non-linear control flow. In later version of R8, the method may be assumed not reachable.
WARNING: C:\Users\Admin\.gradle\caches\9.5.0\transforms\3bc3e8b59ac242766612a83882366de8\transformed\common-9.9.10-runtime.jar: R8: Expected stack map table for method with non-linear control flow. In later version of R8, the method may be assumed not reachable.
WARNING: C:\Users\Admin\.gradle\caches\9.5.0\transforms\3bc3e8b59ac242766612a83882366de8\transformed\common-9.9.10-runtime.jar: R8: Expected stack map table for method with non-linear control flow. In later version of R8, the method may be assumed not reachable.
WARNING: C:\Users\Admin\.gradle\caches\9.5.0\transforms\3bc3e8b59ac242766612a83882366de8\transformed\common-9.9.10-runtime.jar: R8: Expected stack map table for method with non-linear control flow. In later version of R8, the method may be assumed not reachable.
WARNING: C:\Users\Admin\.gradle\caches\9.5.0\transforms\3bc3e8b59ac242766612a83882366de8\transformed\common-9.9.10-runtime.jar: R8: Expected stack map table for method with non-linear control flow. In later version of R8, the method may be assumed not reachable.
WARNING: C:\Users\Admin\.gradle\caches\9.5.0\transforms\3bc3e8b59ac242766612a83882366de8\transformed\common-9.9.10-runtime.jar: R8: Expected stack map table for method with non-linear control flow. In later version of R8, the method may be assumed not reachable.
WARNING: C:\Users\Admin\.gradle\caches\9.5.0\transforms\3bc3e8b59ac242766612a83882366de8\transformed\common-9.9.10-runtime.jar: R8: Expected stack map table for method with non-linear control flow. In later version of R8, the method may be assumed not reachable.
WARNING: C:\Users\Admin\.gradle\caches\9.5.0\transforms\3bc3e8b59ac242766612a83882366de8\transformed\common-9.9.10-runtime.jar: R8: Expected stack map table for method with non-linear control flow. In later version of R8, the method may be assumed not reachable.
WARNING: C:\Users\Admin\.gradle\caches\9.5.0\transforms\3bc3e8b59ac242766612a83882366de8\transformed\common-9.9.10-runtime.jar: R8: Expected stack map table for method with non-linear control flow. In later version of R8, the method may be assumed not reachable.
WARNING: C:\Users\Admin\.gradle\caches\9.5.0\transforms\3bc3e8b59ac242766612a83882366de8\transformed\common-9.9.10-runtime.jar: R8: Expected stack map table for method with non-linear control flow. In later version of R8, the method may be assumed not reachable.
WARNING: C:\Users\Admin\.gradle\caches\9.5.0\transforms\3bc3e8b59ac242766612a83882366de8\transformed\common-9.9.10-runtime.jar: R8: Expected stack map table for method with non-linear control flow. In later version of R8, the method may be assumed not reachable.
WARNING: C:\Users\Admin\.gradle\caches\9.5.0\transforms\3bc3e8b59ac242766612a83882366de8\transformed\common-9.9.10-runtime.jar: R8: Expected stack map table for method with non-linear control flow. In later version of R8, the method may be assumed not reachable.
WARNING: C:\Users\Admin\.gradle\caches\9.5.0\transforms\3bc3e8b59ac242766612a83882366de8\transformed\common-9.9.10-runtime.jar: R8: Expected stack map table for method with non-linear control flow. In later version of R8, the method may be assumed not reachable.
WARNING: C:\Users\Admin\.gradle\caches\9.5.0\transforms\3bc3e8b59ac242766612a83882366de8\transformed\common-9.9.10-runtime.jar: R8: Expected stack map table for method with non-linear control flow. In later version of R8, the method may be assumed not reachable.
WARNING: C:\Users\Admin\.gradle\caches\9.5.0\transforms\3bc3e8b59ac242766612a83882366de8\transformed\common-9.9.10-runtime.jar: R8: Expected stack map table for method with non-linear control flow. In later version of R8, the method may be assumed not reachable.
WARNING: C:\Users\Admin\.gradle\caches\9.5.0\transforms\3bc3e8b59ac242766612a83882366de8\transformed\common-9.9.10-runtime.jar: R8: Expected stack map table for method with non-linear control flow. In later version of R8, the method may be assumed not reachable.
WARNING: C:\Users\Admin\.gradle\caches\9.5.0\transforms\3bc3e8b59ac242766612a83882366de8\transformed\common-9.9.10-runtime.jar: R8: Expected stack map table for method with non-linear control flow. In later version of R8, the method may be assumed not reachable.
WARNING: C:\Users\Admin\.gradle\caches\9.5.0\transforms\3bc3e8b59ac242766612a83882366de8\transformed\common-9.9.10-runtime.jar: R8: Expected stack map table for method with non-linear control flow. In later version of R8, the method may be assumed not reachable.
WARNING: C:\Users\Admin\.gradle\caches\9.5.0\transforms\3bc3e8b59ac242766612a83882366de8\transformed\common-9.9.10-runtime.jar: R8: Expected stack map table for method with non-linear control flow. In later version of R8, the method may be assumed not reachable.
WARNING: C:\Users\Admin\.gradle\caches\9.5.0\transforms\3bc3e8b59ac242766612a83882366de8\transformed\common-9.9.10-runtime.jar: R8: Expected stack map table for method with non-linear control flow. In later version of R8, the method may be assumed not reachable.
WARNING: C:\Users\Admin\.gradle\caches\9.5.0\transforms\3bc3e8b59ac242766612a83882366de8\transformed\common-9.9.10-runtime.jar: R8: Expected stack map table for method with non-linear control flow. In later version of R8, the method may be assumed not reachable.
WARNING: C:\Users\Admin\.gradle\caches\9.5.0\transforms\3bc3e8b59ac242766612a83882366de8\transformed\common-9.9.10-runtime.jar: R8: Expected stack map table for method with non-linear control flow. In later version of R8, the method may be assumed not reachable.
WARNING: C:\Users\Admin\.gradle\caches\9.5.0\transforms\3bc3e8b59ac242766612a83882366de8\transformed\common-9.9.10-runtime.jar: R8: Expected stack map table for method with non-linear control flow. In later version of R8, the method may be assumed not reachable.
WARNING: C:\Users\Admin\.gradle\caches\9.5.0\transforms\3bc3e8b59ac242766612a83882366de8\transformed\common-9.9.10-runtime.jar: R8: Expected stack map table for method with non-linear control flow. In later version of R8, the method may be assumed not reachable.
WARNING: C:\Users\Admin\.gradle\caches\9.5.0\transforms\3bc3e8b59ac242766612a83882366de8\transformed\common-9.9.10-runtime.jar: R8: Expected stack map table for method with non-linear control flow. In later version of R8, the method may be assumed not reachable.
WARNING: C:\Users\Admin\.gradle\caches\9.5.0\transforms\3bc3e8b59ac242766612a83882366de8\transformed\common-9.9.10-runtime.jar: R8: Expected stack map table for method with non-linear control flow. In later version of R8, the method may be assumed not reachable.
WARNING: C:\Users\Admin\.gradle\caches\9.5.0\transforms\3bc3e8b59ac242766612a83882366de8\transformed\common-9.9.10-runtime.jar: R8: Expected stack map table for method with non-linear control flow. In later version of R8, the method may be assumed not reachable.
WARNING: C:\Users\Admin\.gradle\caches\9.5.0\transforms\3bc3e8b59ac242766612a83882366de8\transformed\common-9.9.10-runtime.jar: R8: Expected stack map table for method with non-linear control flow. In later version of R8, the method may be assumed not reachable.
WARNING: C:\Users\Admin\.gradle\caches\9.5.0\transforms\3bc3e8b59ac242766612a83882366de8\transformed\common-9.9.10-runtime.jar: R8: Expected stack map table for method with non-linear control flow. In later version of R8, the method may be assumed not reachable.
WARNING: C:\Users\Admin\.gradle\caches\9.5.0\transforms\3bc3e8b59ac242766612a83882366de8\transformed\common-9.9.10-runtime.jar: R8: Expected stack map table for method with non-linear control flow. In later version of R8, the method may be assumed not reachable.
WARNING: C:\Users\Admin\.gradle\caches\9.5.0\transforms\3bc3e8b59ac242766612a83882366de8\transformed\common-9.9.10-runtime.jar: R8: Expected stack map table for method with non-linear control flow. In later version of R8, the method may be assumed not reachable.
WARNING: C:\Users\Admin\.gradle\caches\9.5.0\transforms\3bc3e8b59ac242766612a83882366de8\transformed\common-9.9.10-runtime.jar: R8: Expected stack map table for method with non-linear control flow. In later version of R8, the method may be assumed not reachable.
WARNING: C:\Users\Admin\.gradle\caches\9.5.0\transforms\3bc3e8b59ac242766612a83882366de8\transformed\common-9.9.10-runtime.jar: R8: Expected stack map table for method with non-linear control flow. In later version of R8, the method may be assumed not reachable.
WARNING: C:\Users\Admin\.gradle\caches\9.5.0\transforms\3bc3e8b59ac242766612a83882366de8\transformed\common-9.9.10-runtime.jar: R8: Expected stack map table for method with non-linear control flow. In later version of R8, the method may be assumed not reachable.
WARNING: C:\Users\Admin\.gradle\caches\9.5.0\transforms\3bc3e8b59ac242766612a83882366de8\transformed\common-9.9.10-runtime.jar: R8: Expected stack map table for method with non-linear control flow. In later version of R8, the method may be assumed not reachable.
WARNING: C:\Users\Admin\.gradle\caches\9.5.0\transforms\3bc3e8b59ac242766612a83882366de8\transformed\common-9.9.10-runtime.jar: R8: Expected stack map table for method with non-linear control flow. In later version of R8, the method may be assumed not reachable.
WARNING: C:\Users\Admin\.gradle\caches\9.5.0\transforms\3bc3e8b59ac242766612a83882366de8\transformed\common-9.9.10-runtime.jar: R8: Expected stack map table for method with non-linear control flow. In later version of R8, the method may be assumed not reachable.
WARNING: C:\Users\Admin\.gradle\caches\9.5.0\transforms\3bc3e8b59ac242766612a83882366de8\transformed\common-9.9.10-runtime.jar: R8: Expected stack map table for method with non-linear control flow. In later version of R8, the method may be assumed not reachable.
WARNING: C:\Users\Admin\.gradle\caches\9.5.0\transforms\3bc3e8b59ac242766612a83882366de8\transformed\common-9.9.10-runtime.jar: R8: Expected stack map table for method with non-linear control flow. In later version of R8, the method may be assumed not reachable.
WARNING: C:\Users\Admin\.gradle\caches\9.5.0\transforms\3bc3e8b59ac242766612a83882366de8\transformed\common-9.9.10-runtime.jar: R8: Expected stack map table for method with non-linear control flow. In later version of R8, the method may be assumed not reachable.
WARNING: C:\Users\Admin\.gradle\caches\9.5.0\transforms\3bc3e8b59ac242766612a83882366de8\transformed\common-9.9.10-runtime.jar: R8: Expected stack map table for method with non-linear control flow. In later version of R8, the method may be assumed not reachable.
WARNING: C:\Users\Admin\.gradle\caches\9.5.0\transforms\3bc3e8b59ac242766612a83882366de8\transformed\common-9.9.10-runtime.jar: R8: Expected stack map table for method with non-linear control flow. In later version of R8, the method may be assumed not reachable.
WARNING: C:\Users\Admin\.gradle\caches\9.5.0\transforms\3bc3e8b59ac242766612a83882366de8\transformed\common-9.9.10-runtime.jar: R8: Expected stack map table for method with non-linear control flow. In later version of R8, the method may be assumed not reachable.
WARNING: C:\Users\Admin\.gradle\caches\9.5.0\transforms\3bc3e8b59ac242766612a83882366de8\transformed\common-9.9.10-runtime.jar: R8: Expected stack map table for method with non-linear control flow. In later version of R8, the method may be assumed not reachable.
WARNING: C:\Users\Admin\.gradle\caches\9.5.0\transforms\3bc3e8b59ac242766612a83882366de8\transformed\common-9.9.10-runtime.jar: R8: Expected stack map table for method with non-linear control flow. In later version of R8, the method may be assumed not reachable.
WARNING: C:\Users\Admin\.gradle\caches\9.5.0\transforms\3bc3e8b59ac242766612a83882366de8\transformed\common-9.9.10-runtime.jar: R8: Expected stack map table for method with non-linear control flow. In later version of R8, the method may be assumed not reachable.
WARNING: C:\Users\Admin\.gradle\caches\9.5.0\transforms\3bc3e8b59ac242766612a83882366de8\transformed\common-9.9.10-runtime.jar: R8: Expected stack map table for method with non-linear control flow. In later version of R8, the method may be assumed not reachable.
WARNING: C:\Users\Admin\.gradle\caches\9.5.0\transforms\3bc3e8b59ac242766612a83882366de8\transformed\common-9.9.10-runtime.jar: R8: Expected stack map table for method with non-linear control flow. In later version of R8, the method may be assumed not reachable.
WARNING: C:\Users\Admin\.gradle\caches\9.5.0\transforms\3bc3e8b59ac242766612a83882366de8\transformed\common-9.9.10-runtime.jar: R8: Expected stack map table for method with non-linear control flow. In later version of R8, the method may be assumed not reachable.
WARNING: C:\Users\Admin\.gradle\caches\9.5.0\transforms\3bc3e8b59ac242766612a83882366de8\transformed\common-9.9.10-runtime.jar: R8: Expected stack map table for method with non-linear control flow. In later version of R8, the method may be assumed not reachable.
WARNING: C:\Users\Admin\.gradle\caches\9.5.0\transforms\3bc3e8b59ac242766612a83882366de8\transformed\common-9.9.10-runtime.jar: R8: Expected stack map table for method with non-linear control flow. In later version of R8, the method may be assumed not reachable.
WARNING: C:\Users\Admin\.gradle\caches\9.5.0\transforms\3bc3e8b59ac242766612a83882366de8\transformed\common-9.9.10-runtime.jar: R8: Expected stack map table for method with non-linear control flow. In later version of R8, the method may be assumed not reachable.
WARNING: C:\Users\Admin\.gradle\caches\9.5.0\transforms\3bc3e8b59ac242766612a83882366de8\transformed\common-9.9.10-runtime.jar: R8: Expected stack map table for method with non-linear control flow. In later version of R8, the method may be assumed not reachable.
WARNING: C:\Users\Admin\.gradle\caches\9.5.0\transforms\3bc3e8b59ac242766612a83882366de8\transformed\common-9.9.10-runtime.jar: R8: Expected stack map table for method with non-linear control flow. In later version of R8, the method may be assumed not reachable.
WARNING: C:\Users\Admin\.gradle\caches\9.5.0\transforms\3bc3e8b59ac242766612a83882366de8\transformed\common-9.9.10-runtime.jar: R8: Expected stack map table for method with non-linear control flow. In later version of R8, the method may be assumed not reachable.
WARNING: C:\Users\Admin\.gradle\caches\9.5.0\transforms\3bc3e8b59ac242766612a83882366de8\transformed\common-9.9.10-runtime.jar: R8: Expected stack map table for method with non-linear control flow. In later version of R8, the method may be assumed not reachable.
WARNING: C:\Users\Admin\.gradle\caches\9.5.0\transforms\3bc3e8b59ac242766612a83882366de8\transformed\common-9.9.10-runtime.jar: R8: Expected stack map table for method with non-linear control flow. In later version of R8, the method may be assumed not reachable.
WARNING: C:\Users\Admin\.gradle\caches\9.5.0\transforms\3bc3e8b59ac242766612a83882366de8\transformed\common-9.9.10-runtime.jar: R8: Expected stack map table for method with non-linear control flow. In later version of R8, the method may be assumed not reachable.
WARNING: C:\Users\Admin\.gradle\caches\9.5.0\transforms\3bc3e8b59ac242766612a83882366de8\transformed\common-9.9.10-runtime.jar: R8: Expected stack map table for method with non-linear control flow. In later version of R8, the method may be assumed not reachable.
WARNING: C:\Users\Admin\.gradle\caches\9.5.0\transforms\3bc3e8b59ac242766612a83882366de8\transformed\common-9.9.10-runtime.jar: R8: Expected stack map table for method with non-linear control flow. In later version of R8, the method may be assumed not reachable.
WARNING: C:\Users\Admin\.gradle\caches\9.5.0\transforms\3bc3e8b59ac242766612a83882366de8\transformed\common-9.9.10-runtime.jar: R8: Expected stack map table for method with non-linear control flow. In later version of R8, the method may be assumed not reachable.
WARNING: C:\Users\Admin\.gradle\caches\9.5.0\transforms\3bc3e8b59ac242766612a83882366de8\transformed\common-9.9.10-runtime.jar: R8: Expected stack map table for method with non-linear control flow. In later version of R8, the method may be assumed not reachable.
WARNING: C:\Users\Admin\.gradle\caches\9.5.0\transforms\3bc3e8b59ac242766612a83882366de8\transformed\common-9.9.10-runtime.jar: R8: Expected stack map table for method with non-linear control flow. In later version of R8, the method may be assumed not reachable.
WARNING: C:\Users\Admin\.gradle\caches\9.5.0\transforms\3bc3e8b59ac242766612a83882366de8\transformed\common-9.9.10-runtime.jar: R8: Expected stack map table for method with non-linear control flow. In later version of R8, the method may be assumed not reachable.
WARNING: C:\Users\Admin\.gradle\caches\9.5.0\transforms\3bc3e8b59ac242766612a83882366de8\transformed\common-9.9.10-runtime.jar: R8: Expected stack map table for method with non-linear control flow. In later version of R8, the method may be assumed not reachable.
WARNING: C:\Users\Admin\.gradle\caches\9.5.0\transforms\3bc3e8b59ac242766612a83882366de8\transformed\common-9.9.10-runtime.jar: R8: Expected stack map table for method with non-linear control flow. In later version of R8, the method may be assumed not reachable.
WARNING: C:\Users\Admin\.gradle\caches\9.5.0\transforms\3bc3e8b59ac242766612a83882366de8\transformed\common-9.9.10-runtime.jar: R8: Expected stack map table for method with non-linear control flow. In later version of R8, the method may be assumed not reachable.
WARNING: C:\Users\Admin\.gradle\caches\9.5.0\transforms\3bc3e8b59ac242766612a83882366de8\transformed\common-9.9.10-runtime.jar: R8: Expected stack map table for method with non-linear control flow. In later version of R8, the method may be assumed not reachable.
WARNING: C:\Users\Admin\.gradle\caches\9.5.0\transforms\3bc3e8b59ac242766612a83882366de8\transformed\common-9.9.10-runtime.jar: R8: Expected stack map table for method with non-linear control flow. In later version of R8, the method may be assumed not reachable.
WARNING: C:\Users\Admin\.gradle\caches\9.5.0\transforms\3bc3e8b59ac242766612a83882366de8\transformed\common-9.9.10-runtime.jar: R8: Expected stack map table for method with non-linear control flow. In later version of R8, the method may be assumed not reachable.
WARNING: C:\Users\Admin\.gradle\caches\9.5.0\transforms\3bc3e8b59ac242766612a83882366de8\transformed\common-9.9.10-runtime.jar: R8: Expected stack map table for method with non-linear control flow. In later version of R8, the method may be assumed not reachable.
WARNING: C:\Users\Admin\.gradle\caches\9.5.0\transforms\3bc3e8b59ac242766612a83882366de8\transformed\common-9.9.10-runtime.jar: R8: Expected stack map table for method with non-linear control flow. In later version of R8, the method may be assumed not reachable.
WARNING: C:\Users\Admin\.gradle\caches\9.5.0\transforms\3bc3e8b59ac242766612a83882366de8\transformed\common-9.9.10-runtime.jar: R8: Expected stack map table for method with non-linear control flow. In later version of R8, the method may be assumed not reachable.
WARNING: C:\Users\Admin\.gradle\caches\9.5.0\transforms\3bc3e8b59ac242766612a83882366de8\transformed\common-9.9.10-runtime.jar: R8: Expected stack map table for method with non-linear control flow. In later version of R8, the method may be assumed not reachable.
WARNING: C:\Users\Admin\.gradle\caches\9.5.0\transforms\3bc3e8b59ac242766612a83882366de8\transformed\common-9.9.10-runtime.jar: R8: Expected stack map table for method with non-linear control flow. In later version of R8, the method may be assumed not reachable.
WARNING: C:\Users\Admin\.gradle\caches\9.5.0\transforms\3bc3e8b59ac242766612a83882366de8\transformed\common-9.9.10-runtime.jar: R8: Expected stack map table for method with non-linear control flow. In later version of R8, the method may be assumed not reachable.
WARNING: C:\Users\Admin\.gradle\caches\9.5.0\transforms\3bc3e8b59ac242766612a83882366de8\transformed\common-9.9.10-runtime.jar: R8: Expected stack map table for method with non-linear control flow. In later version of R8, the method may be assumed not reachable.
WARNING: C:\Users\Admin\.gradle\caches\9.5.0\transforms\3bc3e8b59ac242766612a83882366de8\transformed\common-9.9.10-runtime.jar: R8: Expected stack map table for method with non-linear control flow. In later version of R8, the method may be assumed not reachable.
WARNING: C:\Users\Admin\.gradle\caches\9.5.0\transforms\3bc3e8b59ac242766612a83882366de8\transformed\common-9.9.10-runtime.jar: R8: Expected stack map table for method with non-linear control flow. In later version of R8, the method may be assumed not reachable.
WARNING: C:\Users\Admin\.gradle\caches\9.5.0\transforms\3bc3e8b59ac242766612a83882366de8\transformed\common-9.9.10-runtime.jar: R8: Expected stack map table for method with non-linear control flow. In later version of R8, the method may be assumed not reachable.
WARNING: C:\Users\Admin\.gradle\caches\9.5.0\transforms\3bc3e8b59ac242766612a83882366de8\transformed\common-9.9.10-runtime.jar: R8: Expected stack map table for method with non-linear control flow. In later version of R8, the method may be assumed not reachable.
WARNING: C:\Users\Admin\.gradle\caches\9.5.0\transforms\3bc3e8b59ac242766612a83882366de8\transformed\common-9.9.10-runtime.jar: R8: Expected stack map table for method with non-linear control flow. In later version of R8, the method may be assumed not reachable.
WARNING: C:\Users\Admin\.gradle\caches\9.5.0\transforms\3bc3e8b59ac242766612a83882366de8\transformed\common-9.9.10-runtime.jar: R8: Expected stack map table for method with non-linear control flow. In later version of R8, the method may be assumed not reachable.
WARNING: C:\Users\Admin\.gradle\caches\9.5.0\transforms\3bc3e8b59ac242766612a83882366de8\transformed\common-9.9.10-runtime.jar: R8: Expected stack map table for method with non-linear control flow. In later version of R8, the method may be assumed not reachable.
WARNING: C:\Users\Admin\.gradle\caches\9.5.0\transforms\3bc3e8b59ac242766612a83882366de8\transformed\common-9.9.10-runtime.jar: R8: Expected stack map table for method with non-linear control flow. In later version of R8, the method may be assumed not reachable.
WARNING: C:\Users\Admin\.gradle\caches\9.5.0\transforms\3bc3e8b59ac242766612a83882366de8\transformed\common-9.9.10-runtime.jar: R8: Expected stack map table for method with non-linear control flow. In later version of R8, the method may be assumed not reachable.
WARNING: C:\Users\Admin\.gradle\caches\9.5.0\transforms\3bc3e8b59ac242766612a83882366de8\transformed\common-9.9.10-runtime.jar: R8: Expected stack map table for method with non-linear control flow. In later version of R8, the method may be assumed not reachable.
WARNING: C:\Users\Admin\.gradle\caches\9.5.0\transforms\3bc3e8b59ac242766612a83882366de8\transformed\common-9.9.10-runtime.jar: R8: Expected stack map table for method with non-linear control flow. In later version of R8, the method may be assumed not reachable.
WARNING: C:\Users\Admin\.gradle\caches\9.5.0\transforms\3bc3e8b59ac242766612a83882366de8\transformed\common-9.9.10-runtime.jar: R8: Expected stack map table for method with non-linear control flow. In later version of R8, the method may be assumed not reachable.
WARNING: C:\Users\Admin\.gradle\caches\9.5.0\transforms\3bc3e8b59ac242766612a83882366de8\transformed\common-9.9.10-runtime.jar: R8: Expected stack map table for method with non-linear control flow. In later version of R8, the method may be assumed not reachable.
WARNING: C:\Users\Admin\.gradle\caches\9.5.0\transforms\3bc3e8b59ac242766612a83882366de8\transformed\common-9.9.10-runtime.jar: R8: Expected stack map table for method with non-linear control flow. In later version of R8, the method may be assumed not reachable.
WARNING: C:\Users\Admin\.gradle\caches\9.5.0\transforms\3bc3e8b59ac242766612a83882366de8\transformed\common-9.9.10-runtime.jar: R8: Expected stack map table for method with non-linear control flow. In later version of R8, the method may be assumed not reachable.
WARNING: C:\Users\Admin\.gradle\caches\9.5.0\transforms\3bc3e8b59ac242766612a83882366de8\transformed\common-9.9.10-runtime.jar: R8: Expected stack map table for method with non-linear control flow. In later version of R8, the method may be assumed not reachable.
WARNING: C:\Users\Admin\.gradle\caches\9.5.0\transforms\3bc3e8b59ac242766612a83882366de8\transformed\common-9.9.10-runtime.jar: R8: Expected stack map table for method with non-linear control flow. In later version of R8, the method may be assumed not reachable.
WARNING: C:\Users\Admin\.gradle\caches\9.5.0\transforms\3bc3e8b59ac242766612a83882366de8\transformed\common-9.9.10-runtime.jar: R8: Expected stack map table for method with non-linear control flow. In later version of R8, the method may be assumed not reachable.
WARNING: C:\Users\Admin\.gradle\caches\9.5.0\transforms\3bc3e8b59ac242766612a83882366de8\transformed\common-9.9.10-runtime.jar: R8: Expected stack map table for method with non-linear control flow. In later version of R8, the method may be assumed not reachable.
WARNING: C:\Users\Admin\.gradle\caches\9.5.0\transforms\3bc3e8b59ac242766612a83882366de8\transformed\common-9.9.10-runtime.jar: R8: Expected stack map table for method with non-linear control flow. In later version of R8, the method may be assumed not reachable.
WARNING: C:\Users\Admin\.gradle\caches\9.5.0\transforms\3bc3e8b59ac242766612a83882366de8\transformed\common-9.9.10-runtime.jar: R8: Expected stack map table for method with non-linear control flow. In later version of R8, the method may be assumed not reachable.
WARNING: C:\Users\Admin\.gradle\caches\9.5.0\transforms\3bc3e8b59ac242766612a83882366de8\transformed\common-9.9.10-runtime.jar: R8: Expected stack map table for method with non-linear control flow. In later version of R8, the method may be assumed not reachable.
WARNING: C:\Users\Admin\.gradle\caches\9.5.0\transforms\3bc3e8b59ac242766612a83882366de8\transformed\common-9.9.10-runtime.jar: R8: Expected stack map table for method with non-linear control flow. In later version of R8, the method may be assumed not reachable.
WARNING: C:\Users\Admin\.gradle\caches\9.5.0\transforms\3bc3e8b59ac242766612a83882366de8\transformed\common-9.9.10-runtime.jar: R8: Expected stack map table for method with non-linear control flow. In later version of R8, the method may be assumed not reachable.
WARNING: C:\Users\Admin\.gradle\caches\9.5.0\transforms\3bc3e8b59ac242766612a83882366de8\transformed\common-9.9.10-runtime.jar: R8: Expected stack map table for method with non-linear control flow. In later version of R8, the method may be assumed not reachable.
WARNING: C:\Users\Admin\.gradle\caches\9.5.0\transforms\3bc3e8b59ac242766612a83882366de8\transformed\common-9.9.10-runtime.jar: R8: Expected stack map table for method with non-linear control flow. In later version of R8, the method may be assumed not reachable.
WARNING: C:\Users\Admin\.gradle\caches\9.5.0\transforms\3bc3e8b59ac242766612a83882366de8\transformed\common-9.9.10-runtime.jar: R8: Expected stack map table for method with non-linear control flow. In later version of R8, the method may be assumed not reachable.
WARNING: C:\Users\Admin\.gradle\caches\9.5.0\transforms\3bc3e8b59ac242766612a83882366de8\transformed\common-9.9.10-runtime.jar: R8: Expected stack map table for method with non-linear control flow. In later version of R8, the method may be assumed not reachable.
WARNING: C:\Users\Admin\.gradle\caches\9.5.0\transforms\3bc3e8b59ac242766612a83882366de8\transformed\common-9.9.10-runtime.jar: R8: Expected stack map table for method with non-linear control flow. In later version of R8, the method may be assumed not reachable.
WARNING: C:\Users\Admin\.gradle\caches\9.5.0\transforms\3bc3e8b59ac242766612a83882366de8\transformed\common-9.9.10-runtime.jar: R8: Expected stack map table for method with non-linear control flow. In later version of R8, the method may be assumed not reachable.
WARNING: C:\Users\Admin\.gradle\caches\9.5.0\transforms\3bc3e8b59ac242766612a83882366de8\transformed\common-9.9.10-runtime.jar: R8: Expected stack map table for method with non-linear control flow. In later version of R8, the method may be assumed not reachable.
WARNING: C:\Users\Admin\.gradle\caches\9.5.0\transforms\3bc3e8b59ac242766612a83882366de8\transformed\common-9.9.10-runtime.jar: R8: Expected stack map table for method with non-linear control flow. In later version of R8, the method may be assumed not reachable.
WARNING: C:\Users\Admin\.gradle\caches\9.5.0\transforms\3bc3e8b59ac242766612a83882366de8\transformed\common-9.9.10-runtime.jar: R8: Expected stack map table for method with non-linear control flow. In later version of R8, the method may be assumed not reachable.
WARNING: C:\Users\Admin\.gradle\caches\9.5.0\transforms\3bc3e8b59ac242766612a83882366de8\transformed\common-9.9.10-runtime.jar: R8: Expected stack map table for method with non-linear control flow. In later version of R8, the method may be assumed not reachable.
WARNING: C:\Users\Admin\.gradle\caches\9.5.0\transforms\3bc3e8b59ac242766612a83882366de8\transformed\common-9.9.10-runtime.jar: R8: Expected stack map table for method with non-linear control flow. In later version of R8, the method may be assumed not reachable.
WARNING: C:\Users\Admin\.gradle\caches\9.5.0\transforms\3bc3e8b59ac242766612a83882366de8\transformed\common-9.9.10-runtime.jar: R8: Expected stack map table for method with non-linear control flow. In later version of R8, the method may be assumed not reachable.
WARNING: C:\Users\Admin\.gradle\caches\9.5.0\transforms\3bc3e8b59ac242766612a83882366de8\transformed\common-9.9.10-runtime.jar: R8: Expected stack map table for method with non-linear control flow. In later version of R8, the method may be assumed not reachable.
WARNING: C:\Users\Admin\.gradle\caches\9.5.0\transforms\3bc3e8b59ac242766612a83882366de8\transformed\common-9.9.10-runtime.jar: R8: Expected stack map table for method with non-linear control flow. In later version of R8, the method may be assumed not reachable.
WARNING: C:\Users\Admin\.gradle\caches\9.5.0\transforms\3bc3e8b59ac242766612a83882366de8\transformed\common-9.9.10-runtime.jar: R8: Expected stack map table for method with non-linear control flow. In later version of R8, the method may be assumed not reachable.
WARNING: C:\Users\Admin\.gradle\caches\9.5.0\transforms\3bc3e8b59ac242766612a83882366de8\transformed\common-9.9.10-runtime.jar: R8: Expected stack map table for method with non-linear control flow. In later version of R8, the method may be assumed not reachable.
WARNING: C:\Users\Admin\.gradle\caches\9.5.0\transforms\3bc3e8b59ac242766612a83882366de8\transformed\common-9.9.10-runtime.jar: R8: Expected stack map table for method with non-linear control flow. In later version of R8, the method may be assumed not reachable.
WARNING: C:\Users\Admin\.gradle\caches\9.5.0\transforms\3bc3e8b59ac242766612a83882366de8\transformed\common-9.9.10-runtime.jar: R8: Expected stack map table for method with non-linear control flow. In later version of R8, the method may be assumed not reachable.
WARNING: C:\Users\Admin\.gradle\caches\9.5.0\transforms\3bc3e8b59ac242766612a83882366de8\transformed\common-9.9.10-runtime.jar: R8: Expected stack map table for method with non-linear control flow. In later version of R8, the method may be assumed not reachable.
WARNING: C:\Users\Admin\.gradle\caches\9.5.0\transforms\3bc3e8b59ac242766612a83882366de8\transformed\common-9.9.10-runtime.jar: R8: Expected stack map table for method with non-linear control flow. In later version of R8, the method may be assumed not reachable.
WARNING: C:\Users\Admin\.gradle\caches\9.5.0\transforms\3bc3e8b59ac242766612a83882366de8\transformed\common-9.9.10-runtime.jar: R8: Expected stack map table for method with non-linear control flow. In later version of R8, the method may be assumed not reachable.
WARNING: C:\Users\Admin\.gradle\caches\9.5.0\transforms\3bc3e8b59ac242766612a83882366de8\transformed\common-9.9.10-runtime.jar: R8: Expected stack map table for method with non-linear control flow. In later version of R8, the method may be assumed not reachable.
WARNING: C:\Users\Admin\.gradle\caches\9.5.0\transforms\3bc3e8b59ac242766612a83882366de8\transformed\common-9.9.10-runtime.jar: R8: Expected stack map table for method with non-linear control flow. In later version of R8, the method may be assumed not reachable.
WARNING: C:\Users\Admin\.gradle\caches\9.5.0\transforms\3bc3e8b59ac242766612a83882366de8\transformed\common-9.9.10-runtime.jar: R8: Expected stack map table for method with non-linear control flow. In later version of R8, the method may be assumed not reachable.
WARNING: C:\Users\Admin\.gradle\caches\9.5.0\transforms\3bc3e8b59ac242766612a83882366de8\transformed\common-9.9.10-runtime.jar: R8: Expected stack map table for method with non-linear control flow. In later version of R8, the method may be assumed not reachable.
WARNING: C:\Users\Admin\.gradle\caches\9.5.0\transforms\3bc3e8b59ac242766612a83882366de8\transformed\common-9.9.10-runtime.jar: R8: Expected stack map table for method with non-linear control flow. In later version of R8, the method may be assumed not reachable.
WARNING: C:\Users\Admin\.gradle\caches\9.5.0\transforms\3bc3e8b59ac242766612a83882366de8\transformed\common-9.9.10-runtime.jar: R8: Expected stack map table for method with non-linear control flow. In later version of R8, the method may be assumed not reachable.
WARNING: C:\Users\Admin\.gradle\caches\9.5.0\transforms\3bc3e8b59ac242766612a83882366de8\transformed\common-9.9.10-runtime.jar: R8: Expected stack map table for method with non-linear control flow. In later version of R8, the method may be assumed not reachable.
WARNING: C:\Users\Admin\.gradle\caches\9.5.0\transforms\3bc3e8b59ac242766612a83882366de8\transformed\common-9.9.10-runtime.jar: R8: Expected stack map table for method with non-linear control flow. In later version of R8, the method may be assumed not reachable.
WARNING: C:\Users\Admin\.gradle\caches\9.5.0\transforms\3bc3e8b59ac242766612a83882366de8\transformed\common-9.9.10-runtime.jar: R8: Expected stack map table for method with non-linear control flow. In later version of R8, the method may be assumed not reachable.
WARNING: C:\Users\Admin\.gradle\caches\9.5.0\transforms\3bc3e8b59ac242766612a83882366de8\transformed\common-9.9.10-runtime.jar: R8: Expected stack map table for method with non-linear control flow. In later version of R8, the method may be assumed not reachable.
WARNING: C:\Users\Admin\.gradle\caches\9.5.0\transforms\3bc3e8b59ac242766612a83882366de8\transformed\common-9.9.10-runtime.jar: R8: Expected stack map table for method with non-linear control flow. In later version of R8, the method may be assumed not reachable.
WARNING: C:\Users\Admin\.gradle\caches\9.5.0\transforms\3bc3e8b59ac242766612a83882366de8\transformed\common-9.9.10-runtime.jar: R8: Expected stack map table for method with non-linear control flow. In later version of R8, the method may be assumed not reachable.
WARNING: C:\Users\Admin\.gradle\caches\9.5.0\transforms\3bc3e8b59ac242766612a83882366de8\transformed\common-9.9.10-runtime.jar: R8: Expected stack map table for method with non-linear control flow. In later version of R8, the method may be assumed not reachable.
WARNING: C:\Users\Admin\.gradle\caches\9.5.0\transforms\3bc3e8b59ac242766612a83882366de8\transformed\common-9.9.10-runtime.jar: R8: Expected stack map table for method with non-linear control flow. In later version of R8, the method may be assumed not reachable.
WARNING: C:\Users\Admin\.gradle\caches\9.5.0\transforms\3bc3e8b59ac242766612a83882366de8\transformed\common-9.9.10-runtime.jar: R8: Expected stack map table for method with non-linear control flow. In later version of R8, the method may be assumed not reachable.
WARNING: C:\Users\Admin\.gradle\caches\9.5.0\transforms\3bc3e8b59ac242766612a83882366de8\transformed\common-9.9.10-runtime.jar: R8: Expected stack map table for method with non-linear control flow. In later version of R8, the method may be assumed not reachable.
WARNING: C:\Users\Admin\.gradle\caches\9.5.0\transforms\3bc3e8b59ac242766612a83882366de8\transformed\common-9.9.10-runtime.jar: R8: Expected stack map table for method with non-linear control flow. In later version of R8, the method may be assumed not reachable.
WARNING: C:\Users\Admin\.gradle\caches\9.5.0\transforms\3bc3e8b59ac242766612a83882366de8\transformed\common-9.9.10-runtime.jar: R8: Expected stack map table for method with non-linear control flow. In later version of R8, the method may be assumed not reachable.
WARNING: C:\Users\Admin\.gradle\caches\9.5.0\transforms\3bc3e8b59ac242766612a83882366de8\transformed\common-9.9.10-runtime.jar: R8: Expected stack map table for method with non-linear control flow. In later version of R8, the method may be assumed not reachable.
WARNING: C:\Users\Admin\.gradle\caches\9.5.0\transforms\3bc3e8b59ac242766612a83882366de8\transformed\common-9.9.10-runtime.jar: R8: Expected stack map table for method with non-linear control flow. In later version of R8, the method may be assumed not reachable.
WARNING: C:\Users\Admin\.gradle\caches\9.5.0\transforms\3bc3e8b59ac242766612a83882366de8\transformed\common-9.9.10-runtime.jar: R8: Expected stack map table for method with non-linear control flow. In later version of R8, the method may be assumed not reachable.
WARNING: C:\Users\Admin\.gradle\caches\9.5.0\transforms\3bc3e8b59ac242766612a83882366de8\transformed\common-9.9.10-runtime.jar: R8: Expected stack map table for method with non-linear control flow. In later version of R8, the method may be assumed not reachable.
WARNING: C:\Users\Admin\.gradle\caches\9.5.0\transforms\3bc3e8b59ac242766612a83882366de8\transformed\common-9.9.10-runtime.jar: R8: Expected stack map table for method with non-linear control flow. In later version of R8, the method may be assumed not reachable.
WARNING: C:\Users\Admin\.gradle\caches\9.5.0\transforms\3bc3e8b59ac242766612a83882366de8\transformed\common-9.9.10-runtime.jar: R8: Expected stack map table for method with non-linear control flow. In later version of R8, the method may be assumed not reachable.
WARNING: C:\Users\Admin\.gradle\caches\9.5.0\transforms\3bc3e8b59ac242766612a83882366de8\transformed\common-9.9.10-runtime.jar: R8: Expected stack map table for method with non-linear control flow. In later version of R8, the method may be assumed not reachable.
WARNING: C:\Users\Admin\.gradle\caches\9.5.0\transforms\3bc3e8b59ac242766612a83882366de8\transformed\common-9.9.10-runtime.jar: R8: Expected stack map table for method with non-linear control flow. In later version of R8, the method may be assumed not reachable.
WARNING: C:\Users\Admin\.gradle\caches\9.5.0\transforms\3bc3e8b59ac242766612a83882366de8\transformed\common-9.9.10-runtime.jar: R8: Expected stack map table for method with non-linear control flow. In later version of R8, the method may be assumed not reachable.
WARNING: C:\Users\Admin\.gradle\caches\9.5.0\transforms\3bc3e8b59ac242766612a83882366de8\transformed\common-9.9.10-runtime.jar: R8: Expected stack map table for method with non-linear control flow. In later version of R8, the method may be assumed not reachable.
WARNING: C:\Users\Admin\.gradle\caches\9.5.0\transforms\3bc3e8b59ac242766612a83882366de8\transformed\common-9.9.10-runtime.jar: R8: Expected stack map table for method with non-linear control flow. In later version of R8, the method may be assumed not reachable.
WARNING: C:\Users\Admin\.gradle\caches\9.5.0\transforms\3bc3e8b59ac242766612a83882366de8\transformed\common-9.9.10-runtime.jar: R8: Expected stack map table for method with non-linear control flow. In later version of R8, the method may be assumed not reachable.
WARNING: C:\Users\Admin\.gradle\caches\9.5.0\transforms\3bc3e8b59ac242766612a83882366de8\transformed\common-9.9.10-runtime.jar: R8: Expected stack map table for method with non-linear control flow. In later version of R8, the method may be assumed not reachable.
WARNING: C:\Users\Admin\.gradle\caches\9.5.0\transforms\3bc3e8b59ac242766612a83882366de8\transformed\common-9.9.10-runtime.jar: R8: Expected stack map table for method with non-linear control flow. In later version of R8, the method may be assumed not reachable.
WARNING: C:\Users\Admin\.gradle\caches\9.5.0\transforms\3bc3e8b59ac242766612a83882366de8\transformed\common-9.9.10-runtime.jar: R8: Expected stack map table for method with non-linear control flow. In later version of R8, the method may be assumed not reachable.
WARNING: C:\Users\Admin\.gradle\caches\9.5.0\transforms\3bc3e8b59ac242766612a83882366de8\transformed\common-9.9.10-runtime.jar: R8: Expected stack map table for method with non-linear control flow. In later version of R8, the method may be assumed not reachable.
WARNING: C:\Users\Admin\.gradle\caches\9.5.0\transforms\3bc3e8b59ac242766612a83882366de8\transformed\common-9.9.10-runtime.jar: R8: Expected stack map table for method with non-linear control flow. In later version of R8, the method may be assumed not reachable.
WARNING: C:\Users\Admin\.gradle\caches\9.5.0\transforms\3bc3e8b59ac242766612a83882366de8\transformed\common-9.9.10-runtime.jar: R8: Expected stack map table for method with non-linear control flow. In later version of R8, the method may be assumed not reachable.
WARNING: C:\Users\Admin\.gradle\caches\9.5.0\transforms\3bc3e8b59ac242766612a83882366de8\transformed\common-9.9.10-runtime.jar: R8: Expected stack map table for method with non-linear control flow. In later version of R8, the method may be assumed not reachable.
WARNING: C:\Users\Admin\.gradle\caches\9.5.0\transforms\3bc3e8b59ac242766612a83882366de8\transformed\common-9.9.10-runtime.jar: R8: Expected stack map table for method with non-linear control flow. In later version of R8, the method may be assumed not reachable.
WARNING: C:\Users\Admin\.gradle\caches\9.5.0\transforms\3bc3e8b59ac242766612a83882366de8\transformed\common-9.9.10-runtime.jar: R8: Expected stack map table for method with non-linear control flow. In later version of R8, the method may be assumed not reachable.
WARNING: C:\Users\Admin\.gradle\caches\9.5.0\transforms\3bc3e8b59ac242766612a83882366de8\transformed\common-9.9.10-runtime.jar: R8: Expected stack map table for method with non-linear control flow. In later version of R8, the method may be assumed not reachable.
WARNING: C:\Users\Admin\.gradle\caches\9.5.0\transforms\3bc3e8b59ac242766612a83882366de8\transformed\common-9.9.10-runtime.jar: R8: Expected stack map table for method with non-linear control flow. In later version of R8, the method may be assumed not reachable.
WARNING: C:\Users\Admin\.gradle\caches\9.5.0\transforms\3bc3e8b59ac242766612a83882366de8\transformed\common-9.9.10-runtime.jar: R8: Expected stack map table for method with non-linear control flow. In later version of R8, the method may be assumed not reachable.
WARNING: C:\Users\Admin\.gradle\caches\9.5.0\transforms\3bc3e8b59ac242766612a83882366de8\transformed\common-9.9.10-runtime.jar: R8: Expected stack map table for method with non-linear control flow. In later version of R8, the method may be assumed not reachable.
WARNING: C:\Users\Admin\.gradle\caches\9.5.0\transforms\3bc3e8b59ac242766612a83882366de8\transformed\common-9.9.10-runtime.jar: R8: Expected stack map table for method with non-linear control flow. In later version of R8, the method may be assumed not reachable.
WARNING: C:\Users\Admin\.gradle\caches\9.5.0\transforms\3bc3e8b59ac242766612a83882366de8\transformed\common-9.9.10-runtime.jar: R8: Expected stack map table for method with non-linear control flow. In later version of R8, the method may be assumed not reachable.
WARNING: C:\Users\Admin\.gradle\caches\9.5.0\transforms\3bc3e8b59ac242766612a83882366de8\transformed\common-9.9.10-runtime.jar: R8: Expected stack map table for method with non-linear control flow. In later version of R8, the method may be assumed not reachable.
WARNING: C:\Users\Admin\.gradle\caches\9.5.0\transforms\3bc3e8b59ac242766612a83882366de8\transformed\common-9.9.10-runtime.jar: R8: Expected stack map table for method with non-linear control flow. In later version of R8, the method may be assumed not reachable.
WARNING: C:\Users\Admin\.gradle\caches\9.5.0\transforms\3bc3e8b59ac242766612a83882366de8\transformed\common-9.9.10-runtime.jar: R8: Expected stack map table for method with non-linear control flow. In later version of R8, the method may be assumed not reachable.
WARNING: C:\Users\Admin\.gradle\caches\9.5.0\transforms\3bc3e8b59ac242766612a83882366de8\transformed\common-9.9.10-runtime.jar: R8: Expected stack map table for method with non-linear control flow. In later version of R8, the method may be assumed not reachable.
WARNING: C:\Users\Admin\.gradle\caches\9.5.0\transforms\3bc3e8b59ac242766612a83882366de8\transformed\common-9.9.10-runtime.jar: R8: Expected stack map table for method with non-linear control flow. In later version of R8, the method may be assumed not reachable.
WARNING: C:\Users\Admin\.gradle\caches\9.5.0\transforms\3bc3e8b59ac242766612a83882366de8\transformed\common-9.9.10-runtime.jar: R8: Expected stack map table for method with non-linear control flow. In later version of R8, the method may be assumed not reachable.
WARNING: C:\Users\Admin\.gradle\caches\9.5.0\transforms\3bc3e8b59ac242766612a83882366de8\transformed\common-9.9.10-runtime.jar: R8: Expected stack map table for method with non-linear control flow. In later version of R8, the method may be assumed not reachable.
WARNING: C:\Users\Admin\.gradle\caches\9.5.0\transforms\3bc3e8b59ac242766612a83882366de8\transformed\common-9.9.10-runtime.jar: R8: Expected stack map table for method with non-linear control flow. In later version of R8, the method may be assumed not reachable.
WARNING: C:\Users\Admin\.gradle\caches\9.5.0\transforms\3bc3e8b59ac242766612a83882366de8\transformed\common-9.9.10-runtime.jar: R8: Expected stack map table for method with non-linear control flow. In later version of R8, the method may be assumed not reachable.
WARNING: C:\Users\Admin\.gradle\caches\9.5.0\transforms\3bc3e8b59ac242766612a83882366de8\transformed\common-9.9.10-runtime.jar: R8: Expected stack map table for method with non-linear control flow. In later version of R8, the method may be assumed not reachable.
WARNING: C:\Users\Admin\.gradle\caches\9.5.0\transforms\3bc3e8b59ac242766612a83882366de8\transformed\common-9.9.10-runtime.jar: R8: Expected stack map table for method with non-linear control flow. In later version of R8, the method may be assumed not reachable.
WARNING: C:\Users\Admin\.gradle\caches\9.5.0\transforms\3bc3e8b59ac242766612a83882366de8\transformed\common-9.9.10-runtime.jar: R8: Expected stack map table for method with non-linear control flow. In later version of R8, the method may be assumed not reachable.
WARNING: C:\Users\Admin\.gradle\caches\9.5.0\transforms\3bc3e8b59ac242766612a83882366de8\transformed\common-9.9.10-runtime.jar: R8: Expected stack map table for method with non-linear control flow. In later version of R8, the method may be assumed not reachable.
WARNING: C:\Users\Admin\.gradle\caches\9.5.0\transforms\3bc3e8b59ac242766612a83882366de8\transformed\common-9.9.10-runtime.jar: R8: Expected stack map table for method with non-linear control flow. In later version of R8, the method may be assumed not reachable.
WARNING: C:\Users\Admin\.gradle\caches\9.5.0\transforms\3bc3e8b59ac242766612a83882366de8\transformed\common-9.9.10-runtime.jar: R8: Expected stack map table for method with non-linear control flow. In later version of R8, the method may be assumed not reachable.
WARNING: C:\Users\Admin\.gradle\caches\9.5.0\transforms\3bc3e8b59ac242766612a83882366de8\transformed\common-9.9.10-runtime.jar: R8: Expected stack map table for method with non-linear control flow. In later version of R8, the method may be assumed not reachable.
WARNING: C:\Users\Admin\.gradle\caches\9.5.0\transforms\3bc3e8b59ac242766612a83882366de8\transformed\common-9.9.10-runtime.jar: R8: Expected stack map table for method with non-linear control flow. In later version of R8, the method may be assumed not reachable.
WARNING: C:\Users\Admin\.gradle\caches\9.5.0\transforms\3bc3e8b59ac242766612a83882366de8\transformed\common-9.9.10-runtime.jar: R8: Expected stack map table for method with non-linear control flow. In later version of R8, the method may be assumed not reachable.
WARNING: C:\Users\Admin\.gradle\caches\9.5.0\transforms\3bc3e8b59ac242766612a83882366de8\transformed\common-9.9.10-runtime.jar: R8: Expected stack map table for method with non-linear control flow. In later version of R8, the method may be assumed not reachable.
WARNING: C:\Users\Admin\.gradle\caches\9.5.0\transforms\3bc3e8b59ac242766612a83882366de8\transformed\common-9.9.10-runtime.jar: R8: Expected stack map table for method with non-linear control flow. In later version of R8, the method may be assumed not reachable.
WARNING: C:\Users\Admin\.gradle\caches\9.5.0\transforms\3bc3e8b59ac242766612a83882366de8\transformed\common-9.9.10-runtime.jar: R8: Expected stack map table for method with non-linear control flow. In later version of R8, the method may be assumed not reachable.
WARNING: C:\Users\Admin\.gradle\caches\9.5.0\transforms\3bc3e8b59ac242766612a83882366de8\transformed\common-9.9.10-runtime.jar: R8: Expected stack map table for method with non-linear control flow. In later version of R8, the method may be assumed not reachable.
WARNING: C:\Users\Admin\.gradle\caches\9.5.0\transforms\3bc3e8b59ac242766612a83882366de8\transformed\common-9.9.10-runtime.jar: R8: Expected stack map table for method with non-linear control flow. In later version of R8, the method may be assumed not reachable.
WARNING: C:\Users\Admin\.gradle\caches\9.5.0\transforms\3bc3e8b59ac242766612a83882366de8\transformed\common-9.9.10-runtime.jar: R8: Expected stack map table for method with non-linear control flow. In later version of R8, the method may be assumed not reachable.
WARNING: C:\Users\Admin\.gradle\caches\9.5.0\transforms\3bc3e8b59ac242766612a83882366de8\transformed\common-9.9.10-runtime.jar: R8: Expected stack map table for method with non-linear control flow. In later version of R8, the method may be assumed not reachable.
WARNING: C:\Users\Admin\.gradle\caches\9.5.0\transforms\3bc3e8b59ac242766612a83882366de8\transformed\common-9.9.10-runtime.jar: R8: Expected stack map table for method with non-linear control flow. In later version of R8, the method may be assumed not reachable.
WARNING: C:\Users\Admin\.gradle\caches\9.5.0\transforms\3bc3e8b59ac242766612a83882366de8\transformed\common-9.9.10-runtime.jar: R8: Expected stack map table for method with non-linear control flow. In later version of R8, the method may be assumed not reachable.
WARNING: C:\Users\Admin\.gradle\caches\9.5.0\transforms\3bc3e8b59ac242766612a83882366de8\transformed\common-9.9.10-runtime.jar: R8: Expected stack map table for method with non-linear control flow. In later version of R8, the method may be assumed not reachable.
WARNING: C:\Users\Admin\.gradle\caches\9.5.0\transforms\3bc3e8b59ac242766612a83882366de8\transformed\common-9.9.10-runtime.jar: R8: Expected stack map table for method with non-linear control flow. In later version of R8, the method may be assumed not reachable.
WARNING: C:\Users\Admin\.gradle\caches\9.5.0\transforms\3bc3e8b59ac242766612a83882366de8\transformed\common-9.9.10-runtime.jar: R8: Expected stack map table for method with non-linear control flow. In later version of R8, the method may be assumed not reachable.
WARNING: C:\Users\Admin\.gradle\caches\9.5.0\transforms\3bc3e8b59ac242766612a83882366de8\transformed\common-9.9.10-runtime.jar: R8: Expected stack map table for method with non-linear control flow. In later version of R8, the method may be assumed not reachable.
WARNING: C:\Users\Admin\.gradle\caches\9.5.0\transforms\3bc3e8b59ac242766612a83882366de8\transformed\common-9.9.10-runtime.jar: R8: Expected stack map table for method with non-linear control flow. In later version of R8, the method may be assumed not reachable.
WARNING: C:\Users\Admin\.gradle\caches\9.5.0\transforms\3bc3e8b59ac242766612a83882366de8\transformed\common-9.9.10-runtime.jar: R8: Expected stack map table for method with non-linear control flow. In later version of R8, the method may be assumed not reachable.
WARNING: C:\Users\Admin\.gradle\caches\9.5.0\transforms\3bc3e8b59ac242766612a83882366de8\transformed\common-9.9.10-runtime.jar: R8: Expected stack map table for method with non-linear control flow. In later version of R8, the method may be assumed not reachable.
WARNING: C:\Users\Admin\.gradle\caches\9.5.0\transforms\3bc3e8b59ac242766612a83882366de8\transformed\common-9.9.10-runtime.jar: R8: Expected stack map table for method with non-linear control flow. In later version of R8, the method may be assumed not reachable.
WARNING: C:\Users\Admin\.gradle\caches\9.5.0\transforms\3bc3e8b59ac242766612a83882366de8\transformed\common-9.9.10-runtime.jar: R8: Expected stack map table for method with non-linear control flow. In later version of R8, the method may be assumed not reachable.
WARNING: C:\Users\Admin\.gradle\caches\9.5.0\transforms\3bc3e8b59ac242766612a83882366de8\transformed\common-9.9.10-runtime.jar: R8: Expected stack map table for method with non-linear control flow. In later version of R8, the method may be assumed not reachable.
WARNING: C:\Users\Admin\.gradle\caches\9.5.0\transforms\3bc3e8b59ac242766612a83882366de8\transformed\common-9.9.10-runtime.jar: R8: Expected stack map table for method with non-linear control flow. In later version of R8, the method may be assumed not reachable.
WARNING: C:\Users\Admin\.gradle\caches\9.5.0\transforms\3bc3e8b59ac242766612a83882366de8\transformed\common-9.9.10-runtime.jar: R8: Expected stack map table for method with non-linear control flow. In later version of R8, the method may be assumed not reachable.
WARNING: C:\Users\Admin\.gradle\caches\9.5.0\transforms\3bc3e8b59ac242766612a83882366de8\transformed\common-9.9.10-runtime.jar: R8: Expected stack map table for method with non-linear control flow. In later version of R8, the method may be assumed not reachable.
WARNING: C:\Users\Admin\.gradle\caches\9.5.0\transforms\3bc3e8b59ac242766612a83882366de8\transformed\common-9.9.10-runtime.jar: R8: Expected stack map table for method with non-linear control flow. In later version of R8, the method may be assumed not reachable.
WARNING: C:\Users\Admin\.gradle\caches\9.5.0\transforms\3bc3e8b59ac242766612a83882366de8\transformed\common-9.9.10-runtime.jar: R8: Expected stack map table for method with non-linear control flow. In later version of R8, the method may be assumed not reachable.
WARNING: C:\Users\Admin\.gradle\caches\9.5.0\transforms\3bc3e8b59ac242766612a83882366de8\transformed\common-9.9.10-runtime.jar: R8: Expected stack map table for method with non-linear control flow. In later version of R8, the method may be assumed not reachable.
WARNING: C:\Users\Admin\.gradle\caches\9.5.0\transforms\3bc3e8b59ac242766612a83882366de8\transformed\common-9.9.10-runtime.jar: R8: Expected stack map table for method with non-linear control flow. In later version of R8, the method may be assumed not reachable.
WARNING: C:\Users\Admin\.gradle\caches\9.5.0\transforms\3bc3e8b59ac242766612a83882366de8\transformed\common-9.9.10-runtime.jar: R8: Expected stack map table for method with non-linear control flow. In later version of R8, the method may be assumed not reachable.
WARNING: C:\Users\Admin\.gradle\caches\9.5.0\transforms\3bc3e8b59ac242766612a83882366de8\transformed\common-9.9.10-runtime.jar: R8: Expected stack map table for method with non-linear control flow. In later version of R8, the method may be assumed not reachable.
WARNING: C:\Users\Admin\.gradle\caches\9.5.0\transforms\3bc3e8b59ac242766612a83882366de8\transformed\common-9.9.10-runtime.jar: R8: Expected stack map table for method with non-linear control flow. In later version of R8, the method may be assumed not reachable.
WARNING: C:\Users\Admin\.gradle\caches\9.5.0\transforms\3bc3e8b59ac242766612a83882366de8\transformed\common-9.9.10-runtime.jar: R8: Expected stack map table for method with non-linear control flow. In later version of R8, the method may be assumed not reachable.
WARNING: C:\Users\Admin\.gradle\caches\9.5.0\transforms\3bc3e8b59ac242766612a83882366de8\transformed\common-9.9.10-runtime.jar: R8: Expected stack map table for method with non-linear control flow. In later version of R8, the method may be assumed not reachable.
WARNING: C:\Users\Admin\.gradle\caches\9.5.0\transforms\3bc3e8b59ac242766612a83882366de8\transformed\common-9.9.10-runtime.jar: R8: Expected stack map table for method with non-linear control flow. In later version of R8, the method may be assumed not reachable.
WARNING: C:\Users\Admin\.gradle\caches\9.5.0\transforms\3bc3e8b59ac242766612a83882366de8\transformed\common-9.9.10-runtime.jar: R8: Expected stack map table for method with non-linear control flow. In later version of R8, the method may be assumed not reachable.
WARNING: C:\Users\Admin\.gradle\caches\9.5.0\transforms\3bc3e8b59ac242766612a83882366de8\transformed\common-9.9.10-runtime.jar: R8: Expected stack map table for method with non-linear control flow. In later version of R8, the method may be assumed not reachable.
WARNING: C:\Users\Admin\.gradle\caches\9.5.0\transforms\3bc3e8b59ac242766612a83882366de8\transformed\common-9.9.10-runtime.jar: R8: Expected stack map table for method with non-linear control flow. In later version of R8, the method may be assumed not reachable.
WARNING: C:\Users\Admin\.gradle\caches\9.5.0\transforms\3bc3e8b59ac242766612a83882366de8\transformed\common-9.9.10-runtime.jar: R8: Expected stack map table for method with non-linear control flow. In later version of R8, the method may be assumed not reachable.
WARNING: C:\Users\Admin\.gradle\caches\9.5.0\transforms\3bc3e8b59ac242766612a83882366de8\transformed\common-9.9.10-runtime.jar: R8: Expected stack map table for method with non-linear control flow. In later version of R8, the method may be assumed not reachable.
WARNING: C:\Users\Admin\.gradle\caches\9.5.0\transforms\3bc3e8b59ac242766612a83882366de8\transformed\common-9.9.10-runtime.jar: R8: Expected stack map table for method with non-linear control flow. In later version of R8, the method may be assumed not reachable.
WARNING: C:\Users\Admin\.gradle\caches\9.5.0\transforms\3bc3e8b59ac242766612a83882366de8\transformed\common-9.9.10-runtime.jar: R8: Expected stack map table for method with non-linear control flow. In later version of R8, the method may be assumed not reachable.
WARNING: C:\Users\Admin\.gradle\caches\9.5.0\transforms\3bc3e8b59ac242766612a83882366de8\transformed\common-9.9.10-runtime.jar: R8: Expected stack map table for method with non-linear control flow. In later version of R8, the method may be assumed not reachable.
WARNING: C:\Users\Admin\.gradle\caches\9.5.0\transforms\3bc3e8b59ac242766612a83882366de8\transformed\common-9.9.10-runtime.jar: R8: Expected stack map table for method with non-linear control flow. In later version of R8, the method may be assumed not reachable.
WARNING: C:\Users\Admin\.gradle\caches\9.5.0\transforms\3bc3e8b59ac242766612a83882366de8\transformed\common-9.9.10-runtime.jar: R8: Expected stack map table for method with non-linear control flow. In later version of R8, the method may be assumed not reachable.
WARNING: C:\Users\Admin\.gradle\caches\9.5.0\transforms\3bc3e8b59ac242766612a83882366de8\transformed\common-9.9.10-runtime.jar: R8: Expected stack map table for method with non-linear control flow. In later version of R8, the method may be assumed not reachable.
WARNING: C:\Users\Admin\.gradle\caches\9.5.0\transforms\3bc3e8b59ac242766612a83882366de8\transformed\common-9.9.10-runtime.jar: R8: Expected stack map table for method with non-linear control flow. In later version of R8, the method may be assumed not reachable.
WARNING: C:\Users\Admin\.gradle\caches\9.5.0\transforms\3bc3e8b59ac242766612a83882366de8\transformed\common-9.9.10-runtime.jar: R8: Expected stack map table for method with non-linear control flow. In later version of R8, the method may be assumed not reachable.
WARNING: C:\Users\Admin\.gradle\caches\9.5.0\transforms\3bc3e8b59ac242766612a83882366de8\transformed\common-9.9.10-runtime.jar: R8: Expected stack map table for method with non-linear control flow. In later version of R8, the method may be assumed not reachable.
WARNING: C:\Users\Admin\.gradle\caches\9.5.0\transforms\3bc3e8b59ac242766612a83882366de8\transformed\common-9.9.10-runtime.jar: R8: Expected stack map table for method with non-linear control flow. In later version of R8, the method may be assumed not reachable.
WARNING: C:\Users\Admin\.gradle\caches\9.5.0\transforms\3bc3e8b59ac242766612a83882366de8\transformed\common-9.9.10-runtime.jar: R8: Expected stack map table for method with non-linear control flow. In later version of R8, the method may be assumed not reachable.
WARNING: C:\Users\Admin\.gradle\caches\9.5.0\transforms\3bc3e8b59ac242766612a83882366de8\transformed\common-9.9.10-runtime.jar: R8: Expected stack map table for method with non-linear control flow. In later version of R8, the method may be assumed not reachable.
WARNING: C:\Users\Admin\.gradle\caches\9.5.0\transforms\3bc3e8b59ac242766612a83882366de8\transformed\common-9.9.10-runtime.jar: R8: Expected stack map table for method with non-linear control flow. In later version of R8, the method may be assumed not reachable.
WARNING: C:\Users\Admin\.gradle\caches\9.5.0\transforms\3bc3e8b59ac242766612a83882366de8\transformed\common-9.9.10-runtime.jar: R8: Expected stack map table for method with non-linear control flow. In later version of R8, the method may be assumed not reachable.
WARNING: C:\Users\Admin\.gradle\caches\9.5.0\transforms\3bc3e8b59ac242766612a83882366de8\transformed\common-9.9.10-runtime.jar: R8: Expected stack map table for method with non-linear control flow. In later version of R8, the method may be assumed not reachable.
WARNING: C:\Users\Admin\.gradle\caches\9.5.0\transforms\3bc3e8b59ac242766612a83882366de8\transformed\common-9.9.10-runtime.jar: R8: Expected stack map table for method with non-linear control flow. In later version of R8, the method may be assumed not reachable.
WARNING: C:\Users\Admin\.gradle\caches\9.5.0\transforms\3bc3e8b59ac242766612a83882366de8\transformed\common-9.9.10-runtime.jar: R8: Expected stack map table for method with non-linear control flow. In later version of R8, the method may be assumed not reachable.
WARNING: C:\Users\Admin\.gradle\caches\9.5.0\transforms\3bc3e8b59ac242766612a83882366de8\transformed\common-9.9.10-runtime.jar: R8: Expected stack map table for method with non-linear control flow. In later version of R8, the method may be assumed not reachable.
WARNING: C:\Users\Admin\.gradle\caches\9.5.0\transforms\3bc3e8b59ac242766612a83882366de8\transformed\common-9.9.10-runtime.jar: R8: Expected stack map table for method with non-linear control flow. In later version of R8, the method may be assumed not reachable.
WARNING: C:\Users\Admin\.gradle\caches\9.5.0\transforms\3bc3e8b59ac242766612a83882366de8\transformed\common-9.9.10-runtime.jar: R8: Expected stack map table for method with non-linear control flow. In later version of R8, the method may be assumed not reachable.
WARNING: C:\Users\Admin\.gradle\caches\9.5.0\transforms\3bc3e8b59ac242766612a83882366de8\transformed\common-9.9.10-runtime.jar: R8: Expected stack map table for method with non-linear control flow. In later version of R8, the method may be assumed not reachable.
WARNING: C:\Users\Admin\.gradle\caches\9.5.0\transforms\3bc3e8b59ac242766612a83882366de8\transformed\common-9.9.10-runtime.jar: R8: Expected stack map table for method with non-linear control flow. In later version of R8, the method may be assumed not reachable.
WARNING: C:\Users\Admin\.gradle\caches\9.5.0\transforms\3bc3e8b59ac242766612a83882366de8\transformed\common-9.9.10-runtime.jar: R8: Expected stack map table for method with non-linear control flow. In later version of R8, the method may be assumed not reachable.
WARNING: C:\Users\Admin\.gradle\caches\9.5.0\transforms\3bc3e8b59ac242766612a83882366de8\transformed\common-9.9.10-runtime.jar: R8: Expected stack map table for method with non-linear control flow. In later version of R8, the method may be assumed not reachable.
WARNING: C:\Users\Admin\.gradle\caches\9.5.0\transforms\3bc3e8b59ac242766612a83882366de8\transformed\common-9.9.10-runtime.jar: R8: Expected stack map table for method with non-linear control flow. In later version of R8, the method may be assumed not reachable.
WARNING: C:\Users\Admin\.gradle\caches\9.5.0\transforms\3bc3e8b59ac242766612a83882366de8\transformed\common-9.9.10-runtime.jar: R8: Expected stack map table for method with non-linear control flow. In later version of R8, the method may be assumed not reachable.
WARNING: C:\Users\Admin\.gradle\caches\9.5.0\transforms\3bc3e8b59ac242766612a83882366de8\transformed\common-9.9.10-runtime.jar: R8: Expected stack map table for method with non-linear control flow. In later version of R8, the method may be assumed not reachable.
WARNING: C:\Users\Admin\.gradle\caches\9.5.0\transforms\3bc3e8b59ac242766612a83882366de8\transformed\common-9.9.10-runtime.jar: R8: Expected stack map table for method with non-linear control flow. In later version of R8, the method may be assumed not reachable.
WARNING: C:\Users\Admin\.gradle\caches\9.5.0\transforms\3bc3e8b59ac242766612a83882366de8\transformed\common-9.9.10-runtime.jar: R8: Expected stack map table for method with non-linear control flow. In later version of R8, the method may be assumed not reachable.
WARNING: C:\Users\Admin\.gradle\caches\9.5.0\transforms\3bc3e8b59ac242766612a83882366de8\transformed\common-9.9.10-runtime.jar: R8: Expected stack map table for method with non-linear control flow. In later version of R8, the method may be assumed not reachable.
WARNING: C:\Users\Admin\.gradle\caches\9.5.0\transforms\3bc3e8b59ac242766612a83882366de8\transformed\common-9.9.10-runtime.jar: R8: Expected stack map table for method with non-linear control flow. In later version of R8, the method may be assumed not reachable.
WARNING: C:\Users\Admin\.gradle\caches\9.5.0\transforms\3bc3e8b59ac242766612a83882366de8\transformed\common-9.9.10-runtime.jar: R8: Expected stack map table for method with non-linear control flow. In later version of R8, the method may be assumed not reachable.
WARNING: C:\Users\Admin\.gradle\caches\9.5.0\transforms\3bc3e8b59ac242766612a83882366de8\transformed\common-9.9.10-runtime.jar: R8: Expected stack map table for method with non-linear control flow. In later version of R8, the method may be assumed not reachable.
WARNING: C:\Users\Admin\.gradle\caches\9.5.0\transforms\3bc3e8b59ac242766612a83882366de8\transformed\common-9.9.10-runtime.jar: R8: Expected stack map table for method with non-linear control flow. In later version of R8, the method may be assumed not reachable.
WARNING: C:\Users\Admin\.gradle\caches\9.5.0\transforms\3bc3e8b59ac242766612a83882366de8\transformed\common-9.9.10-runtime.jar: R8: Expected stack map table for method with non-linear control flow. In later version of R8, the method may be assumed not reachable.
WARNING: C:\Users\Admin\.gradle\caches\9.5.0\transforms\3bc3e8b59ac242766612a83882366de8\transformed\common-9.9.10-runtime.jar: R8: Expected stack map table for method with non-linear control flow. In later version of R8, the method may be assumed not reachable.
WARNING: C:\Users\Admin\.gradle\caches\9.5.0\transforms\3bc3e8b59ac242766612a83882366de8\transformed\common-9.9.10-runtime.jar: R8: Expected stack map table for method with non-linear control flow. In later version of R8, the method may be assumed not reachable.
WARNING: C:\Users\Admin\.gradle\caches\9.5.0\transforms\3bc3e8b59ac242766612a83882366de8\transformed\common-9.9.10-runtime.jar: R8: Expected stack map table for method with non-linear control flow. In later version of R8, the method may be assumed not reachable.
WARNING: C:\Users\Admin\.gradle\caches\9.5.0\transforms\3bc3e8b59ac242766612a83882366de8\transformed\common-9.9.10-runtime.jar: R8: Expected stack map table for method with non-linear control flow. In later version of R8, the method may be assumed not reachable.
WARNING: C:\Users\Admin\.gradle\caches\9.5.0\transforms\3bc3e8b59ac242766612a83882366de8\transformed\common-9.9.10-runtime.jar: R8: Expected stack map table for method with non-linear control flow. In later version of R8, the method may be assumed not reachable.
WARNING: C:\Users\Admin\.gradle\caches\9.5.0\transforms\3bc3e8b59ac242766612a83882366de8\transformed\common-9.9.10-runtime.jar: R8: Expected stack map table for method with non-linear control flow. In later version of R8, the method may be assumed not reachable.
WARNING: C:\Users\Admin\.gradle\caches\9.5.0\transforms\3bc3e8b59ac242766612a83882366de8\transformed\common-9.9.10-runtime.jar: R8: Expected stack map table for method with non-linear control flow. In later version of R8, the method may be assumed not reachable.
WARNING: C:\Users\Admin\.gradle\caches\9.5.0\transforms\3bc3e8b59ac242766612a83882366de8\transformed\common-9.9.10-runtime.jar: R8: Expected stack map table for method with non-linear control flow. In later version of R8, the method may be assumed not reachable.
WARNING: C:\Users\Admin\.gradle\caches\9.5.0\transforms\3bc3e8b59ac242766612a83882366de8\transformed\common-9.9.10-runtime.jar: R8: Expected stack map table for method with non-linear control flow. In later version of R8, the method may be assumed not reachable.
WARNING: C:\Users\Admin\.gradle\caches\9.5.0\transforms\3bc3e8b59ac242766612a83882366de8\transformed\common-9.9.10-runtime.jar: R8: Expected stack map table for method with non-linear control flow. In later version of R8, the method may be assumed not reachable.
WARNING: C:\Users\Admin\.gradle\caches\9.5.0\transforms\3bc3e8b59ac242766612a83882366de8\transformed\common-9.9.10-runtime.jar: R8: Expected stack map table for method with non-linear control flow. In later version of R8, the method may be assumed not reachable.
WARNING: C:\Users\Admin\.gradle\caches\9.5.0\transforms\3bc3e8b59ac242766612a83882366de8\transformed\common-9.9.10-runtime.jar: R8: Expected stack map table for method with non-linear control flow. In later version of R8, the method may be assumed not reachable.
WARNING: C:\Users\Admin\.gradle\caches\9.5.0\transforms\3bc3e8b59ac242766612a83882366de8\transformed\common-9.9.10-runtime.jar: R8: Expected stack map table for method with non-linear control flow. In later version of R8, the method may be assumed not reachable.
WARNING: C:\Users\Admin\.gradle\caches\9.5.0\transforms\3bc3e8b59ac242766612a83882366de8\transformed\common-9.9.10-runtime.jar: R8: Expected stack map table for method with non-linear control flow. In later version of R8, the method may be assumed not reachable.
WARNING: C:\Users\Admin\.gradle\caches\9.5.0\transforms\3bc3e8b59ac242766612a83882366de8\transformed\common-9.9.10-runtime.jar: R8: Expected stack map table for method with non-linear control flow. In later version of R8, the method may be assumed not reachable.
WARNING: C:\Users\Admin\.gradle\caches\9.5.0\transforms\3bc3e8b59ac242766612a83882366de8\transformed\common-9.9.10-runtime.jar: R8: Expected stack map table for method with non-linear control flow. In later version of R8, the method may be assumed not reachable.
WARNING: C:\Users\Admin\.gradle\caches\9.5.0\transforms\3bc3e8b59ac242766612a83882366de8\transformed\common-9.9.10-runtime.jar: R8: Expected stack map table for method with non-linear control flow. In later version of R8, the method may be assumed not reachable.
WARNING: C:\Users\Admin\.gradle\caches\9.5.0\transforms\3bc3e8b59ac242766612a83882366de8\transformed\common-9.9.10-runtime.jar: R8: Expected stack map table for method with non-linear control flow. In later version of R8, the method may be assumed not reachable.
WARNING: C:\Users\Admin\.gradle\caches\9.5.0\transforms\3bc3e8b59ac242766612a83882366de8\transformed\common-9.9.10-runtime.jar: R8: Expected stack map table for method with non-linear control flow. In later version of R8, the method may be assumed not reachable.
WARNING: C:\Users\Admin\.gradle\caches\9.5.0\transforms\3bc3e8b59ac242766612a83882366de8\transformed\common-9.9.10-runtime.jar: R8: Expected stack map table for method with non-linear control flow. In later version of R8, the method may be assumed not reachable.
WARNING: C:\Users\Admin\.gradle\caches\9.5.0\transforms\3bc3e8b59ac242766612a83882366de8\transformed\common-9.9.10-runtime.jar: R8: Expected stack map table for method with non-linear control flow. In later version of R8, the method may be assumed not reachable.
WARNING: C:\Users\Admin\.gradle\caches\9.5.0\transforms\3bc3e8b59ac242766612a83882366de8\transformed\common-9.9.10-runtime.jar: R8: Expected stack map table for method with non-linear control flow. In later version of R8, the method may be assumed not reachable.
WARNING: C:\Users\Admin\.gradle\caches\9.5.0\transforms\3bc3e8b59ac242766612a83882366de8\transformed\common-9.9.10-runtime.jar: R8: Expected stack map table for method with non-linear control flow. In later version of R8, the method may be assumed not reachable.
WARNING: C:\Users\Admin\.gradle\caches\9.5.0\transforms\3bc3e8b59ac242766612a83882366de8\transformed\common-9.9.10-runtime.jar: R8: Expected stack map table for method with non-linear control flow. In later version of R8, the method may be assumed not reachable.
WARNING: C:\Users\Admin\.gradle\caches\9.5.0\transforms\3bc3e8b59ac242766612a83882366de8\transformed\common-9.9.10-runtime.jar: R8: Expected stack map table for method with non-linear control flow. In later version of R8, the method may be assumed not reachable.
WARNING: C:\Users\Admin\.gradle\caches\9.5.0\transforms\3bc3e8b59ac242766612a83882366de8\transformed\common-9.9.10-runtime.jar: R8: Expected stack map table for method with non-linear control flow. In later version of R8, the method may be assumed not reachable.
WARNING: C:\Users\Admin\.gradle\caches\9.5.0\transforms\3bc3e8b59ac242766612a83882366de8\transformed\common-9.9.10-runtime.jar: R8: Expected stack map table for method with non-linear control flow. In later version of R8, the method may be assumed not reachable.
WARNING: C:\Users\Admin\.gradle\caches\9.5.0\transforms\3bc3e8b59ac242766612a83882366de8\transformed\common-9.9.10-runtime.jar: R8: Expected stack map table for method with non-linear control flow. In later version of R8, the method may be assumed not reachable.
WARNING: C:\Users\Admin\.gradle\caches\9.5.0\transforms\3bc3e8b59ac242766612a83882366de8\transformed\common-9.9.10-runtime.jar: R8: Expected stack map table for method with non-linear control flow. In later version of R8, the method may be assumed not reachable.
WARNING: C:\Users\Admin\.gradle\caches\9.5.0\transforms\3bc3e8b59ac242766612a83882366de8\transformed\common-9.9.10-runtime.jar: R8: Expected stack map table for method with non-linear control flow. In later version of R8, the method may be assumed not reachable.
WARNING: C:\Users\Admin\.gradle\caches\9.5.0\transforms\3bc3e8b59ac242766612a83882366de8\transformed\common-9.9.10-runtime.jar: R8: Expected stack map table for method with non-linear control flow. In later version of R8, the method may be assumed not reachable.
WARNING: C:\Users\Admin\.gradle\caches\9.5.0\transforms\3bc3e8b59ac242766612a83882366de8\transformed\common-9.9.10-runtime.jar: R8: Expected stack map table for method with non-linear control flow. In later version of R8, the method may be assumed not reachable.
WARNING: C:\Users\Admin\.gradle\caches\9.5.0\transforms\3bc3e8b59ac242766612a83882366de8\transformed\common-9.9.10-runtime.jar: R8: Expected stack map table for method with non-linear control flow. In later version of R8, the method may be assumed not reachable.
WARNING: C:\Users\Admin\.gradle\caches\9.5.0\transforms\3bc3e8b59ac242766612a83882366de8\transformed\common-9.9.10-runtime.jar: R8: Expected stack map table for method with non-linear control flow. In later version of R8, the method may be assumed not reachable.
WARNING: C:\Users\Admin\.gradle\caches\9.5.0\transforms\3bc3e8b59ac242766612a83882366de8\transformed\common-9.9.10-runtime.jar: R8: Expected stack map table for method with non-linear control flow. In later version of R8, the method may be assumed not reachable.
WARNING: C:\Users\Admin\.gradle\caches\9.5.0\transforms\3bc3e8b59ac242766612a83882366de8\transformed\common-9.9.10-runtime.jar: R8: Expected stack map table for method with non-linear control flow. In later version of R8, the method may be assumed not reachable.
WARNING: C:\Users\Admin\.gradle\caches\9.5.0\transforms\3bc3e8b59ac242766612a83882366de8\transformed\common-9.9.10-runtime.jar: R8: Expected stack map table for method with non-linear control flow. In later version of R8, the method may be assumed not reachable.
WARNING: C:\Users\Admin\.gradle\caches\9.5.0\transforms\3bc3e8b59ac242766612a83882366de8\transformed\common-9.9.10-runtime.jar: R8: Expected stack map table for method with non-linear control flow. In later version of R8, the method may be assumed not reachable.
WARNING: C:\Users\Admin\.gradle\caches\9.5.0\transforms\3bc3e8b59ac242766612a83882366de8\transformed\common-9.9.10-runtime.jar: R8: Expected stack map table for method with non-linear control flow. In later version of R8, the method may be assumed not reachable.
WARNING: C:\Users\Admin\.gradle\caches\9.5.0\transforms\3bc3e8b59ac242766612a83882366de8\transformed\common-9.9.10-runtime.jar: R8: Expected stack map table for method with non-linear control flow. In later version of R8, the method may be assumed not reachable.
WARNING: C:\Users\Admin\.gradle\caches\9.5.0\transforms\3bc3e8b59ac242766612a83882366de8\transformed\common-9.9.10-runtime.jar: R8: Expected stack map table for method with non-linear control flow. In later version of R8, the method may be assumed not reachable.
WARNING: C:\Users\Admin\.gradle\caches\9.5.0\transforms\3bc3e8b59ac242766612a83882366de8\transformed\common-9.9.10-runtime.jar: R8: Expected stack map table for method with non-linear control flow. In later version of R8, the method may be assumed not reachable.
WARNING: C:\Users\Admin\.gradle\caches\9.5.0\transforms\3bc3e8b59ac242766612a83882366de8\transformed\common-9.9.10-runtime.jar: R8: Expected stack map table for method with non-linear control flow. In later version of R8, the method may be assumed not reachable.
WARNING: C:\Users\Admin\.gradle\caches\9.5.0\transforms\3bc3e8b59ac242766612a83882366de8\transformed\common-9.9.10-runtime.jar: R8: Expected stack map table for method with non-linear control flow. In later version of R8, the method may be assumed not reachable.
WARNING: C:\Users\Admin\.gradle\caches\9.5.0\transforms\3bc3e8b59ac242766612a83882366de8\transformed\common-9.9.10-runtime.jar: R8: Expected stack map table for method with non-linear control flow. In later version of R8, the method may be assumed not reachable.
WARNING: C:\Users\Admin\.gradle\caches\9.5.0\transforms\3bc3e8b59ac242766612a83882366de8\transformed\common-9.9.10-runtime.jar: R8: Expected stack map table for method with non-linear control flow. In later version of R8, the method may be assumed not reachable.
WARNING: C:\Users\Admin\.gradle\caches\9.5.0\transforms\3bc3e8b59ac242766612a83882366de8\transformed\common-9.9.10-runtime.jar: R8: Expected stack map table for method with non-linear control flow. In later version of R8, the method may be assumed not reachable.
WARNING: C:\Users\Admin\.gradle\caches\9.5.0\transforms\3bc3e8b59ac242766612a83882366de8\transformed\common-9.9.10-runtime.jar: R8: Expected stack map table for method with non-linear control flow. In later version of R8, the method may be assumed not reachable.
WARNING: C:\Users\Admin\.gradle\caches\9.5.0\transforms\3bc3e8b59ac242766612a83882366de8\transformed\common-9.9.10-runtime.jar: R8: Expected stack map table for method with non-linear control flow. In later version of R8, the method may be assumed not reachable.
WARNING: C:\Users\Admin\.gradle\caches\9.5.0\transforms\3bc3e8b59ac242766612a83882366de8\transformed\common-9.9.10-runtime.jar: R8: Expected stack map table for method with non-linear control flow. In later version of R8, the method may be assumed not reachable.
WARNING: C:\Users\Admin\.gradle\caches\9.5.0\transforms\3bc3e8b59ac242766612a83882366de8\transformed\common-9.9.10-runtime.jar: R8: Expected stack map table for method with non-linear control flow. In later version of R8, the method may be assumed not reachable.
WARNING: C:\Users\Admin\.gradle\caches\9.5.0\transforms\3bc3e8b59ac242766612a83882366de8\transformed\common-9.9.10-runtime.jar: R8: Expected stack map table for method with non-linear control flow. In later version of R8, the method may be assumed not reachable.
WARNING: C:\Users\Admin\.gradle\caches\9.5.0\transforms\3bc3e8b59ac242766612a83882366de8\transformed\common-9.9.10-runtime.jar: R8: Expected stack map table for method with non-linear control flow. In later version of R8, the method may be assumed not reachable.
WARNING: C:\Users\Admin\.gradle\caches\9.5.0\transforms\3bc3e8b59ac242766612a83882366de8\transformed\common-9.9.10-runtime.jar: R8: Expected stack map table for method with non-linear control flow. In later version of R8, the method may be assumed not reachable.
WARNING: C:\Users\Admin\.gradle\caches\9.5.0\transforms\3bc3e8b59ac242766612a83882366de8\transformed\common-9.9.10-runtime.jar: R8: Expected stack map table for method with non-linear control flow. In later version of R8, the method may be assumed not reachable.
WARNING: C:\Users\Admin\.gradle\caches\9.5.0\transforms\3bc3e8b59ac242766612a83882366de8\transformed\common-9.9.10-runtime.jar: R8: Expected stack map table for method with non-linear control flow. In later version of R8, the method may be assumed not reachable.
WARNING: C:\Users\Admin\.gradle\caches\9.5.0\transforms\3bc3e8b59ac242766612a83882366de8\transformed\common-9.9.10-runtime.jar: R8: Expected stack map table for method with non-linear control flow. In later version of R8, the method may be assumed not reachable.
WARNING: C:\Users\Admin\.gradle\caches\9.5.0\transforms\3bc3e8b59ac242766612a83882366de8\transformed\common-9.9.10-runtime.jar: R8: Expected stack map table for method with non-linear control flow. In later version of R8, the method may be assumed not reachable.
WARNING: C:\Users\Admin\.gradle\caches\9.5.0\transforms\3bc3e8b59ac242766612a83882366de8\transformed\common-9.9.10-runtime.jar: R8: Expected stack map table for method with non-linear control flow. In later version of R8, the method may be assumed not reachable.
WARNING: C:\Users\Admin\.gradle\caches\9.5.0\transforms\3bc3e8b59ac242766612a83882366de8\transformed\common-9.9.10-runtime.jar: R8: Expected stack map table for method with non-linear control flow. In later version of R8, the method may be assumed not reachable.
WARNING: C:\Users\Admin\.gradle\caches\9.5.0\transforms\3bc3e8b59ac242766612a83882366de8\transformed\common-9.9.10-runtime.jar: R8: Expected stack map table for method with non-linear control flow. In later version of R8, the method may be assumed not reachable.
WARNING: C:\Users\Admin\.gradle\caches\9.5.0\transforms\3bc3e8b59ac242766612a83882366de8\transformed\common-9.9.10-runtime.jar: R8: Expected stack map table for method with non-linear control flow. In later version of R8, the method may be assumed not reachable.
WARNING: C:\Users\Admin\.gradle\caches\9.5.0\transforms\3bc3e8b59ac242766612a83882366de8\transformed\common-9.9.10-runtime.jar: R8: Expected stack map table for method with non-linear control flow. In later version of R8, the method may be assumed not reachable.
WARNING: C:\Users\Admin\.gradle\caches\9.5.0\transforms\3bc3e8b59ac242766612a83882366de8\transformed\common-9.9.10-runtime.jar: R8: Expected stack map table for method with non-linear control flow. In later version of R8, the method may be assumed not reachable.
WARNING: C:\Users\Admin\.gradle\caches\9.5.0\transforms\3bc3e8b59ac242766612a83882366de8\transformed\common-9.9.10-runtime.jar: R8: Expected stack map table for method with non-linear control flow. In later version of R8, the method may be assumed not reachable.
WARNING: C:\Users\Admin\.gradle\caches\9.5.0\transforms\3bc3e8b59ac242766612a83882366de8\transformed\common-9.9.10-runtime.jar: R8: Expected stack map table for method with non-linear control flow. In later version of R8, the method may be assumed not reachable.
WARNING: C:\Users\Admin\.gradle\caches\9.5.0\transforms\3bc3e8b59ac242766612a83882366de8\transformed\common-9.9.10-runtime.jar: R8: Expected stack map table for method with non-linear control flow. In later version of R8, the method may be assumed not reachable.
WARNING: C:\Users\Admin\.gradle\caches\9.5.0\transforms\3bc3e8b59ac242766612a83882366de8\transformed\common-9.9.10-runtime.jar: R8: Expected stack map table for method with non-linear control flow. In later version of R8, the method may be assumed not reachable.
WARNING: C:\Users\Admin\.gradle\caches\9.5.0\transforms\3bc3e8b59ac242766612a83882366de8\transformed\common-9.9.10-runtime.jar: R8: Expected stack map table for method with non-linear control flow. In later version of R8, the method may be assumed not reachable.
WARNING: C:\Users\Admin\.gradle\caches\9.5.0\transforms\3bc3e8b59ac242766612a83882366de8\transformed\common-9.9.10-runtime.jar: R8: Expected stack map table for method with non-linear control flow. In later version of R8, the method may be assumed not reachable.
WARNING: C:\Users\Admin\.gradle\caches\9.5.0\transforms\3bc3e8b59ac242766612a83882366de8\transformed\common-9.9.10-runtime.jar: R8: Expected stack map table for method with non-linear control flow. In later version of R8, the method may be assumed not reachable.
WARNING: C:\Users\Admin\.gradle\caches\9.5.0\transforms\3bc3e8b59ac242766612a83882366de8\transformed\common-9.9.10-runtime.jar: R8: Expected stack map table for method with non-linear control flow. In later version of R8, the method may be assumed not reachable.
WARNING: C:\Users\Admin\.gradle\caches\9.5.0\transforms\3bc3e8b59ac242766612a83882366de8\transformed\common-9.9.10-runtime.jar: R8: Expected stack map table for method with non-linear control flow. In later version of R8, the method may be assumed not reachable.
WARNING: C:\Users\Admin\.gradle\caches\9.5.0\transforms\3bc3e8b59ac242766612a83882366de8\transformed\common-9.9.10-runtime.jar: R8: Expected stack map table for method with non-linear control flow. In later version of R8, the method may be assumed not reachable.
WARNING: C:\Users\Admin\.gradle\caches\9.5.0\transforms\3bc3e8b59ac242766612a83882366de8\transformed\common-9.9.10-runtime.jar: R8: Expected stack map table for method with non-linear control flow. In later version of R8, the method may be assumed not reachable.
WARNING: C:\Users\Admin\.gradle\caches\9.5.0\transforms\3bc3e8b59ac242766612a83882366de8\transformed\common-9.9.10-runtime.jar: R8: Expected stack map table for method with non-linear control flow. In later version of R8, the method may be assumed not reachable.
WARNING: C:\Users\Admin\.gradle\caches\9.5.0\transforms\3bc3e8b59ac242766612a83882366de8\transformed\common-9.9.10-runtime.jar: R8: Expected stack map table for method with non-linear control flow. In later version of R8, the method may be assumed not reachable.
WARNING: C:\Users\Admin\.gradle\caches\9.5.0\transforms\3bc3e8b59ac242766612a83882366de8\transformed\common-9.9.10-runtime.jar: R8: Expected stack map table for method with non-linear control flow. In later version of R8, the method may be assumed not reachable.
WARNING: C:\Users\Admin\.gradle\caches\9.5.0\transforms\3bc3e8b59ac242766612a83882366de8\transformed\common-9.9.10-runtime.jar: R8: Expected stack map table for method with non-linear control flow. In later version of R8, the method may be assumed not reachable.
WARNING: C:\Users\Admin\.gradle\caches\9.5.0\transforms\3bc3e8b59ac242766612a83882366de8\transformed\common-9.9.10-runtime.jar: R8: Expected stack map table for method with non-linear control flow. In later version of R8, the method may be assumed not reachable.
WARNING: C:\Users\Admin\.gradle\caches\9.5.0\transforms\3bc3e8b59ac242766612a83882366de8\transformed\common-9.9.10-runtime.jar: R8: Expected stack map table for method with non-linear control flow. In later version of R8, the method may be assumed not reachable.
WARNING: C:\Users\Admin\.gradle\caches\9.5.0\transforms\3bc3e8b59ac242766612a83882366de8\transformed\common-9.9.10-runtime.jar: R8: Expected stack map table for method with non-linear control flow. In later version of R8, the method may be assumed not reachable.
WARNING: C:\Users\Admin\.gradle\caches\9.5.0\transforms\3bc3e8b59ac242766612a83882366de8\transformed\common-9.9.10-runtime.jar: R8: Expected stack map table for method with non-linear control flow. In later version of R8, the method may be assumed not reachable.
WARNING: C:\Users\Admin\.gradle\caches\9.5.0\transforms\3bc3e8b59ac242766612a83882366de8\transformed\common-9.9.10-runtime.jar: R8: Expected stack map table for method with non-linear control flow. In later version of R8, the method may be assumed not reachable.
WARNING: C:\Users\Admin\.gradle\caches\9.5.0\transforms\3bc3e8b59ac242766612a83882366de8\transformed\common-9.9.10-runtime.jar: R8: Expected stack map table for method with non-linear control flow. In later version of R8, the method may be assumed not reachable.
WARNING: C:\Users\Admin\.gradle\caches\9.5.0\transforms\3bc3e8b59ac242766612a83882366de8\transformed\common-9.9.10-runtime.jar: R8: Expected stack map table for method with non-linear control flow. In later version of R8, the method may be assumed not reachable.
WARNING: C:\Users\Admin\.gradle\caches\9.5.0\transforms\3bc3e8b59ac242766612a83882366de8\transformed\common-9.9.10-runtime.jar: R8: Expected stack map table for method with non-linear control flow. In later version of R8, the method may be assumed not reachable.
WARNING: C:\Users\Admin\.gradle\caches\9.5.0\transforms\3bc3e8b59ac242766612a83882366de8\transformed\common-9.9.10-runtime.jar: R8: Expected stack map table for method with non-linear control flow. In later version of R8, the method may be assumed not reachable.
WARNING: C:\Users\Admin\.gradle\caches\9.5.0\transforms\3bc3e8b59ac242766612a83882366de8\transformed\common-9.9.10-runtime.jar: R8: Expected stack map table for method with non-linear control flow. In later version of R8, the method may be assumed not reachable.
WARNING: C:\Users\Admin\.gradle\caches\9.5.0\transforms\3bc3e8b59ac242766612a83882366de8\transformed\common-9.9.10-runtime.jar: R8: Expected stack map table for method with non-linear control flow. In later version of R8, the method may be assumed not reachable.
WARNING: C:\Users\Admin\.gradle\caches\9.5.0\transforms\3bc3e8b59ac242766612a83882366de8\transformed\common-9.9.10-runtime.jar: R8: Expected stack map table for method with non-linear control flow. In later version of R8, the method may be assumed not reachable.
WARNING: C:\Users\Admin\.gradle\caches\9.5.0\transforms\3bc3e8b59ac242766612a83882366de8\transformed\common-9.9.10-runtime.jar: R8: Expected stack map table for method with non-linear control flow. In later version of R8, the method may be assumed not reachable.
WARNING: C:\Users\Admin\.gradle\caches\9.5.0\transforms\3bc3e8b59ac242766612a83882366de8\transformed\common-9.9.10-runtime.jar: R8: Expected stack map table for method with non-linear control flow. In later version of R8, the method may be assumed not reachable.
WARNING: C:\Users\Admin\.gradle\caches\9.5.0\transforms\3bc3e8b59ac242766612a83882366de8\transformed\common-9.9.10-runtime.jar: R8: Expected stack map table for method with non-linear control flow. In later version of R8, the method may be assumed not reachable.
WARNING: C:\Users\Admin\.gradle\caches\9.5.0\transforms\3bc3e8b59ac242766612a83882366de8\transformed\common-9.9.10-runtime.jar: R8: Expected stack map table for method with non-linear control flow. In later version of R8, the method may be assumed not reachable.
WARNING: C:\Users\Admin\.gradle\caches\9.5.0\transforms\3bc3e8b59ac242766612a83882366de8\transformed\common-9.9.10-runtime.jar: R8: Expected stack map table for method with non-linear control flow. In later version of R8, the method may be assumed not reachable.
WARNING: C:\Users\Admin\.gradle\caches\9.5.0\transforms\3bc3e8b59ac242766612a83882366de8\transformed\common-9.9.10-runtime.jar: R8: Expected stack map table for method with non-linear control flow. In later version of R8, the method may be assumed not reachable.
WARNING: C:\Users\Admin\.gradle\caches\9.5.0\transforms\3bc3e8b59ac242766612a83882366de8\transformed\common-9.9.10-runtime.jar: R8: Expected stack map table for method with non-linear control flow. In later version of R8, the method may be assumed not reachable.
WARNING: C:\Users\Admin\.gradle\caches\9.5.0\transforms\3bc3e8b59ac242766612a83882366de8\transformed\common-9.9.10-runtime.jar: R8: Expected stack map table for method with non-linear control flow. In later version of R8, the method may be assumed not reachable.
WARNING: C:\Users\Admin\.gradle\caches\9.5.0\transforms\3bc3e8b59ac242766612a83882366de8\transformed\common-9.9.10-runtime.jar: R8: Expected stack map table for method with non-linear control flow. In later version of R8, the method may be assumed not reachable.
WARNING: C:\Users\Admin\.gradle\caches\9.5.0\transforms\3bc3e8b59ac242766612a83882366de8\transformed\common-9.9.10-runtime.jar: R8: Expected stack map table for method with non-linear control flow. In later version of R8, the method may be assumed not reachable.
WARNING: C:\Users\Admin\.gradle\caches\9.5.0\transforms\3bc3e8b59ac242766612a83882366de8\transformed\common-9.9.10-runtime.jar: R8: Expected stack map table for method with non-linear control flow. In later version of R8, the method may be assumed not reachable.
WARNING: C:\Users\Admin\.gradle\caches\9.5.0\transforms\3bc3e8b59ac242766612a83882366de8\transformed\common-9.9.10-runtime.jar: R8: Expected stack map table for method with non-linear control flow. In later version of R8, the method may be assumed not reachable.
WARNING: C:\Users\Admin\.gradle\caches\9.5.0\transforms\3bc3e8b59ac242766612a83882366de8\transformed\common-9.9.10-runtime.jar: R8: Expected stack map table for method with non-linear control flow. In later version of R8, the method may be assumed not reachable.
WARNING: C:\Users\Admin\.gradle\caches\9.5.0\transforms\3bc3e8b59ac242766612a83882366de8\transformed\common-9.9.10-runtime.jar: R8: Expected stack map table for method with non-linear control flow. In later version of R8, the method may be assumed not reachable.
WARNING: C:\Users\Admin\.gradle\caches\9.5.0\transforms\3bc3e8b59ac242766612a83882366de8\transformed\common-9.9.10-runtime.jar: R8: Expected stack map table for method with non-linear control flow. In later version of R8, the method may be assumed not reachable.
WARNING: C:\Users\Admin\.gradle\caches\9.5.0\transforms\3bc3e8b59ac242766612a83882366de8\transformed\common-9.9.10-runtime.jar: R8: Expected stack map table for method with non-linear control flow. In later version of R8, the method may be assumed not reachable.
WARNING: C:\Users\Admin\.gradle\caches\9.5.0\transforms\3bc3e8b59ac242766612a83882366de8\transformed\common-9.9.10-runtime.jar: R8: Expected stack map table for method with non-linear control flow. In later version of R8, the method may be assumed not reachable.
WARNING: C:\Users\Admin\.gradle\caches\9.5.0\transforms\3bc3e8b59ac242766612a83882366de8\transformed\common-9.9.10-runtime.jar: R8: Expected stack map table for method with non-linear control flow. In later version of R8, the method may be assumed not reachable.
WARNING: C:\Users\Admin\.gradle\caches\9.5.0\transforms\3bc3e8b59ac242766612a83882366de8\transformed\common-9.9.10-runtime.jar: R8: Expected stack map table for method with non-linear control flow. In later version of R8, the method may be assumed not reachable.
WARNING: C:\Users\Admin\.gradle\caches\9.5.0\transforms\3bc3e8b59ac242766612a83882366de8\transformed\common-9.9.10-runtime.jar: R8: Expected stack map table for method with non-linear control flow. In later version of R8, the method may be assumed not reachable.
WARNING: C:\Users\Admin\.gradle\caches\9.5.0\transforms\3bc3e8b59ac242766612a83882366de8\transformed\common-9.9.10-runtime.jar: R8: Expected stack map table for method with non-linear control flow. In later version of R8, the method may be assumed not reachable.
WARNING: C:\Users\Admin\.gradle\caches\9.5.0\transforms\3bc3e8b59ac242766612a83882366de8\transformed\common-9.9.10-runtime.jar: R8: Expected stack map table for method with non-linear control flow. In later version of R8, the method may be assumed not reachable.
WARNING: C:\Users\Admin\.gradle\caches\9.5.0\transforms\3bc3e8b59ac242766612a83882366de8\transformed\common-9.9.10-runtime.jar: R8: Expected stack map table for method with non-linear control flow. In later version of R8, the method may be assumed not reachable.
WARNING: C:\Users\Admin\.gradle\caches\9.5.0\transforms\3bc3e8b59ac242766612a83882366de8\transformed\common-9.9.10-runtime.jar: R8: Expected stack map table for method with non-linear control flow. In later version of R8, the method may be assumed not reachable.
WARNING: C:\Users\Admin\.gradle\caches\9.5.0\transforms\3bc3e8b59ac242766612a83882366de8\transformed\common-9.9.10-runtime.jar: R8: Expected stack map table for method with non-linear control flow. In later version of R8, the method may be assumed not reachable.
WARNING: C:\Users\Admin\.gradle\caches\9.5.0\transforms\3bc3e8b59ac242766612a83882366de8\transformed\common-9.9.10-runtime.jar: R8: Expected stack map table for method with non-linear control flow. In later version of R8, the method may be assumed not reachable.
WARNING: C:\Users\Admin\.gradle\caches\9.5.0\transforms\3bc3e8b59ac242766612a83882366de8\transformed\common-9.9.10-runtime.jar: R8: Expected stack map table for method with non-linear control flow. In later version of R8, the method may be assumed not reachable.
WARNING: C:\Users\Admin\.gradle\caches\9.5.0\transforms\3bc3e8b59ac242766612a83882366de8\transformed\common-9.9.10-runtime.jar: R8: Expected stack map table for method with non-linear control flow. In later version of R8, the method may be assumed not reachable.
WARNING: C:\Users\Admin\.gradle\caches\9.5.0\transforms\3bc3e8b59ac242766612a83882366de8\transformed\common-9.9.10-runtime.jar: R8: Expected stack map table for method with non-linear control flow. In later version of R8, the method may be assumed not reachable.
WARNING: C:\Users\Admin\.gradle\caches\9.5.0\transforms\3bc3e8b59ac242766612a83882366de8\transformed\common-9.9.10-runtime.jar: R8: Expected stack map table for method with non-linear control flow. In later version of R8, the method may be assumed not reachable.
WARNING: C:\Users\Admin\.gradle\caches\9.5.0\transforms\3bc3e8b59ac242766612a83882366de8\transformed\common-9.9.10-runtime.jar: R8: Expected stack map table for method with non-linear control flow. In later version of R8, the method may be assumed not reachable.
WARNING: C:\Users\Admin\.gradle\caches\9.5.0\transforms\3bc3e8b59ac242766612a83882366de8\transformed\common-9.9.10-runtime.jar: R8: Expected stack map table for method with non-linear control flow. In later version of R8, the method may be assumed not reachable.
WARNING: C:\Users\Admin\.gradle\caches\9.5.0\transforms\3bc3e8b59ac242766612a83882366de8\transformed\common-9.9.10-runtime.jar: R8: Expected stack map table for method with non-linear control flow. In later version of R8, the method may be assumed not reachable.
WARNING: C:\Users\Admin\.gradle\caches\9.5.0\transforms\3bc3e8b59ac242766612a83882366de8\transformed\common-9.9.10-runtime.jar: R8: Expected stack map table for method with non-linear control flow. In later version of R8, the method may be assumed not reachable.
WARNING: C:\Users\Admin\.gradle\caches\9.5.0\transforms\3bc3e8b59ac242766612a83882366de8\transformed\common-9.9.10-runtime.jar: R8: Expected stack map table for method with non-linear control flow. In later version of R8, the method may be assumed not reachable.
WARNING: C:\Users\Admin\.gradle\caches\9.5.0\transforms\3bc3e8b59ac242766612a83882366de8\transformed\common-9.9.10-runtime.jar: R8: Expected stack map table for method with non-linear control flow. In later version of R8, the method may be assumed not reachable.
WARNING: C:\Users\Admin\.gradle\caches\9.5.0\transforms\3bc3e8b59ac242766612a83882366de8\transformed\common-9.9.10-runtime.jar: R8: Expected stack map table for method with non-linear control flow. In later version of R8, the method may be assumed not reachable.
WARNING: C:\Users\Admin\.gradle\caches\9.5.0\transforms\3bc3e8b59ac242766612a83882366de8\transformed\common-9.9.10-runtime.jar: R8: Expected stack map table for method with non-linear control flow. In later version of R8, the method may be assumed not reachable.
WARNING: C:\Users\Admin\.gradle\caches\9.5.0\transforms\3bc3e8b59ac242766612a83882366de8\transformed\common-9.9.10-runtime.jar: R8: Expected stack map table for method with non-linear control flow. In later version of R8, the method may be assumed not reachable.
WARNING: C:\Users\Admin\.gradle\caches\9.5.0\transforms\3bc3e8b59ac242766612a83882366de8\transformed\common-9.9.10-runtime.jar: R8: Expected stack map table for method with non-linear control flow. In later version of R8, the method may be assumed not reachable.
WARNING: C:\Users\Admin\.gradle\caches\9.5.0\transforms\3bc3e8b59ac242766612a83882366de8\transformed\common-9.9.10-runtime.jar: R8: Expected stack map table for method with non-linear control flow. In later version of R8, the method may be assumed not reachable.
WARNING: C:\Users\Admin\.gradle\caches\9.5.0\transforms\3bc3e8b59ac242766612a83882366de8\transformed\common-9.9.10-runtime.jar: R8: Expected stack map table for method with non-linear control flow. In later version of R8, the method may be assumed not reachable.
WARNING: C:\Users\Admin\.gradle\caches\9.5.0\transforms\3bc3e8b59ac242766612a83882366de8\transformed\common-9.9.10-runtime.jar: R8: Expected stack map table for method with non-linear control flow. In later version of R8, the method may be assumed not reachable.
WARNING: C:\Users\Admin\.gradle\caches\9.5.0\transforms\3bc3e8b59ac242766612a83882366de8\transformed\common-9.9.10-runtime.jar: R8: Expected stack map table for method with non-linear control flow. In later version of R8, the method may be assumed not reachable.
WARNING: C:\Users\Admin\.gradle\caches\9.5.0\transforms\3bc3e8b59ac242766612a83882366de8\transformed\common-9.9.10-runtime.jar: R8: Expected stack map table for method with non-linear control flow. In later version of R8, the method may be assumed not reachable.
WARNING: C:\Users\Admin\.gradle\caches\9.5.0\transforms\3bc3e8b59ac242766612a83882366de8\transformed\common-9.9.10-runtime.jar: R8: Expected stack map table for method with non-linear control flow. In later version of R8, the method may be assumed not reachable.
WARNING: C:\Users\Admin\.gradle\caches\9.5.0\transforms\3bc3e8b59ac242766612a83882366de8\transformed\common-9.9.10-runtime.jar: R8: Expected stack map table for method with non-linear control flow. In later version of R8, the method may be assumed not reachable.
WARNING: C:\Users\Admin\.gradle\caches\9.5.0\transforms\3bc3e8b59ac242766612a83882366de8\transformed\common-9.9.10-runtime.jar: R8: Expected stack map table for method with non-linear control flow. In later version of R8, the method may be assumed not reachable.
WARNING: C:\Users\Admin\.gradle\caches\9.5.0\transforms\3bc3e8b59ac242766612a83882366de8\transformed\common-9.9.10-runtime.jar: R8: Expected stack map table for method with non-linear control flow. In later version of R8, the method may be assumed not reachable.
WARNING: C:\Users\Admin\.gradle\caches\9.5.0\transforms\3bc3e8b59ac242766612a83882366de8\transformed\common-9.9.10-runtime.jar: R8: Expected stack map table for method with non-linear control flow. In later version of R8, the method may be assumed not reachable.
WARNING: C:\Users\Admin\.gradle\caches\9.5.0\transforms\3bc3e8b59ac242766612a83882366de8\transformed\common-9.9.10-runtime.jar: R8: Expected stack map table for method with non-linear control flow. In later version of R8, the method may be assumed not reachable.
WARNING: C:\Users\Admin\.gradle\caches\9.5.0\transforms\3bc3e8b59ac242766612a83882366de8\transformed\common-9.9.10-runtime.jar: R8: Expected stack map table for method with non-linear control flow. In later version of R8, the method may be assumed not reachable.
WARNING: C:\Users\Admin\.gradle\caches\9.5.0\transforms\3bc3e8b59ac242766612a83882366de8\transformed\common-9.9.10-runtime.jar: R8: Expected stack map table for method with non-linear control flow. In later version of R8, the method may be assumed not reachable.
WARNING: C:\Users\Admin\.gradle\caches\9.5.0\transforms\3bc3e8b59ac242766612a83882366de8\transformed\common-9.9.10-runtime.jar: R8: Expected stack map table for method with non-linear control flow. In later version of R8, the method may be assumed not reachable.
WARNING: C:\Users\Admin\.gradle\caches\9.5.0\transforms\3bc3e8b59ac242766612a83882366de8\transformed\common-9.9.10-runtime.jar: R8: Expected stack map table for method with non-linear control flow. In later version of R8, the method may be assumed not reachable.
WARNING: C:\Users\Admin\.gradle\caches\9.5.0\transforms\3bc3e8b59ac242766612a83882366de8\transformed\common-9.9.10-runtime.jar: R8: Expected stack map table for method with non-linear control flow. In later version of R8, the method may be assumed not reachable.
WARNING: C:\Users\Admin\.gradle\caches\9.5.0\transforms\3bc3e8b59ac242766612a83882366de8\transformed\common-9.9.10-runtime.jar: R8: Expected stack map table for method with non-linear control flow. In later version of R8, the method may be assumed not reachable.
WARNING: C:\Users\Admin\.gradle\caches\9.5.0\transforms\3bc3e8b59ac242766612a83882366de8\transformed\common-9.9.10-runtime.jar: R8: Expected stack map table for method with non-linear control flow. In later version of R8, the method may be assumed not reachable.
WARNING: C:\Users\Admin\.gradle\caches\9.5.0\transforms\3bc3e8b59ac242766612a83882366de8\transformed\common-9.9.10-runtime.jar: R8: Expected stack map table for method with non-linear control flow. In later version of R8, the method may be assumed not reachable.
WARNING: C:\Users\Admin\.gradle\caches\9.5.0\transforms\3bc3e8b59ac242766612a83882366de8\transformed\common-9.9.10-runtime.jar: R8: Expected stack map table for method with non-linear control flow. In later version of R8, the method may be assumed not reachable.
WARNING: C:\Users\Admin\.gradle\caches\9.5.0\transforms\3bc3e8b59ac242766612a83882366de8\transformed\common-9.9.10-runtime.jar: R8: Expected stack map table for method with non-linear control flow. In later version of R8, the method may be assumed not reachable.
WARNING: C:\Users\Admin\.gradle\caches\9.5.0\transforms\3bc3e8b59ac242766612a83882366de8\transformed\common-9.9.10-runtime.jar: R8: Expected stack map table for method with non-linear control flow. In later version of R8, the method may be assumed not reachable.
WARNING: C:\Users\Admin\.gradle\caches\9.5.0\transforms\3bc3e8b59ac242766612a83882366de8\transformed\common-9.9.10-runtime.jar: R8: Expected stack map table for method with non-linear control flow. In later version of R8, the method may be assumed not reachable.
WARNING: C:\Users\Admin\.gradle\caches\9.5.0\transforms\3bc3e8b59ac242766612a83882366de8\transformed\common-9.9.10-runtime.jar: R8: Expected stack map table for method with non-linear control flow. In later version of R8, the method may be assumed not reachable.
WARNING: C:\Users\Admin\.gradle\caches\9.5.0\transforms\3bc3e8b59ac242766612a83882366de8\transformed\common-9.9.10-runtime.jar: R8: Expected stack map table for method with non-linear control flow. In later version of R8, the method may be assumed not reachable.
WARNING: C:\Users\Admin\.gradle\caches\9.5.0\transforms\3bc3e8b59ac242766612a83882366de8\transformed\common-9.9.10-runtime.jar: R8: Expected stack map table for method with non-linear control flow. In later version of R8, the method may be assumed not reachable.
WARNING: C:\Users\Admin\.gradle\caches\9.5.0\transforms\3bc3e8b59ac242766612a83882366de8\transformed\common-9.9.10-runtime.jar: R8: Expected stack map table for method with non-linear control flow. In later version of R8, the method may be assumed not reachable.
WARNING: C:\Users\Admin\.gradle\caches\9.5.0\transforms\3bc3e8b59ac242766612a83882366de8\transformed\common-9.9.10-runtime.jar: R8: Expected stack map table for method with non-linear control flow. In later version of R8, the method may be assumed not reachable.
WARNING: C:\Users\Admin\.gradle\caches\9.5.0\transforms\3bc3e8b59ac242766612a83882366de8\transformed\common-9.9.10-runtime.jar: R8: Expected stack map table for method with non-linear control flow. In later version of R8, the method may be assumed not reachable.
WARNING: C:\Users\Admin\.gradle\caches\9.5.0\transforms\3bc3e8b59ac242766612a83882366de8\transformed\common-9.9.10-runtime.jar: R8: Expected stack map table for method with non-linear control flow. In later version of R8, the method may be assumed not reachable.
WARNING: C:\Users\Admin\.gradle\caches\9.5.0\transforms\3bc3e8b59ac242766612a83882366de8\transformed\common-9.9.10-runtime.jar: R8: Expected stack map table for method with non-linear control flow. In later version of R8, the method may be assumed not reachable.
WARNING: C:\Users\Admin\.gradle\caches\9.5.0\transforms\3bc3e8b59ac242766612a83882366de8\transformed\common-9.9.10-runtime.jar: R8: Expected stack map table for method with non-linear control flow. In later version of R8, the method may be assumed not reachable.
WARNING: C:\Users\Admin\.gradle\caches\9.5.0\transforms\3bc3e8b59ac242766612a83882366de8\transformed\common-9.9.10-runtime.jar: R8: Expected stack map table for method with non-linear control flow. In later version of R8, the method may be assumed not reachable.
WARNING: C:\Users\Admin\.gradle\caches\9.5.0\transforms\3bc3e8b59ac242766612a83882366de8\transformed\common-9.9.10-runtime.jar: R8: Expected stack map table for method with non-linear control flow. In later version of R8, the method may be assumed not reachable.
WARNING: C:\Users\Admin\.gradle\caches\9.5.0\transforms\3bc3e8b59ac242766612a83882366de8\transformed\common-9.9.10-runtime.jar: R8: Expected stack map table for method with non-linear control flow. In later version of R8, the method may be assumed not reachable.
WARNING: C:\Users\Admin\.gradle\caches\9.5.0\transforms\3bc3e8b59ac242766612a83882366de8\transformed\common-9.9.10-runtime.jar: R8: Expected stack map table for method with non-linear control flow. In later version of R8, the method may be assumed not reachable.
WARNING: C:\Users\Admin\.gradle\caches\9.5.0\transforms\3bc3e8b59ac242766612a83882366de8\transformed\common-9.9.10-runtime.jar: R8: Expected stack map table for method with non-linear control flow. In later version of R8, the method may be assumed not reachable.
WARNING: C:\Users\Admin\.gradle\caches\9.5.0\transforms\3bc3e8b59ac242766612a83882366de8\transformed\common-9.9.10-runtime.jar: R8: Expected stack map table for method with non-linear control flow. In later version of R8, the method may be assumed not reachable.
WARNING: C:\Users\Admin\.gradle\caches\9.5.0\transforms\3bc3e8b59ac242766612a83882366de8\transformed\common-9.9.10-runtime.jar: R8: Expected stack map table for method with non-linear control flow. In later version of R8, the method may be assumed not reachable.
WARNING: C:\Users\Admin\.gradle\caches\9.5.0\transforms\3bc3e8b59ac242766612a83882366de8\transformed\common-9.9.10-runtime.jar: R8: Expected stack map table for method with non-linear control flow. In later version of R8, the method may be assumed not reachable.
WARNING: C:\Users\Admin\.gradle\caches\9.5.0\transforms\3bc3e8b59ac242766612a83882366de8\transformed\common-9.9.10-runtime.jar: R8: Expected stack map table for method with non-linear control flow. In later version of R8, the method may be assumed not reachable.
WARNING: C:\Users\Admin\.gradle\caches\9.5.0\transforms\3bc3e8b59ac242766612a83882366de8\transformed\common-9.9.10-runtime.jar: R8: Expected stack map table for method with non-linear control flow. In later version of R8, the method may be assumed not reachable.
WARNING: C:\Users\Admin\.gradle\caches\9.5.0\transforms\3bc3e8b59ac242766612a83882366de8\transformed\common-9.9.10-runtime.jar: R8: Expected stack map table for method with non-linear control flow. In later version of R8, the method may be assumed not reachable.
WARNING: C:\Users\Admin\.gradle\caches\9.5.0\transforms\3bc3e8b59ac242766612a83882366de8\transformed\common-9.9.10-runtime.jar: R8: Expected stack map table for method with non-linear control flow. In later version of R8, the method may be assumed not reachable.
WARNING: C:\Users\Admin\.gradle\caches\9.5.0\transforms\3bc3e8b59ac242766612a83882366de8\transformed\common-9.9.10-runtime.jar: R8: Expected stack map table for method with non-linear control flow. In later version of R8, the method may be assumed not reachable.
WARNING: C:\Users\Admin\.gradle\caches\9.5.0\transforms\3bc3e8b59ac242766612a83882366de8\transformed\common-9.9.10-runtime.jar: R8: Expected stack map table for method with non-linear control flow. In later version of R8, the method may be assumed not reachable.
WARNING: C:\Users\Admin\.gradle\caches\9.5.0\transforms\3bc3e8b59ac242766612a83882366de8\transformed\common-9.9.10-runtime.jar: R8: Expected stack map table for method with non-linear control flow. In later version of R8, the method may be assumed not reachable.
WARNING: C:\Users\Admin\.gradle\caches\9.5.0\transforms\3bc3e8b59ac242766612a83882366de8\transformed\common-9.9.10-runtime.jar: R8: Expected stack map table for method with non-linear control flow. In later version of R8, the method may be assumed not reachable.
WARNING: C:\Users\Admin\.gradle\caches\9.5.0\transforms\3bc3e8b59ac242766612a83882366de8\transformed\common-9.9.10-runtime.jar: R8: Expected stack map table for method with non-linear control flow. In later version of R8, the method may be assumed not reachable.
WARNING: C:\Users\Admin\.gradle\caches\9.5.0\transforms\3bc3e8b59ac242766612a83882366de8\transformed\common-9.9.10-runtime.jar: R8: Expected stack map table for method with non-linear control flow. In later version of R8, the method may be assumed not reachable.
WARNING: C:\Users\Admin\.gradle\caches\9.5.0\transforms\3bc3e8b59ac242766612a83882366de8\transformed\common-9.9.10-runtime.jar: R8: Expected stack map table for method with non-linear control flow. In later version of R8, the method may be assumed not reachable.
WARNING: C:\Users\Admin\.gradle\caches\9.5.0\transforms\3bc3e8b59ac242766612a83882366de8\transformed\common-9.9.10-runtime.jar: R8: Expected stack map table for method with non-linear control flow. In later version of R8, the method may be assumed not reachable.
WARNING: C:\Users\Admin\.gradle\caches\9.5.0\transforms\3bc3e8b59ac242766612a83882366de8\transformed\common-9.9.10-runtime.jar: R8: Expected stack map table for method with non-linear control flow. In later version of R8, the method may be assumed not reachable.
WARNING: C:\Users\Admin\.gradle\caches\9.5.0\transforms\3bc3e8b59ac242766612a83882366de8\transformed\common-9.9.10-runtime.jar: R8: Expected stack map table for method with non-linear control flow. In later version of R8, the method may be assumed not reachable.
WARNING: C:\Users\Admin\.gradle\caches\9.5.0\transforms\3bc3e8b59ac242766612a83882366de8\transformed\common-9.9.10-runtime.jar: R8: Expected stack map table for method with non-linear control flow. In later version of R8, the method may be assumed not reachable.
WARNING: C:\Users\Admin\.gradle\caches\9.5.0\transforms\3bc3e8b59ac242766612a83882366de8\transformed\common-9.9.10-runtime.jar: R8: Expected stack map table for method with non-linear control flow. In later version of R8, the method may be assumed not reachable.
WARNING: C:\Users\Admin\.gradle\caches\9.5.0\transforms\3bc3e8b59ac242766612a83882366de8\transformed\common-9.9.10-runtime.jar: R8: Expected stack map table for method with non-linear control flow. In later version of R8, the method may be assumed not reachable.
WARNING: C:\Users\Admin\.gradle\caches\9.5.0\transforms\3bc3e8b59ac242766612a83882366de8\transformed\common-9.9.10-runtime.jar: R8: Expected stack map table for method with non-linear control flow. In later version of R8, the method may be assumed not reachable.
WARNING: C:\Users\Admin\.gradle\caches\9.5.0\transforms\3bc3e8b59ac242766612a83882366de8\transformed\common-9.9.10-runtime.jar: R8: Expected stack map table for method with non-linear control flow. In later version of R8, the method may be assumed not reachable.
WARNING: C:\Users\Admin\.gradle\caches\9.5.0\transforms\3bc3e8b59ac242766612a83882366de8\transformed\common-9.9.10-runtime.jar: R8: Expected stack map table for method with non-linear control flow. In later version of R8, the method may be assumed not reachable.
WARNING: C:\Users\Admin\.gradle\caches\9.5.0\transforms\3bc3e8b59ac242766612a83882366de8\transformed\common-9.9.10-runtime.jar: R8: Expected stack map table for method with non-linear control flow. In later version of R8, the method may be assumed not reachable.
WARNING: C:\Users\Admin\.gradle\caches\9.5.0\transforms\3bc3e8b59ac242766612a83882366de8\transformed\common-9.9.10-runtime.jar: R8: Expected stack map table for method with non-linear control flow. In later version of R8, the method may be assumed not reachable.
WARNING: C:\Users\Admin\.gradle\caches\9.5.0\transforms\3bc3e8b59ac242766612a83882366de8\transformed\common-9.9.10-runtime.jar: R8: Expected stack map table for method with non-linear control flow. In later version of R8, the method may be assumed not reachable.
WARNING: C:\Users\Admin\.gradle\caches\9.5.0\transforms\3bc3e8b59ac242766612a83882366de8\transformed\common-9.9.10-runtime.jar: R8: Expected stack map table for method with non-linear control flow. In later version of R8, the method may be assumed not reachable.
WARNING: C:\Users\Admin\.gradle\caches\9.5.0\transforms\3bc3e8b59ac242766612a83882366de8\transformed\common-9.9.10-runtime.jar: R8: Expected stack map table for method with non-linear control flow. In later version of R8, the method may be assumed not reachable.
WARNING: C:\Users\Admin\.gradle\caches\9.5.0\transforms\3bc3e8b59ac242766612a83882366de8\transformed\common-9.9.10-runtime.jar: R8: Expected stack map table for method with non-linear control flow. In later version of R8, the method may be assumed not reachable.
WARNING: C:\Users\Admin\.gradle\caches\9.5.0\transforms\3bc3e8b59ac242766612a83882366de8\transformed\common-9.9.10-runtime.jar: R8: Expected stack map table for method with non-linear control flow. In later version of R8, the method may be assumed not reachable.
WARNING: C:\Users\Admin\.gradle\caches\9.5.0\transforms\3bc3e8b59ac242766612a83882366de8\transformed\common-9.9.10-runtime.jar: R8: Expected stack map table for method with non-linear control flow. In later version of R8, the method may be assumed not reachable.
WARNING: C:\Users\Admin\.gradle\caches\9.5.0\transforms\3bc3e8b59ac242766612a83882366de8\transformed\common-9.9.10-runtime.jar: R8: Expected stack map table for method with non-linear control flow. In later version of R8, the method may be assumed not reachable.
WARNING: C:\Users\Admin\.gradle\caches\9.5.0\transforms\3bc3e8b59ac242766612a83882366de8\transformed\common-9.9.10-runtime.jar: R8: Expected stack map table for method with non-linear control flow. In later version of R8, the method may be assumed not reachable.
WARNING: C:\Users\Admin\.gradle\caches\9.5.0\transforms\3bc3e8b59ac242766612a83882366de8\transformed\common-9.9.10-runtime.jar: R8: Expected stack map table for method with non-linear control flow. In later version of R8, the method may be assumed not reachable.
WARNING: C:\Users\Admin\.gradle\caches\9.5.0\transforms\3bc3e8b59ac242766612a83882366de8\transformed\common-9.9.10-runtime.jar: R8: Expected stack map table for method with non-linear control flow. In later version of R8, the method may be assumed not reachable.
WARNING: C:\Users\Admin\.gradle\caches\9.5.0\transforms\3bc3e8b59ac242766612a83882366de8\transformed\common-9.9.10-runtime.jar: R8: Expected stack map table for method with non-linear control flow. In later version of R8, the method may be assumed not reachable.
WARNING: C:\Users\Admin\.gradle\caches\9.5.0\transforms\3bc3e8b59ac242766612a83882366de8\transformed\common-9.9.10-runtime.jar: R8: Expected stack map table for method with non-linear control flow. In later version of R8, the method may be assumed not reachable.
WARNING: C:\Users\Admin\.gradle\caches\9.5.0\transforms\3bc3e8b59ac242766612a83882366de8\transformed\common-9.9.10-runtime.jar: R8: Expected stack map table for method with non-linear control flow. In later version of R8, the method may be assumed not reachable.
WARNING: C:\Users\Admin\.gradle\caches\9.5.0\transforms\3bc3e8b59ac242766612a83882366de8\transformed\common-9.9.10-runtime.jar: R8: Expected stack map table for method with non-linear control flow. In later version of R8, the method may be assumed not reachable.
WARNING: C:\Users\Admin\.gradle\caches\9.5.0\transforms\3bc3e8b59ac242766612a83882366de8\transformed\common-9.9.10-runtime.jar: R8: Expected stack map table for method with non-linear control flow. In later version of R8, the method may be assumed not reachable.
WARNING: C:\Users\Admin\.gradle\caches\9.5.0\transforms\3bc3e8b59ac242766612a83882366de8\transformed\common-9.9.10-runtime.jar: R8: Expected stack map table for method with non-linear control flow. In later version of R8, the method may be assumed not reachable.
WARNING: C:\Users\Admin\.gradle\caches\9.5.0\transforms\3bc3e8b59ac242766612a83882366de8\transformed\common-9.9.10-runtime.jar: R8: Expected stack map table for method with non-linear control flow. In later version of R8, the method may be assumed not reachable.
WARNING: C:\Users\Admin\.gradle\caches\9.5.0\transforms\3bc3e8b59ac242766612a83882366de8\transformed\common-9.9.10-runtime.jar: R8: Expected stack map table for method with non-linear control flow. In later version of R8, the method may be assumed not reachable.
WARNING: C:\Users\Admin\.gradle\caches\9.5.0\transforms\3bc3e8b59ac242766612a83882366de8\transformed\common-9.9.10-runtime.jar: R8: Expected stack map table for method with non-linear control flow. In later version of R8, the method may be assumed not reachable.
WARNING: C:\Users\Admin\.gradle\caches\9.5.0\transforms\3bc3e8b59ac242766612a83882366de8\transformed\common-9.9.10-runtime.jar: R8: Expected stack map table for method with non-linear control flow. In later version of R8, the method may be assumed not reachable.
WARNING: C:\Users\Admin\.gradle\caches\9.5.0\transforms\3bc3e8b59ac242766612a83882366de8\transformed\common-9.9.10-runtime.jar: R8: Expected stack map table for method with non-linear control flow. In later version of R8, the method may be assumed not reachable.
WARNING: C:\Users\Admin\.gradle\caches\9.5.0\transforms\3bc3e8b59ac242766612a83882366de8\transformed\common-9.9.10-runtime.jar: R8: Expected stack map table for method with non-linear control flow. In later version of R8, the method may be assumed not reachable.
WARNING: C:\Users\Admin\.gradle\caches\9.5.0\transforms\3bc3e8b59ac242766612a83882366de8\transformed\common-9.9.10-runtime.jar: R8: Expected stack map table for method with non-linear control flow. In later version of R8, the method may be assumed not reachable.
WARNING: C:\Users\Admin\.gradle\caches\9.5.0\transforms\3bc3e8b59ac242766612a83882366de8\transformed\common-9.9.10-runtime.jar: R8: Expected stack map table for method with non-linear control flow. In later version of R8, the method may be assumed not reachable.
WARNING: C:\Users\Admin\.gradle\caches\9.5.0\transforms\3bc3e8b59ac242766612a83882366de8\transformed\common-9.9.10-runtime.jar: R8: Expected stack map table for method with non-linear control flow. In later version of R8, the method may be assumed not reachable.
WARNING: C:\Users\Admin\.gradle\caches\9.5.0\transforms\3bc3e8b59ac242766612a83882366de8\transformed\common-9.9.10-runtime.jar: R8: Expected stack map table for method with non-linear control flow. In later version of R8, the method may be assumed not reachable.
WARNING: C:\Users\Admin\.gradle\caches\9.5.0\transforms\3bc3e8b59ac242766612a83882366de8\transformed\common-9.9.10-runtime.jar: R8: Expected stack map table for method with non-linear control flow. In later version of R8, the method may be assumed not reachable.
WARNING: C:\Users\Admin\.gradle\caches\9.5.0\transforms\3bc3e8b59ac242766612a83882366de8\transformed\common-9.9.10-runtime.jar: R8: Expected stack map table for method with non-linear control flow. In later version of R8, the method may be assumed not reachable.
WARNING: C:\Users\Admin\.gradle\caches\9.5.0\transforms\3bc3e8b59ac242766612a83882366de8\transformed\common-9.9.10-runtime.jar: R8: Expected stack map table for method with non-linear control flow. In later version of R8, the method may be assumed not reachable.
WARNING: C:\Users\Admin\.gradle\caches\9.5.0\transforms\3bc3e8b59ac242766612a83882366de8\transformed\common-9.9.10-runtime.jar: R8: Expected stack map table for method with non-linear control flow. In later version of R8, the method may be assumed not reachable.
WARNING: C:\Users\Admin\.gradle\caches\9.5.0\transforms\3bc3e8b59ac242766612a83882366de8\transformed\common-9.9.10-runtime.jar: R8: Expected stack map table for method with non-linear control flow. In later version of R8, the method may be assumed not reachable.
WARNING: C:\Users\Admin\.gradle\caches\9.5.0\transforms\3bc3e8b59ac242766612a83882366de8\transformed\common-9.9.10-runtime.jar: R8: Expected stack map table for method with non-linear control flow. In later version of R8, the method may be assumed not reachable.
WARNING: C:\Users\Admin\.gradle\caches\9.5.0\transforms\3bc3e8b59ac242766612a83882366de8\transformed\common-9.9.10-runtime.jar: R8: Expected stack map table for method with non-linear control flow. In later version of R8, the method may be assumed not reachable.
WARNING: C:\Users\Admin\.gradle\caches\9.5.0\transforms\3bc3e8b59ac242766612a83882366de8\transformed\common-9.9.10-runtime.jar: R8: Expected stack map table for method with non-linear control flow. In later version of R8, the method may be assumed not reachable.
WARNING: C:\Users\Admin\.gradle\caches\9.5.0\transforms\3bc3e8b59ac242766612a83882366de8\transformed\common-9.9.10-runtime.jar: R8: Expected stack map table for method with non-linear control flow. In later version of R8, the method may be assumed not reachable.
WARNING: C:\Users\Admin\.gradle\caches\9.5.0\transforms\3bc3e8b59ac242766612a83882366de8\transformed\common-9.9.10-runtime.jar: R8: Expected stack map table for method with non-linear control flow. In later version of R8, the method may be assumed not reachable.
WARNING: C:\Users\Admin\.gradle\caches\9.5.0\transforms\3bc3e8b59ac242766612a83882366de8\transformed\common-9.9.10-runtime.jar: R8: Expected stack map table for method with non-linear control flow. In later version of R8, the method may be assumed not reachable.
WARNING: C:\Users\Admin\.gradle\caches\9.5.0\transforms\3bc3e8b59ac242766612a83882366de8\transformed\common-9.9.10-runtime.jar: R8: Expected stack map table for method with non-linear control flow. In later version of R8, the method may be assumed not reachable.
WARNING: C:\Users\Admin\.gradle\caches\9.5.0\transforms\3bc3e8b59ac242766612a83882366de8\transformed\common-9.9.10-runtime.jar: R8: Expected stack map table for method with non-linear control flow. In later version of R8, the method may be assumed not reachable.
WARNING: C:\Users\Admin\.gradle\caches\9.5.0\transforms\3bc3e8b59ac242766612a83882366de8\transformed\common-9.9.10-runtime.jar: R8: Expected stack map table for method with non-linear control flow. In later version of R8, the method may be assumed not reachable.
WARNING: C:\Users\Admin\.gradle\caches\9.5.0\transforms\3bc3e8b59ac242766612a83882366de8\transformed\common-9.9.10-runtime.jar: R8: Expected stack map table for method with non-linear control flow. In later version of R8, the method may be assumed not reachable.
WARNING: C:\Users\Admin\.gradle\caches\9.5.0\transforms\3bc3e8b59ac242766612a83882366de8\transformed\common-9.9.10-runtime.jar: R8: Expected stack map table for method with non-linear control flow. In later version of R8, the method may be assumed not reachable.
WARNING: C:\Users\Admin\.gradle\caches\9.5.0\transforms\3bc3e8b59ac242766612a83882366de8\transformed\common-9.9.10-runtime.jar: R8: Expected stack map table for method with non-linear control flow. In later version of R8, the method may be assumed not reachable.
WARNING: C:\Users\Admin\.gradle\caches\9.5.0\transforms\3bc3e8b59ac242766612a83882366de8\transformed\common-9.9.10-runtime.jar: R8: Expected stack map table for method with non-linear control flow. In later version of R8, the method may be assumed not reachable.
WARNING: C:\Users\Admin\.gradle\caches\9.5.0\transforms\3bc3e8b59ac242766612a83882366de8\transformed\common-9.9.10-runtime.jar: R8: Expected stack map table for method with non-linear control flow. In later version of R8, the method may be assumed not reachable.
WARNING: C:\Users\Admin\.gradle\caches\9.5.0\transforms\3bc3e8b59ac242766612a83882366de8\transformed\common-9.9.10-runtime.jar: R8: Expected stack map table for method with non-linear control flow. In later version of R8, the method may be assumed not reachable.
WARNING: C:\Users\Admin\.gradle\caches\9.5.0\transforms\3bc3e8b59ac242766612a83882366de8\transformed\common-9.9.10-runtime.jar: R8: Expected stack map table for method with non-linear control flow. In later version of R8, the method may be assumed not reachable.
WARNING: C:\Users\Admin\.gradle\caches\9.5.0\transforms\3bc3e8b59ac242766612a83882366de8\transformed\common-9.9.10-runtime.jar: R8: Expected stack map table for method with non-linear control flow. In later version of R8, the method may be assumed not reachable.
WARNING: C:\Users\Admin\.gradle\caches\9.5.0\transforms\3bc3e8b59ac242766612a83882366de8\transformed\common-9.9.10-runtime.jar: R8: Expected stack map table for method with non-linear control flow. In later version of R8, the method may be assumed not reachable.
WARNING: C:\Users\Admin\.gradle\caches\9.5.0\transforms\3bc3e8b59ac242766612a83882366de8\transformed\common-9.9.10-runtime.jar: R8: Expected stack map table for method with non-linear control flow. In later version of R8, the method may be assumed not reachable.
WARNING: C:\Users\Admin\.gradle\caches\9.5.0\transforms\3bc3e8b59ac242766612a83882366de8\transformed\common-9.9.10-runtime.jar: R8: Expected stack map table for method with non-linear control flow. In later version of R8, the method may be assumed not reachable.
WARNING: C:\Users\Admin\.gradle\caches\9.5.0\transforms\3bc3e8b59ac242766612a83882366de8\transformed\common-9.9.10-runtime.jar: R8: Expected stack map table for method with non-linear control flow. In later version of R8, the method may be assumed not reachable.
WARNING: C:\Users\Admin\.gradle\caches\9.5.0\transforms\3bc3e8b59ac242766612a83882366de8\transformed\common-9.9.10-runtime.jar: R8: Expected stack map table for method with non-linear control flow. In later version of R8, the method may be assumed not reachable.
WARNING: C:\Users\Admin\.gradle\caches\9.5.0\transforms\3bc3e8b59ac242766612a83882366de8\transformed\common-9.9.10-runtime.jar: R8: Expected stack map table for method with non-linear control flow. In later version of R8, the method may be assumed not reachable.
WARNING: C:\Users\Admin\.gradle\caches\9.5.0\transforms\3bc3e8b59ac242766612a83882366de8\transformed\common-9.9.10-runtime.jar: R8: Expected stack map table for method with non-linear control flow. In later version of R8, the method may be assumed not reachable.
WARNING: C:\Users\Admin\.gradle\caches\9.5.0\transforms\3bc3e8b59ac242766612a83882366de8\transformed\common-9.9.10-runtime.jar: R8: Expected stack map table for method with non-linear control flow. In later version of R8, the method may be assumed not reachable.
WARNING: C:\Users\Admin\.gradle\caches\9.5.0\transforms\3bc3e8b59ac242766612a83882366de8\transformed\common-9.9.10-runtime.jar: R8: Expected stack map table for method with non-linear control flow. In later version of R8, the method may be assumed not reachable.
WARNING: C:\Users\Admin\.gradle\caches\9.5.0\transforms\3bc3e8b59ac242766612a83882366de8\transformed\common-9.9.10-runtime.jar: R8: Expected stack map table for method with non-linear control flow. In later version of R8, the method may be assumed not reachable.
WARNING: C:\Users\Admin\.gradle\caches\9.5.0\transforms\3bc3e8b59ac242766612a83882366de8\transformed\common-9.9.10-runtime.jar: R8: Expected stack map table for method with non-linear control flow. In later version of R8, the method may be assumed not reachable.
WARNING: C:\Users\Admin\.gradle\caches\9.5.0\transforms\3bc3e8b59ac242766612a83882366de8\transformed\common-9.9.10-runtime.jar: R8: Expected stack map table for method with non-linear control flow. In later version of R8, the method may be assumed not reachable.
WARNING: C:\Users\Admin\.gradle\caches\9.5.0\transforms\3bc3e8b59ac242766612a83882366de8\transformed\common-9.9.10-runtime.jar: R8: Expected stack map table for method with non-linear control flow. In later version of R8, the method may be assumed not reachable.
WARNING: C:\Users\Admin\.gradle\caches\9.5.0\transforms\3bc3e8b59ac242766612a83882366de8\transformed\common-9.9.10-runtime.jar: R8: Expected stack map table for method with non-linear control flow. In later version of R8, the method may be assumed not reachable.
WARNING: C:\Users\Admin\.gradle\caches\9.5.0\transforms\3bc3e8b59ac242766612a83882366de8\transformed\common-9.9.10-runtime.jar: R8: Expected stack map table for method with non-linear control flow. In later version of R8, the method may be assumed not reachable.
WARNING: C:\Users\Admin\.gradle\caches\9.5.0\transforms\3bc3e8b59ac242766612a83882366de8\transformed\common-9.9.10-runtime.jar: R8: Expected stack map table for method with non-linear control flow. In later version of R8, the method may be assumed not reachable.
WARNING: C:\Users\Admin\.gradle\caches\9.5.0\transforms\3bc3e8b59ac242766612a83882366de8\transformed\common-9.9.10-runtime.jar: R8: Expected stack map table for method with non-linear control flow. In later version of R8, the method may be assumed not reachable.
WARNING: C:\Users\Admin\.gradle\caches\9.5.0\transforms\3bc3e8b59ac242766612a83882366de8\transformed\common-9.9.10-runtime.jar: R8: Expected stack map table for method with non-linear control flow. In later version of R8, the method may be assumed not reachable.
WARNING: C:\Users\Admin\.gradle\caches\9.5.0\transforms\3bc3e8b59ac242766612a83882366de8\transformed\common-9.9.10-runtime.jar: R8: Expected stack map table for method with non-linear control flow. In later version of R8, the method may be assumed not reachable.
WARNING: C:\Users\Admin\.gradle\caches\9.5.0\transforms\3bc3e8b59ac242766612a83882366de8\transformed\common-9.9.10-runtime.jar: R8: Expected stack map table for method with non-linear control flow. In later version of R8, the method may be assumed not reachable.
WARNING: C:\Users\Admin\.gradle\caches\9.5.0\transforms\3bc3e8b59ac242766612a83882366de8\transformed\common-9.9.10-runtime.jar: R8: Expected stack map table for method with non-linear control flow. In later version of R8, the method may be assumed not reachable.
WARNING: C:\Users\Admin\.gradle\caches\9.5.0\transforms\3bc3e8b59ac242766612a83882366de8\transformed\common-9.9.10-runtime.jar: R8: Expected stack map table for method with non-linear control flow. In later version of R8, the method may be assumed not reachable.
WARNING: C:\Users\Admin\.gradle\caches\9.5.0\transforms\3bc3e8b59ac242766612a83882366de8\transformed\common-9.9.10-runtime.jar: R8: Expected stack map table for method with non-linear control flow. In later version of R8, the method may be assumed not reachable.
WARNING: C:\Users\Admin\.gradle\caches\9.5.0\transforms\3bc3e8b59ac242766612a83882366de8\transformed\common-9.9.10-runtime.jar: R8: Expected stack map table for method with non-linear control flow. In later version of R8, the method may be assumed not reachable.
WARNING: C:\Users\Admin\.gradle\caches\9.5.0\transforms\3bc3e8b59ac242766612a83882366de8\transformed\common-9.9.10-runtime.jar: R8: Expected stack map table for method with non-linear control flow. In later version of R8, the method may be assumed not reachable.
WARNING: C:\Users\Admin\.gradle\caches\9.5.0\transforms\3bc3e8b59ac242766612a83882366de8\transformed\common-9.9.10-runtime.jar: R8: Expected stack map table for method with non-linear control flow. In later version of R8, the method may be assumed not reachable.
WARNING: C:\Users\Admin\.gradle\caches\9.5.0\transforms\3bc3e8b59ac242766612a83882366de8\transformed\common-9.9.10-runtime.jar: R8: Expected stack map table for method with non-linear control flow. In later version of R8, the method may be assumed not reachable.
WARNING: C:\Users\Admin\.gradle\caches\9.5.0\transforms\3bc3e8b59ac242766612a83882366de8\transformed\common-9.9.10-runtime.jar: R8: Expected stack map table for method with non-linear control flow. In later version of R8, the method may be assumed not reachable.
WARNING: C:\Users\Admin\.gradle\caches\9.5.0\transforms\3bc3e8b59ac242766612a83882366de8\transformed\common-9.9.10-runtime.jar: R8: Expected stack map table for method with non-linear control flow. In later version of R8, the method may be assumed not reachable.
WARNING: C:\Users\Admin\.gradle\caches\9.5.0\transforms\3bc3e8b59ac242766612a83882366de8\transformed\common-9.9.10-runtime.jar: R8: Expected stack map table for method with non-linear control flow. In later version of R8, the method may be assumed not reachable.
WARNING: C:\Users\Admin\.gradle\caches\9.5.0\transforms\3bc3e8b59ac242766612a83882366de8\transformed\common-9.9.10-runtime.jar: R8: Expected stack map table for method with non-linear control flow. In later version of R8, the method may be assumed not reachable.
WARNING: C:\Users\Admin\.gradle\caches\9.5.0\transforms\3bc3e8b59ac242766612a83882366de8\transformed\common-9.9.10-runtime.jar: R8: Expected stack map table for method with non-linear control flow. In later version of R8, the method may be assumed not reachable.
WARNING: C:\Users\Admin\.gradle\caches\9.5.0\transforms\3bc3e8b59ac242766612a83882366de8\transformed\common-9.9.10-runtime.jar: R8: Expected stack map table for method with non-linear control flow. In later version of R8, the method may be assumed not reachable.
WARNING: C:\Users\Admin\.gradle\caches\9.5.0\transforms\3bc3e8b59ac242766612a83882366de8\transformed\common-9.9.10-runtime.jar: R8: Expected stack map table for method with non-linear control flow. In later version of R8, the method may be assumed not reachable.
WARNING: C:\Users\Admin\.gradle\caches\9.5.0\transforms\3bc3e8b59ac242766612a83882366de8\transformed\common-9.9.10-runtime.jar: R8: Expected stack map table for method with non-linear control flow. In later version of R8, the method may be assumed not reachable.
WARNING: C:\Users\Admin\.gradle\caches\9.5.0\transforms\3bc3e8b59ac242766612a83882366de8\transformed\common-9.9.10-runtime.jar: R8: Expected stack map table for method with non-linear control flow. In later version of R8, the method may be assumed not reachable.
WARNING: C:\Users\Admin\.gradle\caches\9.5.0\transforms\3bc3e8b59ac242766612a83882366de8\transformed\common-9.9.10-runtime.jar: R8: Expected stack map table for method with non-linear control flow. In later version of R8, the method may be assumed not reachable.
WARNING: C:\Users\Admin\.gradle\caches\9.5.0\transforms\3bc3e8b59ac242766612a83882366de8\transformed\common-9.9.10-runtime.jar: R8: Expected stack map table for method with non-linear control flow. In later version of R8, the method may be assumed not reachable.
WARNING: C:\Users\Admin\.gradle\caches\9.5.0\transforms\3bc3e8b59ac242766612a83882366de8\transformed\common-9.9.10-runtime.jar: R8: Expected stack map table for method with non-linear control flow. In later version of R8, the method may be assumed not reachable.
WARNING: C:\Users\Admin\.gradle\caches\9.5.0\transforms\3bc3e8b59ac242766612a83882366de8\transformed\common-9.9.10-runtime.jar: R8: Expected stack map table for method with non-linear control flow. In later version of R8, the method may be assumed not reachable.
WARNING: C:\Users\Admin\.gradle\caches\9.5.0\transforms\3bc3e8b59ac242766612a83882366de8\transformed\common-9.9.10-runtime.jar: R8: Expected stack map table for method with non-linear control flow. In later version of R8, the method may be assumed not reachable.
WARNING: C:\Users\Admin\.gradle\caches\9.5.0\transforms\3bc3e8b59ac242766612a83882366de8\transformed\common-9.9.10-runtime.jar: R8: Expected stack map table for method with non-linear control flow. In later version of R8, the method may be assumed not reachable.
WARNING: C:\Users\Admin\.gradle\caches\9.5.0\transforms\3bc3e8b59ac242766612a83882366de8\transformed\common-9.9.10-runtime.jar: R8: Expected stack map table for method with non-linear control flow. In later version of R8, the method may be assumed not reachable.
WARNING: C:\Users\Admin\.gradle\caches\9.5.0\transforms\3bc3e8b59ac242766612a83882366de8\transformed\common-9.9.10-runtime.jar: R8: Expected stack map table for method with non-linear control flow. In later version of R8, the method may be assumed not reachable.
WARNING: C:\Users\Admin\.gradle\caches\9.5.0\transforms\3bc3e8b59ac242766612a83882366de8\transformed\common-9.9.10-runtime.jar: R8: Expected stack map table for method with non-linear control flow. In later version of R8, the method may be assumed not reachable.
WARNING: C:\Users\Admin\.gradle\caches\9.5.0\transforms\3bc3e8b59ac242766612a83882366de8\transformed\common-9.9.10-runtime.jar: R8: Expected stack map table for method with non-linear control flow. In later version of R8, the method may be assumed not reachable.
WARNING: C:\Users\Admin\.gradle\caches\9.5.0\transforms\3bc3e8b59ac242766612a83882366de8\transformed\common-9.9.10-runtime.jar: R8: Expected stack map table for method with non-linear control flow. In later version of R8, the method may be assumed not reachable.
WARNING: C:\Users\Admin\.gradle\caches\9.5.0\transforms\3bc3e8b59ac242766612a83882366de8\transformed\common-9.9.10-runtime.jar: R8: Expected stack map table for method with non-linear control flow. In later version of R8, the method may be assumed not reachable.
WARNING: C:\Users\Admin\.gradle\caches\9.5.0\transforms\3bc3e8b59ac242766612a83882366de8\transformed\common-9.9.10-runtime.jar: R8: Expected stack map table for method with non-linear control flow. In later version of R8, the method may be assumed not reachable.
WARNING: C:\Users\Admin\.gradle\caches\9.5.0\transforms\3bc3e8b59ac242766612a83882366de8\transformed\common-9.9.10-runtime.jar: R8: Expected stack map table for method with non-linear control flow. In later version of R8, the method may be assumed not reachable.
WARNING: C:\Users\Admin\.gradle\caches\9.5.0\transforms\3bc3e8b59ac242766612a83882366de8\transformed\common-9.9.10-runtime.jar: R8: Expected stack map table for method with non-linear control flow. In later version of R8, the method may be assumed not reachable.
WARNING: C:\Users\Admin\.gradle\caches\9.5.0\transforms\3bc3e8b59ac242766612a83882366de8\transformed\common-9.9.10-runtime.jar: R8: Expected stack map table for method with non-linear control flow. In later version of R8, the method may be assumed not reachable.
WARNING: C:\Users\Admin\.gradle\caches\9.5.0\transforms\3bc3e8b59ac242766612a83882366de8\transformed\common-9.9.10-runtime.jar: R8: Expected stack map table for method with non-linear control flow. In later version of R8, the method may be assumed not reachable.
WARNING: C:\Users\Admin\.gradle\caches\9.5.0\transforms\3bc3e8b59ac242766612a83882366de8\transformed\common-9.9.10-runtime.jar: R8: Expected stack map table for method with non-linear control flow. In later version of R8, the method may be assumed not reachable.
WARNING: C:\Users\Admin\.gradle\caches\9.5.0\transforms\3bc3e8b59ac242766612a83882366de8\transformed\common-9.9.10-runtime.jar: R8: Expected stack map table for method with non-linear control flow. In later version of R8, the method may be assumed not reachable.
WARNING: C:\Users\Admin\.gradle\caches\9.5.0\transforms\3bc3e8b59ac242766612a83882366de8\transformed\common-9.9.10-runtime.jar: R8: Expected stack map table for method with non-linear control flow. In later version of R8, the method may be assumed not reachable.
WARNING: C:\Users\Admin\.gradle\caches\9.5.0\transforms\3bc3e8b59ac242766612a83882366de8\transformed\common-9.9.10-runtime.jar: R8: Expected stack map table for method with non-linear control flow. In later version of R8, the method may be assumed not reachable.
WARNING: C:\Users\Admin\.gradle\caches\9.5.0\transforms\3bc3e8b59ac242766612a83882366de8\transformed\common-9.9.10-runtime.jar: R8: Expected stack map table for method with non-linear control flow. In later version of R8, the method may be assumed not reachable.
WARNING: C:\Users\Admin\.gradle\caches\9.5.0\transforms\3bc3e8b59ac242766612a83882366de8\transformed\common-9.9.10-runtime.jar: R8: Expected stack map table for method with non-linear control flow. In later version of R8, the method may be assumed not reachable.
WARNING: C:\Users\Admin\.gradle\caches\9.5.0\transforms\3bc3e8b59ac242766612a83882366de8\transformed\common-9.9.10-runtime.jar: R8: Expected stack map table for method with non-linear control flow. In later version of R8, the method may be assumed not reachable.
WARNING: C:\Users\Admin\.gradle\caches\9.5.0\transforms\3bc3e8b59ac242766612a83882366de8\transformed\common-9.9.10-runtime.jar: R8: Expected stack map table for method with non-linear control flow. In later version of R8, the method may be assumed not reachable.
WARNING: C:\Users\Admin\.gradle\caches\9.5.0\transforms\3bc3e8b59ac242766612a83882366de8\transformed\common-9.9.10-runtime.jar: R8: Expected stack map table for method with non-linear control flow. In later version of R8, the method may be assumed not reachable.
WARNING: C:\Users\Admin\.gradle\caches\9.5.0\transforms\3bc3e8b59ac242766612a83882366de8\transformed\common-9.9.10-runtime.jar: R8: Expected stack map table for method with non-linear control flow. In later version of R8, the method may be assumed not reachable.
WARNING: C:\Users\Admin\.gradle\caches\9.5.0\transforms\3bc3e8b59ac242766612a83882366de8\transformed\common-9.9.10-runtime.jar: R8: Expected stack map table for method with non-linear control flow. In later version of R8, the method may be assumed not reachable.
WARNING: C:\Users\Admin\.gradle\caches\9.5.0\transforms\3bc3e8b59ac242766612a83882366de8\transformed\common-9.9.10-runtime.jar: R8: Expected stack map table for method with non-linear control flow. In later version of R8, the method may be assumed not reachable.
WARNING: C:\Users\Admin\.gradle\caches\9.5.0\transforms\3bc3e8b59ac242766612a83882366de8\transformed\common-9.9.10-runtime.jar: R8: Expected stack map table for method with non-linear control flow. In later version of R8, the method may be assumed not reachable.
WARNING: C:\Users\Admin\.gradle\caches\9.5.0\transforms\3bc3e8b59ac242766612a83882366de8\transformed\common-9.9.10-runtime.jar: R8: Expected stack map table for method with non-linear control flow. In later version of R8, the method may be assumed not reachable.
WARNING: C:\Users\Admin\.gradle\caches\9.5.0\transforms\3bc3e8b59ac242766612a83882366de8\transformed\common-9.9.10-runtime.jar: R8: Expected stack map table for method with non-linear control flow. In later version of R8, the method may be assumed not reachable.
WARNING: C:\Users\Admin\.gradle\caches\9.5.0\transforms\3bc3e8b59ac242766612a83882366de8\transformed\common-9.9.10-runtime.jar: R8: Expected stack map table for method with non-linear control flow. In later version of R8, the method may be assumed not reachable.
WARNING: C:\Users\Admin\.gradle\caches\9.5.0\transforms\3bc3e8b59ac242766612a83882366de8\transformed\common-9.9.10-runtime.jar: R8: Expected stack map table for method with non-linear control flow. In later version of R8, the method may be assumed not reachable.
WARNING: C:\Users\Admin\.gradle\caches\9.5.0\transforms\3bc3e8b59ac242766612a83882366de8\transformed\common-9.9.10-runtime.jar: R8: Expected stack map table for method with non-linear control flow. In later version of R8, the method may be assumed not reachable.
WARNING: C:\Users\Admin\.gradle\caches\9.5.0\transforms\3bc3e8b59ac242766612a83882366de8\transformed\common-9.9.10-runtime.jar: R8: Expected stack map table for method with non-linear control flow. In later version of R8, the method may be assumed not reachable.
WARNING: C:\Users\Admin\.gradle\caches\9.5.0\transforms\3bc3e8b59ac242766612a83882366de8\transformed\common-9.9.10-runtime.jar: R8: Expected stack map table for method with non-linear control flow. In later version of R8, the method may be assumed not reachable.
WARNING: C:\Users\Admin\.gradle\caches\9.5.0\transforms\3bc3e8b59ac242766612a83882366de8\transformed\common-9.9.10-runtime.jar: R8: Expected stack map table for method with non-linear control flow. In later version of R8, the method may be assumed not reachable.
WARNING: C:\Users\Admin\.gradle\caches\9.5.0\transforms\3bc3e8b59ac242766612a83882366de8\transformed\common-9.9.10-runtime.jar: R8: Expected stack map table for method with non-linear control flow. In later version of R8, the method may be assumed not reachable.
WARNING: C:\Users\Admin\.gradle\caches\9.5.0\transforms\3bc3e8b59ac242766612a83882366de8\transformed\common-9.9.10-runtime.jar: R8: Expected stack map table for method with non-linear control flow. In later version of R8, the method may be assumed not reachable.
WARNING: C:\Users\Admin\.gradle\caches\9.5.0\transforms\3bc3e8b59ac242766612a83882366de8\transformed\common-9.9.10-runtime.jar: R8: Expected stack map table for method with non-linear control flow. In later version of R8, the method may be assumed not reachable.
WARNING: C:\Users\Admin\.gradle\caches\9.5.0\transforms\3bc3e8b59ac242766612a83882366de8\transformed\common-9.9.10-runtime.jar: R8: Expected stack map table for method with non-linear control flow. In later version of R8, the method may be assumed not reachable.
WARNING: C:\Users\Admin\.gradle\caches\9.5.0\transforms\3bc3e8b59ac242766612a83882366de8\transformed\common-9.9.10-runtime.jar: R8: Expected stack map table for method with non-linear control flow. In later version of R8, the method may be assumed not reachable.
WARNING: C:\Users\Admin\.gradle\caches\9.5.0\transforms\3bc3e8b59ac242766612a83882366de8\transformed\common-9.9.10-runtime.jar: R8: Expected stack map table for method with non-linear control flow. In later version of R8, the method may be assumed not reachable.
WARNING: C:\Users\Admin\.gradle\caches\9.5.0\transforms\3bc3e8b59ac242766612a83882366de8\transformed\common-9.9.10-runtime.jar: R8: Expected stack map table for method with non-linear control flow. In later version of R8, the method may be assumed not reachable.
WARNING: C:\Users\Admin\.gradle\caches\9.5.0\transforms\3bc3e8b59ac242766612a83882366de8\transformed\common-9.9.10-runtime.jar: R8: Expected stack map table for method with non-linear control flow. In later version of R8, the method may be assumed not reachable.
WARNING: C:\Users\Admin\.gradle\caches\9.5.0\transforms\3bc3e8b59ac242766612a83882366de8\transformed\common-9.9.10-runtime.jar: R8: Expected stack map table for method with non-linear control flow. In later version of R8, the method may be assumed not reachable.
WARNING: C:\Users\Admin\.gradle\caches\9.5.0\transforms\3bc3e8b59ac242766612a83882366de8\transformed\common-9.9.10-runtime.jar: R8: Expected stack map table for method with non-linear control flow. In later version of R8, the method may be assumed not reachable.
WARNING: C:\Users\Admin\.gradle\caches\9.5.0\transforms\3bc3e8b59ac242766612a83882366de8\transformed\common-9.9.10-runtime.jar: R8: Expected stack map table for method with non-linear control flow. In later version of R8, the method may be assumed not reachable.
WARNING: C:\Users\Admin\.gradle\caches\9.5.0\transforms\3bc3e8b59ac242766612a83882366de8\transformed\common-9.9.10-runtime.jar: R8: Expected stack map table for method with non-linear control flow. In later version of R8, the method may be assumed not reachable.
WARNING: C:\Users\Admin\.gradle\caches\9.5.0\transforms\3bc3e8b59ac242766612a83882366de8\transformed\common-9.9.10-runtime.jar: R8: Expected stack map table for method with non-linear control flow. In later version of R8, the method may be assumed not reachable.
WARNING: C:\Users\Admin\.gradle\caches\9.5.0\transforms\3bc3e8b59ac242766612a83882366de8\transformed\common-9.9.10-runtime.jar: R8: Expected stack map table for method with non-linear control flow. In later version of R8, the method may be assumed not reachable.
WARNING: C:\Users\Admin\.gradle\caches\9.5.0\transforms\3bc3e8b59ac242766612a83882366de8\transformed\common-9.9.10-runtime.jar: R8: Expected stack map table for method with non-linear control flow. In later version of R8, the method may be assumed not reachable.
WARNING: C:\Users\Admin\.gradle\caches\9.5.0\transforms\3bc3e8b59ac242766612a83882366de8\transformed\common-9.9.10-runtime.jar: R8: Expected stack map table for method with non-linear control flow. In later version of R8, the method may be assumed not reachable.
WARNING: C:\Users\Admin\.gradle\caches\9.5.0\transforms\3bc3e8b59ac242766612a83882366de8\transformed\common-9.9.10-runtime.jar: R8: Expected stack map table for method with non-linear control flow. In later version of R8, the method may be assumed not reachable.
WARNING: C:\Users\Admin\.gradle\caches\9.5.0\transforms\3bc3e8b59ac242766612a83882366de8\transformed\common-9.9.10-runtime.jar: R8: Expected stack map table for method with non-linear control flow. In later version of R8, the method may be assumed not reachable.
WARNING: C:\Users\Admin\.gradle\caches\9.5.0\transforms\3bc3e8b59ac242766612a83882366de8\transformed\common-9.9.10-runtime.jar: R8: Expected stack map table for method with non-linear control flow. In later version of R8, the method may be assumed not reachable.
WARNING: C:\Users\Admin\.gradle\caches\9.5.0\transforms\3bc3e8b59ac242766612a83882366de8\transformed\common-9.9.10-runtime.jar: R8: Expected stack map table for method with non-linear control flow. In later version of R8, the method may be assumed not reachable.
WARNING: C:\Users\Admin\.gradle\caches\9.5.0\transforms\3bc3e8b59ac242766612a83882366de8\transformed\common-9.9.10-runtime.jar: R8: Expected stack map table for method with non-linear control flow. In later version of R8, the method may be assumed not reachable.
WARNING: C:\Users\Admin\.gradle\caches\9.5.0\transforms\3bc3e8b59ac242766612a83882366de8\transformed\common-9.9.10-runtime.jar: R8: Expected stack map table for method with non-linear control flow. In later version of R8, the method may be assumed not reachable.
WARNING: C:\Users\Admin\.gradle\caches\9.5.0\transforms\3bc3e8b59ac242766612a83882366de8\transformed\common-9.9.10-runtime.jar: R8: Expected stack map table for method with non-linear control flow. In later version of R8, the method may be assumed not reachable.
WARNING: C:\Users\Admin\.gradle\caches\9.5.0\transforms\3bc3e8b59ac242766612a83882366de8\transformed\common-9.9.10-runtime.jar: R8: Expected stack map table for method with non-linear control flow. In later version of R8, the method may be assumed not reachable.
WARNING: C:\Users\Admin\.gradle\caches\9.5.0\transforms\3bc3e8b59ac242766612a83882366de8\transformed\common-9.9.10-runtime.jar: R8: Expected stack map table for method with non-linear control flow. In later version of R8, the method may be assumed not reachable.
WARNING: C:\Users\Admin\.gradle\caches\9.5.0\transforms\3bc3e8b59ac242766612a83882366de8\transformed\common-9.9.10-runtime.jar: R8: Expected stack map table for method with non-linear control flow. In later version of R8, the method may be assumed not reachable.
WARNING: C:\Users\Admin\.gradle\caches\9.5.0\transforms\3bc3e8b59ac242766612a83882366de8\transformed\common-9.9.10-runtime.jar: R8: Expected stack map table for method with non-linear control flow. In later version of R8, the method may be assumed not reachable.
WARNING: C:\Users\Admin\.gradle\caches\9.5.0\transforms\3bc3e8b59ac242766612a83882366de8\transformed\common-9.9.10-runtime.jar: R8: Expected stack map table for method with non-linear control flow. In later version of R8, the method may be assumed not reachable.
WARNING: C:\Users\Admin\.gradle\caches\9.5.0\transforms\3bc3e8b59ac242766612a83882366de8\transformed\common-9.9.10-runtime.jar: R8: Expected stack map table for method with non-linear control flow. In later version of R8, the method may be assumed not reachable.
WARNING: C:\Users\Admin\.gradle\caches\9.5.0\transforms\3bc3e8b59ac242766612a83882366de8\transformed\common-9.9.10-runtime.jar: R8: Expected stack map table for method with non-linear control flow. In later version of R8, the method may be assumed not reachable.
WARNING: C:\Users\Admin\.gradle\caches\9.5.0\transforms\3bc3e8b59ac242766612a83882366de8\transformed\common-9.9.10-runtime.jar: R8: Expected stack map table for method with non-linear control flow. In later version of R8, the method may be assumed not reachable.
WARNING: C:\Users\Admin\.gradle\caches\9.5.0\transforms\3bc3e8b59ac242766612a83882366de8\transformed\common-9.9.10-runtime.jar: R8: Expected stack map table for method with non-linear control flow. In later version of R8, the method may be assumed not reachable.
WARNING: C:\Users\Admin\.gradle\caches\9.5.0\transforms\3bc3e8b59ac242766612a83882366de8\transformed\common-9.9.10-runtime.jar: R8: Expected stack map table for method with non-linear control flow. In later version of R8, the method may be assumed not reachable.
WARNING: C:\Users\Admin\.gradle\caches\9.5.0\transforms\3bc3e8b59ac242766612a83882366de8\transformed\common-9.9.10-runtime.jar: R8: Expected stack map table for method with non-linear control flow. In later version of R8, the method may be assumed not reachable.
WARNING: C:\Users\Admin\.gradle\caches\9.5.0\transforms\3bc3e8b59ac242766612a83882366de8\transformed\common-9.9.10-runtime.jar: R8: Expected stack map table for method with non-linear control flow. In later version of R8, the method may be assumed not reachable.
WARNING: C:\Users\Admin\.gradle\caches\9.5.0\transforms\3bc3e8b59ac242766612a83882366de8\transformed\common-9.9.10-runtime.jar: R8: Expected stack map table for method with non-linear control flow. In later version of R8, the method may be assumed not reachable.
WARNING: C:\Users\Admin\.gradle\caches\9.5.0\transforms\3bc3e8b59ac242766612a83882366de8\transformed\common-9.9.10-runtime.jar: R8: Expected stack map table for method with non-linear control flow. In later version of R8, the method may be assumed not reachable.
WARNING: C:\Users\Admin\.gradle\caches\9.5.0\transforms\3bc3e8b59ac242766612a83882366de8\transformed\common-9.9.10-runtime.jar: R8: Expected stack map table for method with non-linear control flow. In later version of R8, the method may be assumed not reachable.
WARNING: C:\Users\Admin\.gradle\caches\9.5.0\transforms\3bc3e8b59ac242766612a83882366de8\transformed\common-9.9.10-runtime.jar: R8: Expected stack map table for method with non-linear control flow. In later version of R8, the method may be assumed not reachable.
WARNING: C:\Users\Admin\.gradle\caches\9.5.0\transforms\3bc3e8b59ac242766612a83882366de8\transformed\common-9.9.10-runtime.jar: R8: Expected stack map table for method with non-linear control flow. In later version of R8, the method may be assumed not reachable.
WARNING: C:\Users\Admin\.gradle\caches\9.5.0\transforms\3bc3e8b59ac242766612a83882366de8\transformed\common-9.9.10-runtime.jar: R8: Expected stack map table for method with non-linear control flow. In later version of R8, the method may be assumed not reachable.
WARNING: C:\Users\Admin\.gradle\caches\9.5.0\transforms\3bc3e8b59ac242766612a83882366de8\transformed\common-9.9.10-runtime.jar: R8: Expected stack map table for method with non-linear control flow. In later version of R8, the method may be assumed not reachable.
WARNING: C:\Users\Admin\.gradle\caches\9.5.0\transforms\3bc3e8b59ac242766612a83882366de8\transformed\common-9.9.10-runtime.jar: R8: Expected stack map table for method with non-linear control flow. In later version of R8, the method may be assumed not reachable.
WARNING: C:\Users\Admin\.gradle\caches\9.5.0\transforms\3bc3e8b59ac242766612a83882366de8\transformed\common-9.9.10-runtime.jar: R8: Expected stack map table for method with non-linear control flow. In later version of R8, the method may be assumed not reachable.
WARNING: C:\Users\Admin\.gradle\caches\9.5.0\transforms\3bc3e8b59ac242766612a83882366de8\transformed\common-9.9.10-runtime.jar: R8: Expected stack map table for method with non-linear control flow. In later version of R8, the method may be assumed not reachable.
WARNING: C:\Users\Admin\.gradle\caches\9.5.0\transforms\3bc3e8b59ac242766612a83882366de8\transformed\common-9.9.10-runtime.jar: R8: Expected stack map table for method with non-linear control flow. In later version of R8, the method may be assumed not reachable.
WARNING: C:\Users\Admin\.gradle\caches\9.5.0\transforms\3bc3e8b59ac242766612a83882366de8\transformed\common-9.9.10-runtime.jar: R8: Expected stack map table for method with non-linear control flow. In later version of R8, the method may be assumed not reachable.
WARNING: C:\Users\Admin\.gradle\caches\9.5.0\transforms\3bc3e8b59ac242766612a83882366de8\transformed\common-9.9.10-runtime.jar: R8: Expected stack map table for method with non-linear control flow. In later version of R8, the method may be assumed not reachable.
WARNING: C:\Users\Admin\.gradle\caches\9.5.0\transforms\3bc3e8b59ac242766612a83882366de8\transformed\common-9.9.10-runtime.jar: R8: Expected stack map table for method with non-linear control flow. In later version of R8, the method may be assumed not reachable.
WARNING: C:\Users\Admin\.gradle\caches\9.5.0\transforms\3bc3e8b59ac242766612a83882366de8\transformed\common-9.9.10-runtime.jar: R8: Expected stack map table for method with non-linear control flow. In later version of R8, the method may be assumed not reachable.
WARNING: C:\Users\Admin\.gradle\caches\9.5.0\transforms\3bc3e8b59ac242766612a83882366de8\transformed\common-9.9.10-runtime.jar: R8: Expected stack map table for method with non-linear control flow. In later version of R8, the method may be assumed not reachable.
WARNING: C:\Users\Admin\.gradle\caches\9.5.0\transforms\3bc3e8b59ac242766612a83882366de8\transformed\common-9.9.10-runtime.jar: R8: Expected stack map table for method with non-linear control flow. In later version of R8, the method may be assumed not reachable.
WARNING: C:\Users\Admin\.gradle\caches\9.5.0\transforms\3bc3e8b59ac242766612a83882366de8\transformed\common-9.9.10-runtime.jar: R8: Expected stack map table for method with non-linear control flow. In later version of R8, the method may be assumed not reachable.
WARNING: C:\Users\Admin\.gradle\caches\9.5.0\transforms\3bc3e8b59ac242766612a83882366de8\transformed\common-9.9.10-runtime.jar: R8: Expected stack map table for method with non-linear control flow. In later version of R8, the method may be assumed not reachable.
WARNING: C:\Users\Admin\.gradle\caches\9.5.0\transforms\3bc3e8b59ac242766612a83882366de8\transformed\common-9.9.10-runtime.jar: R8: Expected stack map table for method with non-linear control flow. In later version of R8, the method may be assumed not reachable.
WARNING: C:\Users\Admin\.gradle\caches\9.5.0\transforms\3bc3e8b59ac242766612a83882366de8\transformed\common-9.9.10-runtime.jar: R8: Expected stack map table for method with non-linear control flow. In later version of R8, the method may be assumed not reachable.
WARNING: C:\Users\Admin\.gradle\caches\9.5.0\transforms\3bc3e8b59ac242766612a83882366de8\transformed\common-9.9.10-runtime.jar: R8: Expected stack map table for method with non-linear control flow. In later version of R8, the method may be assumed not reachable.
WARNING: C:\Users\Admin\.gradle\caches\9.5.0\transforms\3bc3e8b59ac242766612a83882366de8\transformed\common-9.9.10-runtime.jar: R8: Expected stack map table for method with non-linear control flow. In later version of R8, the method may be assumed not reachable.
WARNING: C:\Users\Admin\.gradle\caches\9.5.0\transforms\3bc3e8b59ac242766612a83882366de8\transformed\common-9.9.10-runtime.jar: R8: Expected stack map table for method with non-linear control flow. In later version of R8, the method may be assumed not reachable.
WARNING: C:\Users\Admin\.gradle\caches\9.5.0\transforms\3bc3e8b59ac242766612a83882366de8\transformed\common-9.9.10-runtime.jar: R8: Expected stack map table for method with non-linear control flow. In later version of R8, the method may be assumed not reachable.
WARNING: C:\Users\Admin\.gradle\caches\9.5.0\transforms\3bc3e8b59ac242766612a83882366de8\transformed\common-9.9.10-runtime.jar: R8: Expected stack map table for method with non-linear control flow. In later version of R8, the method may be assumed not reachable.
WARNING: C:\Users\Admin\.gradle\caches\9.5.0\transforms\3bc3e8b59ac242766612a83882366de8\transformed\common-9.9.10-runtime.jar: R8: Expected stack map table for method with non-linear control flow. In later version of R8, the method may be assumed not reachable.
WARNING: C:\Users\Admin\.gradle\caches\9.5.0\transforms\3bc3e8b59ac242766612a83882366de8\transformed\common-9.9.10-runtime.jar: R8: Expected stack map table for method with non-linear control flow. In later version of R8, the method may be assumed not reachable.
WARNING: C:\Users\Admin\.gradle\caches\9.5.0\transforms\3bc3e8b59ac242766612a83882366de8\transformed\common-9.9.10-runtime.jar: R8: Expected stack map table for method with non-linear control flow. In later version of R8, the method may be assumed not reachable.
WARNING: C:\Users\Admin\.gradle\caches\9.5.0\transforms\3bc3e8b59ac242766612a83882366de8\transformed\common-9.9.10-runtime.jar: R8: Expected stack map table for method with non-linear control flow. In later version of R8, the method may be assumed not reachable.
WARNING: C:\Users\Admin\.gradle\caches\9.5.0\transforms\3bc3e8b59ac242766612a83882366de8\transformed\common-9.9.10-runtime.jar: R8: Expected stack map table for method with non-linear control flow. In later version of R8, the method may be assumed not reachable.
WARNING: C:\Users\Admin\.gradle\caches\9.5.0\transforms\3bc3e8b59ac242766612a83882366de8\transformed\common-9.9.10-runtime.jar: R8: Expected stack map table for method with non-linear control flow. In later version of R8, the method may be assumed not reachable.
WARNING: C:\Users\Admin\.gradle\caches\9.5.0\transforms\3bc3e8b59ac242766612a83882366de8\transformed\common-9.9.10-runtime.jar: R8: Expected stack map table for method with non-linear control flow. In later version of R8, the method may be assumed not reachable.
WARNING: C:\Users\Admin\.gradle\caches\9.5.0\transforms\3bc3e8b59ac242766612a83882366de8\transformed\common-9.9.10-runtime.jar: R8: Expected stack map table for method with non-linear control flow. In later version of R8, the method may be assumed not reachable.
WARNING: C:\Users\Admin\.gradle\caches\9.5.0\transforms\3bc3e8b59ac242766612a83882366de8\transformed\common-9.9.10-runtime.jar: R8: Expected stack map table for method with non-linear control flow. In later version of R8, the method may be assumed not reachable.
WARNING: C:\Users\Admin\.gradle\caches\9.5.0\transforms\3bc3e8b59ac242766612a83882366de8\transformed\common-9.9.10-runtime.jar: R8: Expected stack map table for method with non-linear control flow. In later version of R8, the method may be assumed not reachable.
WARNING: C:\Users\Admin\.gradle\caches\9.5.0\transforms\3bc3e8b59ac242766612a83882366de8\transformed\common-9.9.10-runtime.jar: R8: Expected stack map table for method with non-linear control flow. In later version of R8, the method may be assumed not reachable.
WARNING: C:\Users\Admin\.gradle\caches\9.5.0\transforms\3bc3e8b59ac242766612a83882366de8\transformed\common-9.9.10-runtime.jar: R8: Expected stack map table for method with non-linear control flow. In later version of R8, the method may be assumed not reachable.
WARNING: C:\Users\Admin\.gradle\caches\9.5.0\transforms\3bc3e8b59ac242766612a83882366de8\transformed\common-9.9.10-runtime.jar: R8: Expected stack map table for method with non-linear control flow. In later version of R8, the method may be assumed not reachable.
WARNING: C:\Users\Admin\.gradle\caches\9.5.0\transforms\3bc3e8b59ac242766612a83882366de8\transformed\common-9.9.10-runtime.jar: R8: Expected stack map table for method with non-linear control flow. In later version of R8, the method may be assumed not reachable.
WARNING: C:\Users\Admin\.gradle\caches\9.5.0\transforms\3bc3e8b59ac242766612a83882366de8\transformed\common-9.9.10-runtime.jar: R8: Expected stack map table for method with non-linear control flow. In later version of R8, the method may be assumed not reachable.
WARNING: C:\Users\Admin\.gradle\caches\9.5.0\transforms\3bc3e8b59ac242766612a83882366de8\transformed\common-9.9.10-runtime.jar: R8: Expected stack map table for method with non-linear control flow. In later version of R8, the method may be assumed not reachable.
WARNING: C:\Users\Admin\.gradle\caches\9.5.0\transforms\3bc3e8b59ac242766612a83882366de8\transformed\common-9.9.10-runtime.jar: R8: Expected stack map table for method with non-linear control flow. In later version of R8, the method may be assumed not reachable.
WARNING: C:\Users\Admin\.gradle\caches\9.5.0\transforms\3bc3e8b59ac242766612a83882366de8\transformed\common-9.9.10-runtime.jar: R8: Expected stack map table for method with non-linear control flow. In later version of R8, the method may be assumed not reachable.
WARNING: C:\Users\Admin\.gradle\caches\9.5.0\transforms\3bc3e8b59ac242766612a83882366de8\transformed\common-9.9.10-runtime.jar: R8: Expected stack map table for method with non-linear control flow. In later version of R8, the method may be assumed not reachable.
WARNING: C:\Users\Admin\.gradle\caches\9.5.0\transforms\3bc3e8b59ac242766612a83882366de8\transformed\common-9.9.10-runtime.jar: R8: Expected stack map table for method with non-linear control flow. In later version of R8, the method may be assumed not reachable.
WARNING: C:\Users\Admin\.gradle\caches\9.5.0\transforms\3bc3e8b59ac242766612a83882366de8\transformed\common-9.9.10-runtime.jar: R8: Expected stack map table for method with non-linear control flow. In later version of R8, the method may be assumed not reachable.
WARNING: C:\Users\Admin\.gradle\caches\9.5.0\transforms\3bc3e8b59ac242766612a83882366de8\transformed\common-9.9.10-runtime.jar: R8: Expected stack map table for method with non-linear control flow. In later version of R8, the method may be assumed not reachable.
WARNING: C:\Users\Admin\.gradle\caches\9.5.0\transforms\3bc3e8b59ac242766612a83882366de8\transformed\common-9.9.10-runtime.jar: R8: Expected stack map table for method with non-linear control flow. In later version of R8, the method may be assumed not reachable.
WARNING: C:\Users\Admin\.gradle\caches\9.5.0\transforms\3bc3e8b59ac242766612a83882366de8\transformed\common-9.9.10-runtime.jar: R8: Expected stack map table for method with non-linear control flow. In later version of R8, the method may be assumed not reachable.
WARNING: C:\Users\Admin\.gradle\caches\9.5.0\transforms\3bc3e8b59ac242766612a83882366de8\transformed\common-9.9.10-runtime.jar: R8: Expected stack map table for method with non-linear control flow. In later version of R8, the method may be assumed not reachable.
WARNING: C:\Users\Admin\.gradle\caches\9.5.0\transforms\3bc3e8b59ac242766612a83882366de8\transformed\common-9.9.10-runtime.jar: R8: Expected stack map table for method with non-linear control flow. In later version of R8, the method may be assumed not reachable.
WARNING: C:\Users\Admin\.gradle\caches\9.5.0\transforms\3bc3e8b59ac242766612a83882366de8\transformed\common-9.9.10-runtime.jar: R8: Expected stack map table for method with non-linear control flow. In later version of R8, the method may be assumed not reachable.
WARNING: C:\Users\Admin\.gradle\caches\9.5.0\transforms\3bc3e8b59ac242766612a83882366de8\transformed\common-9.9.10-runtime.jar: R8: Expected stack map table for method with non-linear control flow. In later version of R8, the method may be assumed not reachable.
WARNING: C:\Users\Admin\.gradle\caches\9.5.0\transforms\3bc3e8b59ac242766612a83882366de8\transformed\common-9.9.10-runtime.jar: R8: Expected stack map table for method with non-linear control flow. In later version of R8, the method may be assumed not reachable.
WARNING: C:\Users\Admin\.gradle\caches\9.5.0\transforms\3bc3e8b59ac242766612a83882366de8\transformed\common-9.9.10-runtime.jar: R8: Expected stack map table for method with non-linear control flow. In later version of R8, the method may be assumed not reachable.
WARNING: C:\Users\Admin\.gradle\caches\9.5.0\transforms\3bc3e8b59ac242766612a83882366de8\transformed\common-9.9.10-runtime.jar: R8: Expected stack map table for method with non-linear control flow. In later version of R8, the method may be assumed not reachable.
WARNING: C:\Users\Admin\.gradle\caches\9.5.0\transforms\3bc3e8b59ac242766612a83882366de8\transformed\common-9.9.10-runtime.jar: R8: Expected stack map table for method with non-linear control flow. In later version of R8, the method may be assumed not reachable.
WARNING: C:\Users\Admin\.gradle\caches\9.5.0\transforms\3bc3e8b59ac242766612a83882366de8\transformed\common-9.9.10-runtime.jar: R8: Expected stack map table for method with non-linear control flow. In later version of R8, the method may be assumed not reachable.
WARNING: C:\Users\Admin\.gradle\caches\9.5.0\transforms\3bc3e8b59ac242766612a83882366de8\transformed\common-9.9.10-runtime.jar: R8: Expected stack map table for method with non-linear control flow. In later version of R8, the method may be assumed not reachable.
WARNING: C:\Users\Admin\.gradle\caches\9.5.0\transforms\3bc3e8b59ac242766612a83882366de8\transformed\common-9.9.10-runtime.jar: R8: Expected stack map table for method with non-linear control flow. In later version of R8, the method may be assumed not reachable.
WARNING: C:\Users\Admin\.gradle\caches\9.5.0\transforms\3bc3e8b59ac242766612a83882366de8\transformed\common-9.9.10-runtime.jar: R8: Expected stack map table for method with non-linear control flow. In later version of R8, the method may be assumed not reachable.
WARNING: C:\Users\Admin\.gradle\caches\9.5.0\transforms\3bc3e8b59ac242766612a83882366de8\transformed\common-9.9.10-runtime.jar: R8: Expected stack map table for method with non-linear control flow. In later version of R8, the method may be assumed not reachable.
WARNING: C:\Users\Admin\.gradle\caches\9.5.0\transforms\3bc3e8b59ac242766612a83882366de8\transformed\common-9.9.10-runtime.jar: R8: Expected stack map table for method with non-linear control flow. In later version of R8, the method may be assumed not reachable.
WARNING: C:\Users\Admin\.gradle\caches\9.5.0\transforms\3bc3e8b59ac242766612a83882366de8\transformed\common-9.9.10-runtime.jar: R8: Expected stack map table for method with non-linear control flow. In later version of R8, the method may be assumed not reachable.
WARNING: C:\Users\Admin\.gradle\caches\9.5.0\transforms\3bc3e8b59ac242766612a83882366de8\transformed\common-9.9.10-runtime.jar: R8: Expected stack map table for method with non-linear control flow. In later version of R8, the method may be assumed not reachable.
WARNING: C:\Users\Admin\.gradle\caches\9.5.0\transforms\3bc3e8b59ac242766612a83882366de8\transformed\common-9.9.10-runtime.jar: R8: Expected stack map table for method with non-linear control flow. In later version of R8, the method may be assumed not reachable.
WARNING: C:\Users\Admin\.gradle\caches\9.5.0\transforms\3bc3e8b59ac242766612a83882366de8\transformed\common-9.9.10-runtime.jar: R8: Expected stack map table for method with non-linear control flow. In later version of R8, the method may be assumed not reachable.
WARNING: C:\Users\Admin\.gradle\caches\9.5.0\transforms\3bc3e8b59ac242766612a83882366de8\transformed\common-9.9.10-runtime.jar: R8: Expected stack map table for method with non-linear control flow. In later version of R8, the method may be assumed not reachable.
WARNING: C:\Users\Admin\.gradle\caches\9.5.0\transforms\3bc3e8b59ac242766612a83882366de8\transformed\common-9.9.10-runtime.jar: R8: Expected stack map table for method with non-linear control flow. In later version of R8, the method may be assumed not reachable.
WARNING: C:\Users\Admin\.gradle\caches\9.5.0\transforms\3bc3e8b59ac242766612a83882366de8\transformed\common-9.9.10-runtime.jar: R8: Expected stack map table for method with non-linear control flow. In later version of R8, the method may be assumed not reachable.
WARNING: C:\Users\Admin\.gradle\caches\9.5.0\transforms\3bc3e8b59ac242766612a83882366de8\transformed\common-9.9.10-runtime.jar: R8: Expected stack map table for method with non-linear control flow. In later version of R8, the method may be assumed not reachable.
WARNING: C:\Users\Admin\.gradle\caches\9.5.0\transforms\3bc3e8b59ac242766612a83882366de8\transformed\common-9.9.10-runtime.jar: R8: Expected stack map table for method with non-linear control flow. In later version of R8, the method may be assumed not reachable.
WARNING: C:\Users\Admin\.gradle\caches\9.5.0\transforms\3bc3e8b59ac242766612a83882366de8\transformed\common-9.9.10-runtime.jar: R8: Expected stack map table for method with non-linear control flow. In later version of R8, the method may be assumed not reachable.
WARNING: C:\Users\Admin\.gradle\caches\9.5.0\transforms\3bc3e8b59ac242766612a83882366de8\transformed\common-9.9.10-runtime.jar: R8: Expected stack map table for method with non-linear control flow. In later version of R8, the method may be assumed not reachable.
WARNING: C:\Users\Admin\.gradle\caches\9.5.0\transforms\3bc3e8b59ac242766612a83882366de8\transformed\common-9.9.10-runtime.jar: R8: Expected stack map table for method with non-linear control flow. In later version of R8, the method may be assumed not reachable.
WARNING: C:\Users\Admin\.gradle\caches\9.5.0\transforms\3bc3e8b59ac242766612a83882366de8\transformed\common-9.9.10-runtime.jar: R8: Expected stack map table for method with non-linear control flow. In later version of R8, the method may be assumed not reachable.
WARNING: C:\Users\Admin\.gradle\caches\9.5.0\transforms\3bc3e8b59ac242766612a83882366de8\transformed\common-9.9.10-runtime.jar: R8: Expected stack map table for method with non-linear control flow. In later version of R8, the method may be assumed not reachable.
WARNING: C:\Users\Admin\.gradle\caches\9.5.0\transforms\3bc3e8b59ac242766612a83882366de8\transformed\common-9.9.10-runtime.jar: R8: Expected stack map table for method with non-linear control flow. In later version of R8, the method may be assumed not reachable.
WARNING: C:\Users\Admin\.gradle\caches\9.5.0\transforms\3bc3e8b59ac242766612a83882366de8\transformed\common-9.9.10-runtime.jar: R8: Expected stack map table for method with non-linear control flow. In later version of R8, the method may be assumed not reachable.
WARNING: C:\Users\Admin\.gradle\caches\9.5.0\transforms\3bc3e8b59ac242766612a83882366de8\transformed\common-9.9.10-runtime.jar: R8: Expected stack map table for method with non-linear control flow. In later version of R8, the method may be assumed not reachable.
WARNING: C:\Users\Admin\.gradle\caches\9.5.0\transforms\3bc3e8b59ac242766612a83882366de8\transformed\common-9.9.10-runtime.jar: R8: Expected stack map table for method with non-linear control flow. In later version of R8, the method may be assumed not reachable.
WARNING: C:\Users\Admin\.gradle\caches\9.5.0\transforms\3bc3e8b59ac242766612a83882366de8\transformed\common-9.9.10-runtime.jar: R8: Expected stack map table for method with non-linear control flow. In later version of R8, the method may be assumed not reachable.
WARNING: C:\Users\Admin\.gradle\caches\9.5.0\transforms\3bc3e8b59ac242766612a83882366de8\transformed\common-9.9.10-runtime.jar: R8: Expected stack map table for method with non-linear control flow. In later version of R8, the method may be assumed not reachable.
WARNING: C:\Users\Admin\.gradle\caches\9.5.0\transforms\3bc3e8b59ac242766612a83882366de8\transformed\common-9.9.10-runtime.jar: R8: Expected stack map table for method with non-linear control flow. In later version of R8, the method may be assumed not reachable.
WARNING: C:\Users\Admin\.gradle\caches\9.5.0\transforms\3bc3e8b59ac242766612a83882366de8\transformed\common-9.9.10-runtime.jar: R8: Expected stack map table for method with non-linear control flow. In later version of R8, the method may be assumed not reachable.
WARNING: C:\Users\Admin\.gradle\caches\9.5.0\transforms\3bc3e8b59ac242766612a83882366de8\transformed\common-9.9.10-runtime.jar: R8: Expected stack map table for method with non-linear control flow. In later version of R8, the method may be assumed not reachable.
WARNING: C:\Users\Admin\.gradle\caches\9.5.0\transforms\3bc3e8b59ac242766612a83882366de8\transformed\common-9.9.10-runtime.jar: R8: Expected stack map table for method with non-linear control flow. In later version of R8, the method may be assumed not reachable.
WARNING: C:\Users\Admin\.gradle\caches\9.5.0\transforms\3bc3e8b59ac242766612a83882366de8\transformed\common-9.9.10-runtime.jar: R8: Expected stack map table for method with non-linear control flow. In later version of R8, the method may be assumed not reachable.
WARNING: C:\Users\Admin\.gradle\caches\9.5.0\transforms\3bc3e8b59ac242766612a83882366de8\transformed\common-9.9.10-runtime.jar: R8: Expected stack map table for method with non-linear control flow. In later version of R8, the method may be assumed not reachable.
WARNING: C:\Users\Admin\.gradle\caches\9.5.0\transforms\3bc3e8b59ac242766612a83882366de8\transformed\common-9.9.10-runtime.jar: R8: Expected stack map table for method with non-linear control flow. In later version of R8, the method may be assumed not reachable.
WARNING: C:\Users\Admin\.gradle\caches\9.5.0\transforms\3bc3e8b59ac242766612a83882366de8\transformed\common-9.9.10-runtime.jar: R8: Expected stack map table for method with non-linear control flow. In later version of R8, the method may be assumed not reachable.
WARNING: C:\Users\Admin\.gradle\caches\9.5.0\transforms\3bc3e8b59ac242766612a83882366de8\transformed\common-9.9.10-runtime.jar: R8: Expected stack map table for method with non-linear control flow. In later version of R8, the method may be assumed not reachable.
WARNING: C:\Users\Admin\.gradle\caches\9.5.0\transforms\3bc3e8b59ac242766612a83882366de8\transformed\common-9.9.10-runtime.jar: R8: Expected stack map table for method with non-linear control flow. In later version of R8, the method may be assumed not reachable.
WARNING: C:\Users\Admin\.gradle\caches\9.5.0\transforms\3bc3e8b59ac242766612a83882366de8\transformed\common-9.9.10-runtime.jar: R8: Expected stack map table for method with non-linear control flow. In later version of R8, the method may be assumed not reachable.
WARNING: C:\Users\Admin\.gradle\caches\9.5.0\transforms\3bc3e8b59ac242766612a83882366de8\transformed\common-9.9.10-runtime.jar: R8: Expected stack map table for method with non-linear control flow. In later version of R8, the method may be assumed not reachable.
WARNING: C:\Users\Admin\.gradle\caches\9.5.0\transforms\3bc3e8b59ac242766612a83882366de8\transformed\common-9.9.10-runtime.jar: R8: Expected stack map table for method with non-linear control flow. In later version of R8, the method may be assumed not reachable.
WARNING: C:\Users\Admin\.gradle\caches\9.5.0\transforms\3bc3e8b59ac242766612a83882366de8\transformed\common-9.9.10-runtime.jar: R8: Expected stack map table for method with non-linear control flow. In later version of R8, the method may be assumed not reachable.
WARNING: C:\Users\Admin\.gradle\caches\9.5.0\transforms\3bc3e8b59ac242766612a83882366de8\transformed\common-9.9.10-runtime.jar: R8: Expected stack map table for method with non-linear control flow. In later version of R8, the method may be assumed not reachable.
WARNING: C:\Users\Admin\.gradle\caches\9.5.0\transforms\3bc3e8b59ac242766612a83882366de8\transformed\common-9.9.10-runtime.jar: R8: Expected stack map table for method with non-linear control flow. In later version of R8, the method may be assumed not reachable.
WARNING: C:\Users\Admin\.gradle\caches\9.5.0\transforms\3bc3e8b59ac242766612a83882366de8\transformed\common-9.9.10-runtime.jar: R8: Expected stack map table for method with non-linear control flow. In later version of R8, the method may be assumed not reachable.
WARNING: C:\Users\Admin\.gradle\caches\9.5.0\transforms\3bc3e8b59ac242766612a83882366de8\transformed\common-9.9.10-runtime.jar: R8: Expected stack map table for method with non-linear control flow. In later version of R8, the method may be assumed not reachable.
WARNING: C:\Users\Admin\.gradle\caches\9.5.0\transforms\3bc3e8b59ac242766612a83882366de8\transformed\common-9.9.10-runtime.jar: R8: Expected stack map table for method with non-linear control flow. In later version of R8, the method may be assumed not reachable.
WARNING: C:\Users\Admin\.gradle\caches\9.5.0\transforms\3bc3e8b59ac242766612a83882366de8\transformed\common-9.9.10-runtime.jar: R8: Expected stack map table for method with non-linear control flow. In later version of R8, the method may be assumed not reachable.
WARNING: C:\Users\Admin\.gradle\caches\9.5.0\transforms\3bc3e8b59ac242766612a83882366de8\transformed\common-9.9.10-runtime.jar: R8: Expected stack map table for method with non-linear control flow. In later version of R8, the method may be assumed not reachable.
WARNING: C:\Users\Admin\.gradle\caches\9.5.0\transforms\3bc3e8b59ac242766612a83882366de8\transformed\common-9.9.10-runtime.jar: R8: Expected stack map table for method with non-linear control flow. In later version of R8, the method may be assumed not reachable.
WARNING: C:\Users\Admin\.gradle\caches\9.5.0\transforms\3bc3e8b59ac242766612a83882366de8\transformed\common-9.9.10-runtime.jar: R8: Expected stack map table for method with non-linear control flow. In later version of R8, the method may be assumed not reachable.
WARNING: C:\Users\Admin\.gradle\caches\9.5.0\transforms\3bc3e8b59ac242766612a83882366de8\transformed\common-9.9.10-runtime.jar: R8: Expected stack map table for method with non-linear control flow. In later version of R8, the method may be assumed not reachable.
WARNING: C:\Users\Admin\.gradle\caches\9.5.0\transforms\3bc3e8b59ac242766612a83882366de8\transformed\common-9.9.10-runtime.jar: R8: Expected stack map table for method with non-linear control flow. In later version of R8, the method may be assumed not reachable.
WARNING: C:\Users\Admin\.gradle\caches\9.5.0\transforms\3bc3e8b59ac242766612a83882366de8\transformed\common-9.9.10-runtime.jar: R8: Expected stack map table for method with non-linear control flow. In later version of R8, the method may be assumed not reachable.
WARNING: C:\Users\Admin\.gradle\caches\9.5.0\transforms\3bc3e8b59ac242766612a83882366de8\transformed\common-9.9.10-runtime.jar: R8: Expected stack map table for method with non-linear control flow. In later version of R8, the method may be assumed not reachable.
WARNING: C:\Users\Admin\.gradle\caches\9.5.0\transforms\3bc3e8b59ac242766612a83882366de8\transformed\common-9.9.10-runtime.jar: R8: Expected stack map table for method with non-linear control flow. In later version of R8, the method may be assumed not reachable.
WARNING: C:\Users\Admin\.gradle\caches\9.5.0\transforms\3bc3e8b59ac242766612a83882366de8\transformed\common-9.9.10-runtime.jar: R8: Expected stack map table for method with non-linear control flow. In later version of R8, the method may be assumed not reachable.
WARNING: C:\Users\Admin\.gradle\caches\9.5.0\transforms\3bc3e8b59ac242766612a83882366de8\transformed\common-9.9.10-runtime.jar: R8: Expected stack map table for method with non-linear control flow. In later version of R8, the method may be assumed not reachable.
WARNING: C:\Users\Admin\.gradle\caches\9.5.0\transforms\3bc3e8b59ac242766612a83882366de8\transformed\common-9.9.10-runtime.jar: R8: Expected stack map table for method with non-linear control flow. In later version of R8, the method may be assumed not reachable.
WARNING: C:\Users\Admin\.gradle\caches\9.5.0\transforms\3bc3e8b59ac242766612a83882366de8\transformed\common-9.9.10-runtime.jar: R8: Expected stack map table for method with non-linear control flow. In later version of R8, the method may be assumed not reachable.
WARNING: C:\Users\Admin\.gradle\caches\9.5.0\transforms\3bc3e8b59ac242766612a83882366de8\transformed\common-9.9.10-runtime.jar: R8: Expected stack map table for method with non-linear control flow. In later version of R8, the method may be assumed not reachable.
WARNING: C:\Users\Admin\.gradle\caches\9.5.0\transforms\3bc3e8b59ac242766612a83882366de8\transformed\common-9.9.10-runtime.jar: R8: Expected stack map table for method with non-linear control flow. In later version of R8, the method may be assumed not reachable.
WARNING: C:\Users\Admin\.gradle\caches\9.5.0\transforms\3bc3e8b59ac242766612a83882366de8\transformed\common-9.9.10-runtime.jar: R8: Expected stack map table for method with non-linear control flow. In later version of R8, the method may be assumed not reachable.
WARNING: C:\Users\Admin\.gradle\caches\9.5.0\transforms\3bc3e8b59ac242766612a83882366de8\transformed\common-9.9.10-runtime.jar: R8: Expected stack map table for method with non-linear control flow. In later version of R8, the method may be assumed not reachable.
WARNING: C:\Users\Admin\.gradle\caches\9.5.0\transforms\3bc3e8b59ac242766612a83882366de8\transformed\common-9.9.10-runtime.jar: R8: Expected stack map table for method with non-linear control flow. In later version of R8, the method may be assumed not reachable.
WARNING: C:\Users\Admin\.gradle\caches\9.5.0\transforms\3bc3e8b59ac242766612a83882366de8\transformed\common-9.9.10-runtime.jar: R8: Expected stack map table for method with non-linear control flow. In later version of R8, the method may be assumed not reachable.
WARNING: C:\Users\Admin\.gradle\caches\9.5.0\transforms\3bc3e8b59ac242766612a83882366de8\transformed\common-9.9.10-runtime.jar: R8: Expected stack map table for method with non-linear control flow. In later version of R8, the method may be assumed not reachable.
WARNING: C:\Users\Admin\.gradle\caches\9.5.0\transforms\3bc3e8b59ac242766612a83882366de8\transformed\common-9.9.10-runtime.jar: R8: Expected stack map table for method with non-linear control flow. In later version of R8, the method may be assumed not reachable.
WARNING: C:\Users\Admin\.gradle\caches\9.5.0\transforms\3bc3e8b59ac242766612a83882366de8\transformed\common-9.9.10-runtime.jar: R8: Expected stack map table for method with non-linear control flow. In later version of R8, the method may be assumed not reachable.
WARNING: C:\Users\Admin\.gradle\caches\9.5.0\transforms\3bc3e8b59ac242766612a83882366de8\transformed\common-9.9.10-runtime.jar: R8: Expected stack map table for method with non-linear control flow. In later version of R8, the method may be assumed not reachable.
WARNING: C:\Users\Admin\.gradle\caches\9.5.0\transforms\3bc3e8b59ac242766612a83882366de8\transformed\common-9.9.10-runtime.jar: R8: Expected stack map table for method with non-linear control flow. In later version of R8, the method may be assumed not reachable.
WARNING: C:\Users\Admin\.gradle\caches\9.5.0\transforms\3bc3e8b59ac242766612a83882366de8\transformed\common-9.9.10-runtime.jar: R8: Expected stack map table for method with non-linear control flow. In later version of R8, the method may be assumed not reachable.
WARNING: C:\Users\Admin\.gradle\caches\9.5.0\transforms\3bc3e8b59ac242766612a83882366de8\transformed\common-9.9.10-runtime.jar: R8: Expected stack map table for method with non-linear control flow. In later version of R8, the method may be assumed not reachable.
WARNING: C:\Users\Admin\.gradle\caches\9.5.0\transforms\3bc3e8b59ac242766612a83882366de8\transformed\common-9.9.10-runtime.jar: R8: Expected stack map table for method with non-linear control flow. In later version of R8, the method may be assumed not reachable.
WARNING: C:\Users\Admin\.gradle\caches\9.5.0\transforms\3bc3e8b59ac242766612a83882366de8\transformed\common-9.9.10-runtime.jar: R8: Expected stack map table for method with non-linear control flow. In later version of R8, the method may be assumed not reachable.
WARNING: C:\Users\Admin\.gradle\caches\9.5.0\transforms\3bc3e8b59ac242766612a83882366de8\transformed\common-9.9.10-runtime.jar: R8: Expected stack map table for method with non-linear control flow. In later version of R8, the method may be assumed not reachable.
WARNING: C:\Users\Admin\.gradle\caches\9.5.0\transforms\3bc3e8b59ac242766612a83882366de8\transformed\common-9.9.10-runtime.jar: R8: Expected stack map table for method with non-linear control flow. In later version of R8, the method may be assumed not reachable.
WARNING: C:\Users\Admin\.gradle\caches\9.5.0\transforms\3bc3e8b59ac242766612a83882366de8\transformed\common-9.9.10-runtime.jar: R8: Expected stack map table for method with non-linear control flow. In later version of R8, the method may be assumed not reachable.
WARNING: C:\Users\Admin\.gradle\caches\9.5.0\transforms\3bc3e8b59ac242766612a83882366de8\transformed\common-9.9.10-runtime.jar: R8: Expected stack map table for method with non-linear control flow. In later version of R8, the method may be assumed not reachable.
WARNING: C:\Users\Admin\.gradle\caches\9.5.0\transforms\3bc3e8b59ac242766612a83882366de8\transformed\common-9.9.10-runtime.jar: R8: Expected stack map table for method with non-linear control flow. In later version of R8, the method may be assumed not reachable.
WARNING: C:\Users\Admin\.gradle\caches\9.5.0\transforms\3bc3e8b59ac242766612a83882366de8\transformed\common-9.9.10-runtime.jar: R8: Expected stack map table for method with non-linear control flow. In later version of R8, the method may be assumed not reachable.
WARNING: C:\Users\Admin\.gradle\caches\9.5.0\transforms\3bc3e8b59ac242766612a83882366de8\transformed\common-9.9.10-runtime.jar: R8: Expected stack map table for method with non-linear control flow. In later version of R8, the method may be assumed not reachable.
WARNING: C:\Users\Admin\.gradle\caches\9.5.0\transforms\3bc3e8b59ac242766612a83882366de8\transformed\common-9.9.10-runtime.jar: R8: Expected stack map table for method with non-linear control flow. In later version of R8, the method may be assumed not reachable.
WARNING: C:\Users\Admin\.gradle\caches\9.5.0\transforms\3bc3e8b59ac242766612a83882366de8\transformed\common-9.9.10-runtime.jar: R8: Expected stack map table for method with non-linear control flow. In later version of R8, the method may be assumed not reachable.
WARNING: C:\Users\Admin\.gradle\caches\9.5.0\transforms\3bc3e8b59ac242766612a83882366de8\transformed\common-9.9.10-runtime.jar: R8: Expected stack map table for method with non-linear control flow. In later version of R8, the method may be assumed not reachable.
WARNING: C:\Users\Admin\.gradle\caches\9.5.0\transforms\3bc3e8b59ac242766612a83882366de8\transformed\common-9.9.10-runtime.jar: R8: Expected stack map table for method with non-linear control flow. In later version of R8, the method may be assumed not reachable.
WARNING: C:\Users\Admin\.gradle\caches\9.5.0\transforms\3bc3e8b59ac242766612a83882366de8\transformed\common-9.9.10-runtime.jar: R8: Expected stack map table for method with non-linear control flow. In later version of R8, the method may be assumed not reachable.
WARNING: C:\Users\Admin\.gradle\caches\9.5.0\transforms\3bc3e8b59ac242766612a83882366de8\transformed\common-9.9.10-runtime.jar: R8: Expected stack map table for method with non-linear control flow. In later version of R8, the method may be assumed not reachable.
WARNING: C:\Users\Admin\.gradle\caches\9.5.0\transforms\3bc3e8b59ac242766612a83882366de8\transformed\common-9.9.10-runtime.jar: R8: Expected stack map table for method with non-linear control flow. In later version of R8, the method may be assumed not reachable.
WARNING: C:\Users\Admin\.gradle\caches\9.5.0\transforms\3bc3e8b59ac242766612a83882366de8\transformed\common-9.9.10-runtime.jar: R8: Expected stack map table for method with non-linear control flow. In later version of R8, the method may be assumed not reachable.
WARNING: C:\Users\Admin\.gradle\caches\9.5.0\transforms\3bc3e8b59ac242766612a83882366de8\transformed\common-9.9.10-runtime.jar: R8: Expected stack map table for method with non-linear control flow. In later version of R8, the method may be assumed not reachable.
WARNING: C:\Users\Admin\.gradle\caches\9.5.0\transforms\3bc3e8b59ac242766612a83882366de8\transformed\common-9.9.10-runtime.jar: R8: Expected stack map table for method with non-linear control flow. In later version of R8, the method may be assumed not reachable.
WARNING: C:\Users\Admin\.gradle\caches\9.5.0\transforms\3bc3e8b59ac242766612a83882366de8\transformed\common-9.9.10-runtime.jar: R8: Expected stack map table for method with non-linear control flow. In later version of R8, the method may be assumed not reachable.
WARNING: C:\Users\Admin\.gradle\caches\9.5.0\transforms\3bc3e8b59ac242766612a83882366de8\transformed\common-9.9.10-runtime.jar: R8: Expected stack map table for method with non-linear control flow. In later version of R8, the method may be assumed not reachable.
WARNING: C:\Users\Admin\.gradle\caches\9.5.0\transforms\3bc3e8b59ac242766612a83882366de8\transformed\common-9.9.10-runtime.jar: R8: Expected stack map table for method with non-linear control flow. In later version of R8, the method may be assumed not reachable.
WARNING: C:\Users\Admin\.gradle\caches\9.5.0\transforms\3bc3e8b59ac242766612a83882366de8\transformed\common-9.9.10-runtime.jar: R8: Expected stack map table for method with non-linear control flow. In later version of R8, the method may be assumed not reachable.
WARNING: C:\Users\Admin\.gradle\caches\9.5.0\transforms\3bc3e8b59ac242766612a83882366de8\transformed\common-9.9.10-runtime.jar: R8: Expected stack map table for method with non-linear control flow. In later version of R8, the method may be assumed not reachable.
WARNING: C:\Users\Admin\.gradle\caches\9.5.0\transforms\3bc3e8b59ac242766612a83882366de8\transformed\common-9.9.10-runtime.jar: R8: Expected stack map table for method with non-linear control flow. In later version of R8, the method may be assumed not reachable.
WARNING: C:\Users\Admin\.gradle\caches\9.5.0\transforms\3bc3e8b59ac242766612a83882366de8\transformed\common-9.9.10-runtime.jar: R8: Expected stack map table for method with non-linear control flow. In later version of R8, the method may be assumed not reachable.
WARNING: C:\Users\Admin\.gradle\caches\9.5.0\transforms\3bc3e8b59ac242766612a83882366de8\transformed\common-9.9.10-runtime.jar: R8: Expected stack map table for method with non-linear control flow. In later version of R8, the method may be assumed not reachable.
WARNING: C:\Users\Admin\.gradle\caches\9.5.0\transforms\3bc3e8b59ac242766612a83882366de8\transformed\common-9.9.10-runtime.jar: R8: Expected stack map table for method with non-linear control flow. In later version of R8, the method may be assumed not reachable.
WARNING: C:\Users\Admin\.gradle\caches\9.5.0\transforms\3bc3e8b59ac242766612a83882366de8\transformed\common-9.9.10-runtime.jar: R8: Expected stack map table for method with non-linear control flow. In later version of R8, the method may be assumed not reachable.
WARNING: C:\Users\Admin\.gradle\caches\9.5.0\transforms\3bc3e8b59ac242766612a83882366de8\transformed\common-9.9.10-runtime.jar: R8: Expected stack map table for method with non-linear control flow. In later version of R8, the method may be assumed not reachable.
WARNING: C:\Users\Admin\.gradle\caches\9.5.0\transforms\3bc3e8b59ac242766612a83882366de8\transformed\common-9.9.10-runtime.jar: R8: Expected stack map table for method with non-linear control flow. In later version of R8, the method may be assumed not reachable.
WARNING: C:\Users\Admin\.gradle\caches\9.5.0\transforms\3bc3e8b59ac242766612a83882366de8\transformed\common-9.9.10-runtime.jar: R8: Expected stack map table for method with non-linear control flow. In later version of R8, the method may be assumed not reachable.
WARNING: C:\Users\Admin\.gradle\caches\9.5.0\transforms\3bc3e8b59ac242766612a83882366de8\transformed\common-9.9.10-runtime.jar: R8: Expected stack map table for method with non-linear control flow. In later version of R8, the method may be assumed not reachable.
WARNING: C:\Users\Admin\.gradle\caches\9.5.0\transforms\3bc3e8b59ac242766612a83882366de8\transformed\common-9.9.10-runtime.jar: R8: Expected stack map table for method with non-linear control flow. In later version of R8, the method may be assumed not reachable.
WARNING: C:\Users\Admin\.gradle\caches\9.5.0\transforms\3bc3e8b59ac242766612a83882366de8\transformed\common-9.9.10-runtime.jar: R8: Expected stack map table for method with non-linear control flow. In later version of R8, the method may be assumed not reachable.
WARNING: C:\Users\Admin\.gradle\caches\9.5.0\transforms\3bc3e8b59ac242766612a83882366de8\transformed\common-9.9.10-runtime.jar: R8: Expected stack map table for method with non-linear control flow. In later version of R8, the method may be assumed not reachable.
WARNING: C:\Users\Admin\.gradle\caches\9.5.0\transforms\3bc3e8b59ac242766612a83882366de8\transformed\common-9.9.10-runtime.jar: R8: Expected stack map table for method with non-linear control flow. In later version of R8, the method may be assumed not reachable.
WARNING: C:\Users\Admin\.gradle\caches\9.5.0\transforms\3bc3e8b59ac242766612a83882366de8\transformed\common-9.9.10-runtime.jar: R8: Expected stack map table for method with non-linear control flow. In later version of R8, the method may be assumed not reachable.
WARNING: C:\Users\Admin\.gradle\caches\9.5.0\transforms\3bc3e8b59ac242766612a83882366de8\transformed\common-9.9.10-runtime.jar: R8: Expected stack map table for method with non-linear control flow. In later version of R8, the method may be assumed not reachable.
WARNING: C:\Users\Admin\.gradle\caches\9.5.0\transforms\3bc3e8b59ac242766612a83882366de8\transformed\common-9.9.10-runtime.jar: R8: Expected stack map table for method with non-linear control flow. In later version of R8, the method may be assumed not reachable.
WARNING: C:\Users\Admin\.gradle\caches\9.5.0\transforms\3bc3e8b59ac242766612a83882366de8\transformed\common-9.9.10-runtime.jar: R8: Expected stack map table for method with non-linear control flow. In later version of R8, the method may be assumed not reachable.
WARNING: C:\Users\Admin\.gradle\caches\9.5.0\transforms\3bc3e8b59ac242766612a83882366de8\transformed\common-9.9.10-runtime.jar: R8: Expected stack map table for method with non-linear control flow. In later version of R8, the method may be assumed not reachable.
WARNING: C:\Users\Admin\.gradle\caches\9.5.0\transforms\3bc3e8b59ac242766612a83882366de8\transformed\common-9.9.10-runtime.jar: R8: Expected stack map table for method with non-linear control flow. In later version of R8, the method may be assumed not reachable.
WARNING: C:\Users\Admin\.gradle\caches\9.5.0\transforms\3bc3e8b59ac242766612a83882366de8\transformed\common-9.9.10-runtime.jar: R8: Expected stack map table for method with non-linear control flow. In later version of R8, the method may be assumed not reachable.
WARNING: C:\Users\Admin\.gradle\caches\9.5.0\transforms\3bc3e8b59ac242766612a83882366de8\transformed\common-9.9.10-runtime.jar: R8: Expected stack map table for method with non-linear control flow. In later version of R8, the method may be assumed not reachable.
WARNING: C:\Users\Admin\.gradle\caches\9.5.0\transforms\3bc3e8b59ac242766612a83882366de8\transformed\common-9.9.10-runtime.jar: R8: Expected stack map table for method with non-linear control flow. In later version of R8, the method may be assumed not reachable.
WARNING: C:\Users\Admin\.gradle\caches\9.5.0\transforms\3bc3e8b59ac242766612a83882366de8\transformed\common-9.9.10-runtime.jar: R8: Expected stack map table for method with non-linear control flow. In later version of R8, the method may be assumed not reachable.
WARNING: C:\Users\Admin\.gradle\caches\9.5.0\transforms\3bc3e8b59ac242766612a83882366de8\transformed\common-9.9.10-runtime.jar: R8: Expected stack map table for method with non-linear control flow. In later version of R8, the method may be assumed not reachable.
WARNING: C:\Users\Admin\.gradle\caches\9.5.0\transforms\3bc3e8b59ac242766612a83882366de8\transformed\common-9.9.10-runtime.jar: R8: Expected stack map table for method with non-linear control flow. In later version of R8, the method may be assumed not reachable.
WARNING: C:\Users\Admin\.gradle\caches\9.5.0\transforms\3bc3e8b59ac242766612a83882366de8\transformed\common-9.9.10-runtime.jar: R8: Expected stack map table for method with non-linear control flow. In later version of R8, the method may be assumed not reachable.
WARNING: C:\Users\Admin\.gradle\caches\9.5.0\transforms\3bc3e8b59ac242766612a83882366de8\transformed\common-9.9.10-runtime.jar: R8: Expected stack map table for method with non-linear control flow. In later version of R8, the method may be assumed not reachable.
WARNING: C:\Users\Admin\.gradle\caches\9.5.0\transforms\3bc3e8b59ac242766612a83882366de8\transformed\common-9.9.10-runtime.jar: R8: Expected stack map table for method with non-linear control flow. In later version of R8, the method may be assumed not reachable.
WARNING: C:\Users\Admin\.gradle\caches\9.5.0\transforms\3bc3e8b59ac242766612a83882366de8\transformed\common-9.9.10-runtime.jar: R8: Expected stack map table for method with non-linear control flow. In later version of R8, the method may be assumed not reachable.
WARNING: C:\Users\Admin\.gradle\caches\9.5.0\transforms\3bc3e8b59ac242766612a83882366de8\transformed\common-9.9.10-runtime.jar: R8: Expected stack map table for method with non-linear control flow. In later version of R8, the method may be assumed not reachable.
WARNING: C:\Users\Admin\.gradle\caches\9.5.0\transforms\3bc3e8b59ac242766612a83882366de8\transformed\common-9.9.10-runtime.jar: R8: Expected stack map table for method with non-linear control flow. In later version of R8, the method may be assumed not reachable.
WARNING: C:\Users\Admin\.gradle\caches\9.5.0\transforms\3bc3e8b59ac242766612a83882366de8\transformed\common-9.9.10-runtime.jar: R8: Expected stack map table for method with non-linear control flow. In later version of R8, the method may be assumed not reachable.
WARNING: C:\Users\Admin\.gradle\caches\9.5.0\transforms\3bc3e8b59ac242766612a83882366de8\transformed\common-9.9.10-runtime.jar: R8: Expected stack map table for method with non-linear control flow. In later version of R8, the method may be assumed not reachable.
WARNING: C:\Users\Admin\.gradle\caches\9.5.0\transforms\3bc3e8b59ac242766612a83882366de8\transformed\common-9.9.10-runtime.jar: R8: Expected stack map table for method with non-linear control flow. In later version of R8, the method may be assumed not reachable.
WARNING: C:\Users\Admin\.gradle\caches\9.5.0\transforms\3bc3e8b59ac242766612a83882366de8\transformed\common-9.9.10-runtime.jar: R8: Expected stack map table for method with non-linear control flow. In later version of R8, the method may be assumed not reachable.
WARNING: C:\Users\Admin\.gradle\caches\9.5.0\transforms\3bc3e8b59ac242766612a83882366de8\transformed\common-9.9.10-runtime.jar: R8: Expected stack map table for method with non-linear control flow. In later version of R8, the method may be assumed not reachable.
WARNING: C:\Users\Admin\.gradle\caches\9.5.0\transforms\3bc3e8b59ac242766612a83882366de8\transformed\common-9.9.10-runtime.jar: R8: Expected stack map table for method with non-linear control flow. In later version of R8, the method may be assumed not reachable.
WARNING: C:\Users\Admin\.gradle\caches\9.5.0\transforms\3bc3e8b59ac242766612a83882366de8\transformed\common-9.9.10-runtime.jar: R8: Expected stack map table for method with non-linear control flow. In later version of R8, the method may be assumed not reachable.
WARNING: C:\Users\Admin\.gradle\caches\9.5.0\transforms\3bc3e8b59ac242766612a83882366de8\transformed\common-9.9.10-runtime.jar: R8: Expected stack map table for method with non-linear control flow. In later version of R8, the method may be assumed not reachable.
WARNING: C:\Users\Admin\.gradle\caches\9.5.0\transforms\3bc3e8b59ac242766612a83882366de8\transformed\common-9.9.10-runtime.jar: R8: Expected stack map table for method with non-linear control flow. In later version of R8, the method may be assumed not reachable.
WARNING: C:\Users\Admin\.gradle\caches\9.5.0\transforms\3bc3e8b59ac242766612a83882366de8\transformed\common-9.9.10-runtime.jar: R8: Expected stack map table for method with non-linear control flow. In later version of R8, the method may be assumed not reachable.
WARNING: C:\Users\Admin\.gradle\caches\9.5.0\transforms\3bc3e8b59ac242766612a83882366de8\transformed\common-9.9.10-runtime.jar: R8: Expected stack map table for method with non-linear control flow. In later version of R8, the method may be assumed not reachable.
WARNING: C:\Users\Admin\.gradle\caches\9.5.0\transforms\3bc3e8b59ac242766612a83882366de8\transformed\common-9.9.10-runtime.jar: R8: Expected stack map table for method with non-linear control flow. In later version of R8, the method may be assumed not reachable.
WARNING: C:\Users\Admin\.gradle\caches\9.5.0\transforms\3bc3e8b59ac242766612a83882366de8\transformed\common-9.9.10-runtime.jar: R8: Expected stack map table for method with non-linear control flow. In later version of R8, the method may be assumed not reachable.
WARNING: C:\Users\Admin\.gradle\caches\9.5.0\transforms\3bc3e8b59ac242766612a83882366de8\transformed\common-9.9.10-runtime.jar: R8: Expected stack map table for method with non-linear control flow. In later version of R8, the method may be assumed not reachable.
WARNING: C:\Users\Admin\.gradle\caches\9.5.0\transforms\3bc3e8b59ac242766612a83882366de8\transformed\common-9.9.10-runtime.jar: R8: Expected stack map table for method with non-linear control flow. In later version of R8, the method may be assumed not reachable.
WARNING: C:\Users\Admin\.gradle\caches\9.5.0\transforms\3bc3e8b59ac242766612a83882366de8\transformed\common-9.9.10-runtime.jar: R8: Expected stack map table for method with non-linear control flow. In later version of R8, the method may be assumed not reachable.
WARNING: C:\Users\Admin\.gradle\caches\9.5.0\transforms\3bc3e8b59ac242766612a83882366de8\transformed\common-9.9.10-runtime.jar: R8: Expected stack map table for method with non-linear control flow. In later version of R8, the method may be assumed not reachable.
WARNING: C:\Users\Admin\.gradle\caches\9.5.0\transforms\3bc3e8b59ac242766612a83882366de8\transformed\common-9.9.10-runtime.jar: R8: Expected stack map table for method with non-linear control flow. In later version of R8, the method may be assumed not reachable.
WARNING: C:\Users\Admin\.gradle\caches\9.5.0\transforms\3bc3e8b59ac242766612a83882366de8\transformed\common-9.9.10-runtime.jar: R8: Expected stack map table for method with non-linear control flow. In later version of R8, the method may be assumed not reachable.
WARNING: C:\Users\Admin\.gradle\caches\9.5.0\transforms\3bc3e8b59ac242766612a83882366de8\transformed\common-9.9.10-runtime.jar: R8: Expected stack map table for method with non-linear control flow. In later version of R8, the method may be assumed not reachable.
WARNING: C:\Users\Admin\.gradle\caches\9.5.0\transforms\3bc3e8b59ac242766612a83882366de8\transformed\common-9.9.10-runtime.jar: R8: Expected stack map table for method with non-linear control flow. In later version of R8, the method may be assumed not reachable.
WARNING: C:\Users\Admin\.gradle\caches\9.5.0\transforms\3bc3e8b59ac242766612a83882366de8\transformed\common-9.9.10-runtime.jar: R8: Expected stack map table for method with non-linear control flow. In later version of R8, the method may be assumed not reachable.
WARNING: C:\Users\Admin\.gradle\caches\9.5.0\transforms\3bc3e8b59ac242766612a83882366de8\transformed\common-9.9.10-runtime.jar: R8: Expected stack map table for method with non-linear control flow. In later version of R8, the method may be assumed not reachable.
WARNING: C:\Users\Admin\.gradle\caches\9.5.0\transforms\3bc3e8b59ac242766612a83882366de8\transformed\common-9.9.10-runtime.jar: R8: Expected stack map table for method with non-linear control flow. In later version of R8, the method may be assumed not reachable.
WARNING: C:\Users\Admin\.gradle\caches\9.5.0\transforms\3bc3e8b59ac242766612a83882366de8\transformed\common-9.9.10-runtime.jar: R8: Expected stack map table for method with non-linear control flow. In later version of R8, the method may be assumed not reachable.
WARNING: C:\Users\Admin\.gradle\caches\9.5.0\transforms\3bc3e8b59ac242766612a83882366de8\transformed\common-9.9.10-runtime.jar: R8: Expected stack map table for method with non-linear control flow. In later version of R8, the method may be assumed not reachable.
WARNING: C:\Users\Admin\.gradle\caches\9.5.0\transforms\3bc3e8b59ac242766612a83882366de8\transformed\common-9.9.10-runtime.jar: R8: Expected stack map table for method with non-linear control flow. In later version of R8, the method may be assumed not reachable.
WARNING: C:\Users\Admin\.gradle\caches\9.5.0\transforms\3bc3e8b59ac242766612a83882366de8\transformed\common-9.9.10-runtime.jar: R8: Expected stack map table for method with non-linear control flow. In later version of R8, the method may be assumed not reachable.
WARNING: C:\Users\Admin\.gradle\caches\9.5.0\transforms\3bc3e8b59ac242766612a83882366de8\transformed\common-9.9.10-runtime.jar: R8: Expected stack map table for method with non-linear control flow. In later version of R8, the method may be assumed not reachable.
WARNING: C:\Users\Admin\.gradle\caches\9.5.0\transforms\3bc3e8b59ac242766612a83882366de8\transformed\common-9.9.10-runtime.jar: R8: Expected stack map table for method with non-linear control flow. In later version of R8, the method may be assumed not reachable.
WARNING: C:\Users\Admin\.gradle\caches\9.5.0\transforms\3bc3e8b59ac242766612a83882366de8\transformed\common-9.9.10-runtime.jar: R8: Expected stack map table for method with non-linear control flow. In later version of R8, the method may be assumed not reachable.
WARNING: C:\Users\Admin\.gradle\caches\9.5.0\transforms\3bc3e8b59ac242766612a83882366de8\transformed\common-9.9.10-runtime.jar: R8: Expected stack map table for method with non-linear control flow. In later version of R8, the method may be assumed not reachable.
WARNING: C:\Users\Admin\.gradle\caches\9.5.0\transforms\3bc3e8b59ac242766612a83882366de8\transformed\common-9.9.10-runtime.jar: R8: Expected stack map table for method with non-linear control flow. In later version of R8, the method may be assumed not reachable.
WARNING: C:\Users\Admin\.gradle\caches\9.5.0\transforms\3bc3e8b59ac242766612a83882366de8\transformed\common-9.9.10-runtime.jar: R8: Expected stack map table for method with non-linear control flow. In later version of R8, the method may be assumed not reachable.
WARNING: C:\Users\Admin\.gradle\caches\9.5.0\transforms\3bc3e8b59ac242766612a83882366de8\transformed\common-9.9.10-runtime.jar: R8: Expected stack map table for method with non-linear control flow. In later version of R8, the method may be assumed not reachable.
WARNING: C:\Users\Admin\.gradle\caches\9.5.0\transforms\3bc3e8b59ac242766612a83882366de8\transformed\common-9.9.10-runtime.jar: R8: Expected stack map table for method with non-linear control flow. In later version of R8, the method may be assumed not reachable.
WARNING: C:\Users\Admin\.gradle\caches\9.5.0\transforms\3bc3e8b59ac242766612a83882366de8\transformed\common-9.9.10-runtime.jar: R8: Expected stack map table for method with non-linear control flow. In later version of R8, the method may be assumed not reachable.
WARNING: C:\Users\Admin\.gradle\caches\9.5.0\transforms\3bc3e8b59ac242766612a83882366de8\transformed\common-9.9.10-runtime.jar: R8: Expected stack map table for method with non-linear control flow. In later version of R8, the method may be assumed not reachable.
WARNING: C:\Users\Admin\.gradle\caches\9.5.0\transforms\3bc3e8b59ac242766612a83882366de8\transformed\common-9.9.10-runtime.jar: R8: Expected stack map table for method with non-linear control flow. In later version of R8, the method may be assumed not reachable.
WARNING: C:\Users\Admin\.gradle\caches\9.5.0\transforms\3bc3e8b59ac242766612a83882366de8\transformed\common-9.9.10-runtime.jar: R8: Expected stack map table for method with non-linear control flow. In later version of R8, the method may be assumed not reachable.
WARNING: C:\Users\Admin\.gradle\caches\9.5.0\transforms\3bc3e8b59ac242766612a83882366de8\transformed\common-9.9.10-runtime.jar: R8: Expected stack map table for method with non-linear control flow. In later version of R8, the method may be assumed not reachable.
WARNING: C:\Users\Admin\.gradle\caches\9.5.0\transforms\3bc3e8b59ac242766612a83882366de8\transformed\common-9.9.10-runtime.jar: R8: Expected stack map table for method with non-linear control flow. In later version of R8, the method may be assumed not reachable.
WARNING: C:\Users\Admin\.gradle\caches\9.5.0\transforms\3bc3e8b59ac242766612a83882366de8\transformed\common-9.9.10-runtime.jar: R8: Expected stack map table for method with non-linear control flow. In later version of R8, the method may be assumed not reachable.
WARNING: C:\Users\Admin\.gradle\caches\9.5.0\transforms\3bc3e8b59ac242766612a83882366de8\transformed\common-9.9.10-runtime.jar: R8: Expected stack map table for method with non-linear control flow. In later version of R8, the method may be assumed not reachable.
WARNING: C:\Users\Admin\.gradle\caches\9.5.0\transforms\3bc3e8b59ac242766612a83882366de8\transformed\common-9.9.10-runtime.jar: R8: Expected stack map table for method with non-linear control flow. In later version of R8, the method may be assumed not reachable.
WARNING: C:\Users\Admin\.gradle\caches\9.5.0\transforms\3bc3e8b59ac242766612a83882366de8\transformed\common-9.9.10-runtime.jar: R8: Expected stack map table for method with non-linear control flow. In later version of R8, the method may be assumed not reachable.
WARNING: C:\Users\Admin\.gradle\caches\9.5.0\transforms\3bc3e8b59ac242766612a83882366de8\transformed\common-9.9.10-runtime.jar: R8: Expected stack map table for method with non-linear control flow. In later version of R8, the method may be assumed not reachable.
WARNING: C:\Users\Admin\.gradle\caches\9.5.0\transforms\3bc3e8b59ac242766612a83882366de8\transformed\common-9.9.10-runtime.jar: R8: Expected stack map table for method with non-linear control flow. In later version of R8, the method may be assumed not reachable.

> Task :app:mergeFullReleaseComposeMapping
> Task :app:convertShrunkResourcesToBinaryFullRelease
> Task :app:optimizeFullReleaseResources
> Task :app:l8DexDesugarLibFullRelease
> Task :app:minifyLiteReleaseWithR8
> Task :app:compileFullReleaseArtProfile
> Task :app:packageFullRelease
> Task :app:createFullReleaseApkListingFileRedirect UP-TO-DATE
> Task :app:assembleFullRelease
WARNING: C:\Users\Admin\.gradle\caches\9.5.0\transforms\3bc3e8b59ac242766612a83882366de8\transformed\common-9.9.10-runtime.jar: R8: Expected stack map table for method with non-linear control flow. In later version of R8, the method may be assumed not reachable.
WARNING: C:\Users\Admin\.gradle\caches\9.5.0\transforms\3bc3e8b59ac242766612a83882366de8\transformed\common-9.9.10-runtime.jar: R8: Expected stack map table for method with non-linear control flow. In later version of R8, the method may be assumed not reachable.
WARNING: C:\Users\Admin\.gradle\caches\9.5.0\transforms\3bc3e8b59ac242766612a83882366de8\transformed\common-9.9.10-runtime.jar: R8: Expected stack map table for method with non-linear control flow. In later version of R8, the method may be assumed not reachable.
WARNING: C:\Users\Admin\.gradle\caches\9.5.0\transforms\3bc3e8b59ac242766612a83882366de8\transformed\common-9.9.10-runtime.jar: R8: Expected stack map table for method with non-linear control flow. In later version of R8, the method may be assumed not reachable.
WARNING: C:\Users\Admin\.gradle\caches\9.5.0\transforms\3bc3e8b59ac242766612a83882366de8\transformed\common-9.9.10-runtime.jar: R8: Expected stack map table for method with non-linear control flow. In later version of R8, the method may be assumed not reachable.
WARNING: C:\Users\Admin\.gradle\caches\9.5.0\transforms\3bc3e8b59ac242766612a83882366de8\transformed\common-9.9.10-runtime.jar: R8: Expected stack map table for method with non-linear control flow. In later version of R8, the method may be assumed not reachable.
WARNING: C:\Users\Admin\.gradle\caches\9.5.0\transforms\3bc3e8b59ac242766612a83882366de8\transformed\common-9.9.10-runtime.jar: R8: Expected stack map table for method with non-linear control flow. In later version of R8, the method may be assumed not reachable.
WARNING: C:\Users\Admin\.gradle\caches\9.5.0\transforms\3bc3e8b59ac242766612a83882366de8\transformed\common-9.9.10-runtime.jar: R8: Expected stack map table for method with non-linear control flow. In later version of R8, the method may be assumed not reachable.
WARNING: C:\Users\Admin\.gradle\caches\9.5.0\transforms\3bc3e8b59ac242766612a83882366de8\transformed\common-9.9.10-runtime.jar: R8: Expected stack map table for method with non-linear control flow. In later version of R8, the method may be assumed not reachable.
WARNING: C:\Users\Admin\.gradle\caches\9.5.0\transforms\3bc3e8b59ac242766612a83882366de8\transformed\common-9.9.10-runtime.jar: R8: Expected stack map table for method with non-linear control flow. In later version of R8, the method may be assumed not reachable.
WARNING: C:\Users\Admin\.gradle\caches\9.5.0\transforms\3bc3e8b59ac242766612a83882366de8\transformed\common-9.9.10-runtime.jar: R8: Expected stack map table for method with non-linear control flow. In later version of R8, the method may be assumed not reachable.
WARNING: C:\Users\Admin\.gradle\caches\9.5.0\transforms\3bc3e8b59ac242766612a83882366de8\transformed\common-9.9.10-runtime.jar: R8: Expected stack map table for method with non-linear control flow. In later version of R8, the method may be assumed not reachable.
WARNING: C:\Users\Admin\.gradle\caches\9.5.0\transforms\3bc3e8b59ac242766612a83882366de8\transformed\common-9.9.10-runtime.jar: R8: Expected stack map table for method with non-linear control flow. In later version of R8, the method may be assumed not reachable.
WARNING: C:\Users\Admin\.gradle\caches\9.5.0\transforms\3bc3e8b59ac242766612a83882366de8\transformed\common-9.9.10-runtime.jar: R8: Expected stack map table for method with non-linear control flow. In later version of R8, the method may be assumed not reachable.
WARNING: C:\Users\Admin\.gradle\caches\9.5.0\transforms\3bc3e8b59ac242766612a83882366de8\transformed\common-9.9.10-runtime.jar: R8: Expected stack map table for method with non-linear control flow. In later version of R8, the method may be assumed not reachable.
WARNING: C:\Users\Admin\.gradle\caches\9.5.0\transforms\3bc3e8b59ac242766612a83882366de8\transformed\common-9.9.10-runtime.jar: R8: Expected stack map table for method with non-linear control flow. In later version of R8, the method may be assumed not reachable.
WARNING: C:\Users\Admin\.gradle\caches\9.5.0\transforms\3bc3e8b59ac242766612a83882366de8\transformed\common-9.9.10-runtime.jar: R8: Expected stack map table for method with non-linear control flow. In later version of R8, the method may be assumed not reachable.
WARNING: C:\Users\Admin\.gradle\caches\9.5.0\transforms\3bc3e8b59ac242766612a83882366de8\transformed\common-9.9.10-runtime.jar: R8: Expected stack map table for method with non-linear control flow. In later version of R8, the method may be assumed not reachable.
WARNING: C:\Users\Admin\.gradle\caches\9.5.0\transforms\3bc3e8b59ac242766612a83882366de8\transformed\common-9.9.10-runtime.jar: R8: Expected stack map table for method with non-linear control flow. In later version of R8, the method may be assumed not reachable.
WARNING: C:\Users\Admin\.gradle\caches\9.5.0\transforms\3bc3e8b59ac242766612a83882366de8\transformed\common-9.9.10-runtime.jar: R8: Expected stack map table for method with non-linear control flow. In later version of R8, the method may be assumed not reachable.
WARNING: C:\Users\Admin\.gradle\caches\9.5.0\transforms\3bc3e8b59ac242766612a83882366de8\transformed\common-9.9.10-runtime.jar: R8: Expected stack map table for method with non-linear control flow. In later version of R8, the method may be assumed not reachable.
WARNING: C:\Users\Admin\.gradle\caches\9.5.0\transforms\3bc3e8b59ac242766612a83882366de8\transformed\common-9.9.10-runtime.jar: R8: Expected stack map table for method with non-linear control flow. In later version of R8, the method may be assumed not reachable.
WARNING: C:\Users\Admin\.gradle\caches\9.5.0\transforms\3bc3e8b59ac242766612a83882366de8\transformed\common-9.9.10-runtime.jar: R8: Expected stack map table for method with non-linear control flow. In later version of R8, the method may be assumed not reachable.
WARNING: C:\Users\Admin\.gradle\caches\9.5.0\transforms\3bc3e8b59ac242766612a83882366de8\transformed\common-9.9.10-runtime.jar: R8: Expected stack map table for method with non-linear control flow. In later version of R8, the method may be assumed not reachable.
WARNING: C:\Users\Admin\.gradle\caches\9.5.0\transforms\3bc3e8b59ac242766612a83882366de8\transformed\common-9.9.10-runtime.jar: R8: Expected stack map table for method with non-linear control flow. In later version of R8, the method may be assumed not reachable.
WARNING: C:\Users\Admin\.gradle\caches\9.5.0\transforms\3bc3e8b59ac242766612a83882366de8\transformed\common-9.9.10-runtime.jar: R8: Expected stack map table for method with non-linear control flow. In later version of R8, the method may be assumed not reachable.
WARNING: C:\Users\Admin\.gradle\caches\9.5.0\transforms\3bc3e8b59ac242766612a83882366de8\transformed\common-9.9.10-runtime.jar: R8: Expected stack map table for method with non-linear control flow. In later version of R8, the method may be assumed not reachable.
WARNING: C:\Users\Admin\.gradle\caches\9.5.0\transforms\3bc3e8b59ac242766612a83882366de8\transformed\common-9.9.10-runtime.jar: R8: Expected stack map table for method with non-linear control flow. In later version of R8, the method may be assumed not reachable.
WARNING: C:\Users\Admin\.gradle\caches\9.5.0\transforms\3bc3e8b59ac242766612a83882366de8\transformed\common-9.9.10-runtime.jar: R8: Expected stack map table for method with non-linear control flow. In later version of R8, the method may be assumed not reachable.
WARNING: C:\Users\Admin\.gradle\caches\9.5.0\transforms\3bc3e8b59ac242766612a83882366de8\transformed\common-9.9.10-runtime.jar: R8: Expected stack map table for method with non-linear control flow. In later version of R8, the method may be assumed not reachable.
WARNING: C:\Users\Admin\.gradle\caches\9.5.0\transforms\3bc3e8b59ac242766612a83882366de8\transformed\common-9.9.10-runtime.jar: R8: Expected stack map table for method with non-linear control flow. In later version of R8, the method may be assumed not reachable.
WARNING: C:\Users\Admin\.gradle\caches\9.5.0\transforms\3bc3e8b59ac242766612a83882366de8\transformed\common-9.9.10-runtime.jar: R8: Expected stack map table for method with non-linear control flow. In later version of R8, the method may be assumed not reachable.
WARNING: C:\Users\Admin\.gradle\caches\9.5.0\transforms\3bc3e8b59ac242766612a83882366de8\transformed\common-9.9.10-runtime.jar: R8: Expected stack map table for method with non-linear control flow. In later version of R8, the method may be assumed not reachable.
WARNING: C:\Users\Admin\.gradle\caches\9.5.0\transforms\3bc3e8b59ac242766612a83882366de8\transformed\common-9.9.10-runtime.jar: R8: Expected stack map table for method with non-linear control flow. In later version of R8, the method may be assumed not reachable.
WARNING: C:\Users\Admin\.gradle\caches\9.5.0\transforms\3bc3e8b59ac242766612a83882366de8\transformed\common-9.9.10-runtime.jar: R8: Expected stack map table for method with non-linear control flow. In later version of R8, the method may be assumed not reachable.
WARNING: C:\Users\Admin\.gradle\caches\9.5.0\transforms\3bc3e8b59ac242766612a83882366de8\transformed\common-9.9.10-runtime.jar: R8: Expected stack map table for method with non-linear control flow. In later version of R8, the method may be assumed not reachable.
WARNING: C:\Users\Admin\.gradle\caches\9.5.0\transforms\3bc3e8b59ac242766612a83882366de8\transformed\common-9.9.10-runtime.jar: R8: Expected stack map table for method with non-linear control flow. In later version of R8, the method may be assumed not reachable.
WARNING: C:\Users\Admin\.gradle\caches\9.5.0\transforms\3bc3e8b59ac242766612a83882366de8\transformed\common-9.9.10-runtime.jar: R8: Expected stack map table for method with non-linear control flow. In later version of R8, the method may be assumed not reachable.
WARNING: C:\Users\Admin\.gradle\caches\9.5.0\transforms\3bc3e8b59ac242766612a83882366de8\transformed\common-9.9.10-runtime.jar: R8: Expected stack map table for method with non-linear control flow. In later version of R8, the method may be assumed not reachable.
WARNING: C:\Users\Admin\.gradle\caches\9.5.0\transforms\3bc3e8b59ac242766612a83882366de8\transformed\common-9.9.10-runtime.jar: R8: Expected stack map table for method with non-linear control flow. In later version of R8, the method may be assumed not reachable.
WARNING: C:\Users\Admin\.gradle\caches\9.5.0\transforms\3bc3e8b59ac242766612a83882366de8\transformed\common-9.9.10-runtime.jar: R8: Expected stack map table for method with non-linear control flow. In later version of R8, the method may be assumed not reachable.
WARNING: C:\Users\Admin\.gradle\caches\9.5.0\transforms\3bc3e8b59ac242766612a83882366de8\transformed\common-9.9.10-runtime.jar: R8: Expected stack map table for method with non-linear control flow. In later version of R8, the method may be assumed not reachable.
WARNING: C:\Users\Admin\.gradle\caches\9.5.0\transforms\3bc3e8b59ac242766612a83882366de8\transformed\common-9.9.10-runtime.jar: R8: Expected stack map table for method with non-linear control flow. In later version of R8, the method may be assumed not reachable.
WARNING: C:\Users\Admin\.gradle\caches\9.5.0\transforms\3bc3e8b59ac242766612a83882366de8\transformed\common-9.9.10-runtime.jar: R8: Expected stack map table for method with non-linear control flow. In later version of R8, the method may be assumed not reachable.
WARNING: C:\Users\Admin\.gradle\caches\9.5.0\transforms\3bc3e8b59ac242766612a83882366de8\transformed\common-9.9.10-runtime.jar: R8: Expected stack map table for method with non-linear control flow. In later version of R8, the method may be assumed not reachable.
WARNING: C:\Users\Admin\.gradle\caches\9.5.0\transforms\3bc3e8b59ac242766612a83882366de8\transformed\common-9.9.10-runtime.jar: R8: Expected stack map table for method with non-linear control flow. In later version of R8, the method may be assumed not reachable.
WARNING: C:\Users\Admin\.gradle\caches\9.5.0\transforms\3bc3e8b59ac242766612a83882366de8\transformed\common-9.9.10-runtime.jar: R8: Expected stack map table for method with non-linear control flow. In later version of R8, the method may be assumed not reachable.
WARNING: C:\Users\Admin\.gradle\caches\9.5.0\transforms\3bc3e8b59ac242766612a83882366de8\transformed\common-9.9.10-runtime.jar: R8: Expected stack map table for method with non-linear control flow. In later version of R8, the method may be assumed not reachable.
WARNING: C:\Users\Admin\.gradle\caches\9.5.0\transforms\3bc3e8b59ac242766612a83882366de8\transformed\common-9.9.10-runtime.jar: R8: Expected stack map table for method with non-linear control flow. In later version of R8, the method may be assumed not reachable.
WARNING: C:\Users\Admin\.gradle\caches\9.5.0\transforms\3bc3e8b59ac242766612a83882366de8\transformed\common-9.9.10-runtime.jar: R8: Expected stack map table for method with non-linear control flow. In later version of R8, the method may be assumed not reachable.
WARNING: C:\Users\Admin\.gradle\caches\9.5.0\transforms\3bc3e8b59ac242766612a83882366de8\transformed\common-9.9.10-runtime.jar: R8: Expected stack map table for method with non-linear control flow. In later version of R8, the method may be assumed not reachable.
WARNING: C:\Users\Admin\.gradle\caches\9.5.0\transforms\3bc3e8b59ac242766612a83882366de8\transformed\common-9.9.10-runtime.jar: R8: Expected stack map table for method with non-linear control flow. In later version of R8, the method may be assumed not reachable.
WARNING: C:\Users\Admin\.gradle\caches\9.5.0\transforms\3bc3e8b59ac242766612a83882366de8\transformed\common-9.9.10-runtime.jar: R8: Expected stack map table for method with non-linear control flow. In later version of R8, the method may be assumed not reachable.
WARNING: C:\Users\Admin\.gradle\caches\9.5.0\transforms\3bc3e8b59ac242766612a83882366de8\transformed\common-9.9.10-runtime.jar: R8: Expected stack map table for method with non-linear control flow. In later version of R8, the method may be assumed not reachable.
WARNING: C:\Users\Admin\.gradle\caches\9.5.0\transforms\3bc3e8b59ac242766612a83882366de8\transformed\common-9.9.10-runtime.jar: R8: Expected stack map table for method with non-linear control flow. In later version of R8, the method may be assumed not reachable.
WARNING: C:\Users\Admin\.gradle\caches\9.5.0\transforms\3bc3e8b59ac242766612a83882366de8\transformed\common-9.9.10-runtime.jar: R8: Expected stack map table for method with non-linear control flow. In later version of R8, the method may be assumed not reachable.
WARNING: C:\Users\Admin\.gradle\caches\9.5.0\transforms\3bc3e8b59ac242766612a83882366de8\transformed\common-9.9.10-runtime.jar: R8: Expected stack map table for method with non-linear control flow. In later version of R8, the method may be assumed not reachable.
WARNING: C:\Users\Admin\.gradle\caches\9.5.0\transforms\3bc3e8b59ac242766612a83882366de8\transformed\common-9.9.10-runtime.jar: R8: Expected stack map table for method with non-linear control flow. In later version of R8, the method may be assumed not reachable.
WARNING: C:\Users\Admin\.gradle\caches\9.5.0\transforms\3bc3e8b59ac242766612a83882366de8\transformed\common-9.9.10-runtime.jar: R8: Expected stack map table for method with non-linear control flow. In later version of R8, the method may be assumed not reachable.
WARNING: C:\Users\Admin\.gradle\caches\9.5.0\transforms\3bc3e8b59ac242766612a83882366de8\transformed\common-9.9.10-runtime.jar: R8: Expected stack map table for method with non-linear control flow. In later version of R8, the method may be assumed not reachable.
WARNING: C:\Users\Admin\.gradle\caches\9.5.0\transforms\3bc3e8b59ac242766612a83882366de8\transformed\common-9.9.10-runtime.jar: R8: Expected stack map table for method with non-linear control flow. In later version of R8, the method may be assumed not reachable.
WARNING: C:\Users\Admin\.gradle\caches\9.5.0\transforms\3bc3e8b59ac242766612a83882366de8\transformed\common-9.9.10-runtime.jar: R8: Expected stack map table for method with non-linear control flow. In later version of R8, the method may be assumed not reachable.
WARNING: C:\Users\Admin\.gradle\caches\9.5.0\transforms\3bc3e8b59ac242766612a83882366de8\transformed\common-9.9.10-runtime.jar: R8: Expected stack map table for method with non-linear control flow. In later version of R8, the method may be assumed not reachable.
WARNING: C:\Users\Admin\.gradle\caches\9.5.0\transforms\3bc3e8b59ac242766612a83882366de8\transformed\common-9.9.10-runtime.jar: R8: Expected stack map table for method with non-linear control flow. In later version of R8, the method may be assumed not reachable.
WARNING: C:\Users\Admin\.gradle\caches\9.5.0\transforms\3bc3e8b59ac242766612a83882366de8\transformed\common-9.9.10-runtime.jar: R8: Expected stack map table for method with non-linear control flow. In later version of R8, the method may be assumed not reachable.
WARNING: C:\Users\Admin\.gradle\caches\9.5.0\transforms\3bc3e8b59ac242766612a83882366de8\transformed\common-9.9.10-runtime.jar: R8: Expected stack map table for method with non-linear control flow. In later version of R8, the method may be assumed not reachable.
WARNING: C:\Users\Admin\.gradle\caches\9.5.0\transforms\3bc3e8b59ac242766612a83882366de8\transformed\common-9.9.10-runtime.jar: R8: Expected stack map table for method with non-linear control flow. In later version of R8, the method may be assumed not reachable.
WARNING: C:\Users\Admin\.gradle\caches\9.5.0\transforms\3bc3e8b59ac242766612a83882366de8\transformed\common-9.9.10-runtime.jar: R8: Expected stack map table for method with non-linear control flow. In later version of R8, the method may be assumed not reachable.
WARNING: C:\Users\Admin\.gradle\caches\9.5.0\transforms\3bc3e8b59ac242766612a83882366de8\transformed\common-9.9.10-runtime.jar: R8: Expected stack map table for method with non-linear control flow. In later version of R8, the method may be assumed not reachable.
WARNING: C:\Users\Admin\.gradle\caches\9.5.0\transforms\3bc3e8b59ac242766612a83882366de8\transformed\common-9.9.10-runtime.jar: R8: Expected stack map table for method with non-linear control flow. In later version of R8, the method may be assumed not reachable.
WARNING: C:\Users\Admin\.gradle\caches\9.5.0\transforms\3bc3e8b59ac242766612a83882366de8\transformed\common-9.9.10-runtime.jar: R8: Expected stack map table for method with non-linear control flow. In later version of R8, the method may be assumed not reachable.
WARNING: C:\Users\Admin\.gradle\caches\9.5.0\transforms\3bc3e8b59ac242766612a83882366de8\transformed\common-9.9.10-runtime.jar: R8: Expected stack map table for method with non-linear control flow. In later version of R8, the method may be assumed not reachable.
WARNING: C:\Users\Admin\.gradle\caches\9.5.0\transforms\3bc3e8b59ac242766612a83882366de8\transformed\common-9.9.10-runtime.jar: R8: Expected stack map table for method with non-linear control flow. In later version of R8, the method may be assumed not reachable.
WARNING: C:\Users\Admin\.gradle\caches\9.5.0\transforms\3bc3e8b59ac242766612a83882366de8\transformed\common-9.9.10-runtime.jar: R8: Expected stack map table for method with non-linear control flow. In later version of R8, the method may be assumed not reachable.
WARNING: C:\Users\Admin\.gradle\caches\9.5.0\transforms\3bc3e8b59ac242766612a83882366de8\transformed\common-9.9.10-runtime.jar: R8: Expected stack map table for method with non-linear control flow. In later version of R8, the method may be assumed not reachable.
WARNING: C:\Users\Admin\.gradle\caches\9.5.0\transforms\3bc3e8b59ac242766612a83882366de8\transformed\common-9.9.10-runtime.jar: R8: Expected stack map table for method with non-linear control flow. In later version of R8, the method may be assumed not reachable.
WARNING: C:\Users\Admin\.gradle\caches\9.5.0\transforms\3bc3e8b59ac242766612a83882366de8\transformed\common-9.9.10-runtime.jar: R8: Expected stack map table for method with non-linear control flow. In later version of R8, the method may be assumed not reachable.
WARNING: C:\Users\Admin\.gradle\caches\9.5.0\transforms\3bc3e8b59ac242766612a83882366de8\transformed\common-9.9.10-runtime.jar: R8: Expected stack map table for method with non-linear control flow. In later version of R8, the method may be assumed not reachable.
WARNING: C:\Users\Admin\.gradle\caches\9.5.0\transforms\3bc3e8b59ac242766612a83882366de8\transformed\common-9.9.10-runtime.jar: R8: Expected stack map table for method with non-linear control flow. In later version of R8, the method may be assumed not reachable.
WARNING: C:\Users\Admin\.gradle\caches\9.5.0\transforms\3bc3e8b59ac242766612a83882366de8\transformed\common-9.9.10-runtime.jar: R8: Expected stack map table for method with non-linear control flow. In later version of R8, the method may be assumed not reachable.
WARNING: C:\Users\Admin\.gradle\caches\9.5.0\transforms\3bc3e8b59ac242766612a83882366de8\transformed\common-9.9.10-runtime.jar: R8: Expected stack map table for method with non-linear control flow. In later version of R8, the method may be assumed not reachable.
WARNING: C:\Users\Admin\.gradle\caches\9.5.0\transforms\3bc3e8b59ac242766612a83882366de8\transformed\common-9.9.10-runtime.jar: R8: Expected stack map table for method with non-linear control flow. In later version of R8, the method may be assumed not reachable.
WARNING: C:\Users\Admin\.gradle\caches\9.5.0\transforms\3bc3e8b59ac242766612a83882366de8\transformed\common-9.9.10-runtime.jar: R8: Expected stack map table for method with non-linear control flow. In later version of R8, the method may be assumed not reachable.
WARNING: C:\Users\Admin\.gradle\caches\9.5.0\transforms\3bc3e8b59ac242766612a83882366de8\transformed\common-9.9.10-runtime.jar: R8: Expected stack map table for method with non-linear control flow. In later version of R8, the method may be assumed not reachable.
WARNING: C:\Users\Admin\.gradle\caches\9.5.0\transforms\3bc3e8b59ac242766612a83882366de8\transformed\common-9.9.10-runtime.jar: R8: Expected stack map table for method with non-linear control flow. In later version of R8, the method may be assumed not reachable.
WARNING: C:\Users\Admin\.gradle\caches\9.5.0\transforms\3bc3e8b59ac242766612a83882366de8\transformed\common-9.9.10-runtime.jar: R8: Expected stack map table for method with non-linear control flow. In later version of R8, the method may be assumed not reachable.
WARNING: C:\Users\Admin\.gradle\caches\9.5.0\transforms\3bc3e8b59ac242766612a83882366de8\transformed\common-9.9.10-runtime.jar: R8: Expected stack map table for method with non-linear control flow. In later version of R8, the method may be assumed not reachable.
WARNING: C:\Users\Admin\.gradle\caches\9.5.0\transforms\3bc3e8b59ac242766612a83882366de8\transformed\common-9.9.10-runtime.jar: R8: Expected stack map table for method with non-linear control flow. In later version of R8, the method may be assumed not reachable.
WARNING: C:\Users\Admin\.gradle\caches\9.5.0\transforms\3bc3e8b59ac242766612a83882366de8\transformed\common-9.9.10-runtime.jar: R8: Expected stack map table for method with non-linear control flow. In later version of R8, the method may be assumed not reachable.
WARNING: C:\Users\Admin\.gradle\caches\9.5.0\transforms\3bc3e8b59ac242766612a83882366de8\transformed\common-9.9.10-runtime.jar: R8: Expected stack map table for method with non-linear control flow. In later version of R8, the method may be assumed not reachable.
WARNING: C:\Users\Admin\.gradle\caches\9.5.0\transforms\3bc3e8b59ac242766612a83882366de8\transformed\common-9.9.10-runtime.jar: R8: Expected stack map table for method with non-linear control flow. In later version of R8, the method may be assumed not reachable.
WARNING: C:\Users\Admin\.gradle\caches\9.5.0\transforms\3bc3e8b59ac242766612a83882366de8\transformed\common-9.9.10-runtime.jar: R8: Expected stack map table for method with non-linear control flow. In later version of R8, the method may be assumed not reachable.
WARNING: C:\Users\Admin\.gradle\caches\9.5.0\transforms\3bc3e8b59ac242766612a83882366de8\transformed\common-9.9.10-runtime.jar: R8: Expected stack map table for method with non-linear control flow. In later version of R8, the method may be assumed not reachable.
WARNING: C:\Users\Admin\.gradle\caches\9.5.0\transforms\3bc3e8b59ac242766612a83882366de8\transformed\common-9.9.10-runtime.jar: R8: Expected stack map table for method with non-linear control flow. In later version of R8, the method may be assumed not reachable.
WARNING: C:\Users\Admin\.gradle\caches\9.5.0\transforms\3bc3e8b59ac242766612a83882366de8\transformed\common-9.9.10-runtime.jar: R8: Expected stack map table for method with non-linear control flow. In later version of R8, the method may be assumed not reachable.
WARNING: C:\Users\Admin\.gradle\caches\9.5.0\transforms\3bc3e8b59ac242766612a83882366de8\transformed\common-9.9.10-runtime.jar: R8: Expected stack map table for method with non-linear control flow. In later version of R8, the method may be assumed not reachable.
WARNING: C:\Users\Admin\.gradle\caches\9.5.0\transforms\3bc3e8b59ac242766612a83882366de8\transformed\common-9.9.10-runtime.jar: R8: Expected stack map table for method with non-linear control flow. In later version of R8, the method may be assumed not reachable.
WARNING: C:\Users\Admin\.gradle\caches\9.5.0\transforms\3bc3e8b59ac242766612a83882366de8\transformed\common-9.9.10-runtime.jar: R8: Expected stack map table for method with non-linear control flow. In later version of R8, the method may be assumed not reachable.
WARNING: C:\Users\Admin\.gradle\caches\9.5.0\transforms\3bc3e8b59ac242766612a83882366de8\transformed\common-9.9.10-runtime.jar: R8: Expected stack map table for method with non-linear control flow. In later version of R8, the method may be assumed not reachable.
WARNING: C:\Users\Admin\.gradle\caches\9.5.0\transforms\3bc3e8b59ac242766612a83882366de8\transformed\common-9.9.10-runtime.jar: R8: Expected stack map table for method with non-linear control flow. In later version of R8, the method may be assumed not reachable.
WARNING: C:\Users\Admin\.gradle\caches\9.5.0\transforms\3bc3e8b59ac242766612a83882366de8\transformed\common-9.9.10-runtime.jar: R8: Expected stack map table for method with non-linear control flow. In later version of R8, the method may be assumed not reachable.
WARNING: C:\Users\Admin\.gradle\caches\9.5.0\transforms\3bc3e8b59ac242766612a83882366de8\transformed\common-9.9.10-runtime.jar: R8: Expected stack map table for method with non-linear control flow. In later version of R8, the method may be assumed not reachable.
WARNING: C:\Users\Admin\.gradle\caches\9.5.0\transforms\3bc3e8b59ac242766612a83882366de8\transformed\common-9.9.10-runtime.jar: R8: Expected stack map table for method with non-linear control flow. In later version of R8, the method may be assumed not reachable.
WARNING: C:\Users\Admin\.gradle\caches\9.5.0\transforms\3bc3e8b59ac242766612a83882366de8\transformed\common-9.9.10-runtime.jar: R8: Expected stack map table for method with non-linear control flow. In later version of R8, the method may be assumed not reachable.
WARNING: C:\Users\Admin\.gradle\caches\9.5.0\transforms\3bc3e8b59ac242766612a83882366de8\transformed\common-9.9.10-runtime.jar: R8: Expected stack map table for method with non-linear control flow. In later version of R8, the method may be assumed not reachable.
WARNING: C:\Users\Admin\.gradle\caches\9.5.0\transforms\3bc3e8b59ac242766612a83882366de8\transformed\common-9.9.10-runtime.jar: R8: Expected stack map table for method with non-linear control flow. In later version of R8, the method may be assumed not reachable.
WARNING: C:\Users\Admin\.gradle\caches\9.5.0\transforms\3bc3e8b59ac242766612a83882366de8\transformed\common-9.9.10-runtime.jar: R8: Expected stack map table for method with non-linear control flow. In later version of R8, the method may be assumed not reachable.
WARNING: C:\Users\Admin\.gradle\caches\9.5.0\transforms\3bc3e8b59ac242766612a83882366de8\transformed\common-9.9.10-runtime.jar: R8: Expected stack map table for method with non-linear control flow. In later version of R8, the method may be assumed not reachable.
WARNING: C:\Users\Admin\.gradle\caches\9.5.0\transforms\3bc3e8b59ac242766612a83882366de8\transformed\common-9.9.10-runtime.jar: R8: Expected stack map table for method with non-linear control flow. In later version of R8, the method may be assumed not reachable.
WARNING: C:\Users\Admin\.gradle\caches\9.5.0\transforms\3bc3e8b59ac242766612a83882366de8\transformed\common-9.9.10-runtime.jar: R8: Expected stack map table for method with non-linear control flow. In later version of R8, the method may be assumed not reachable.
WARNING: C:\Users\Admin\.gradle\caches\9.5.0\transforms\3bc3e8b59ac242766612a83882366de8\transformed\common-9.9.10-runtime.jar: R8: Expected stack map table for method with non-linear control flow. In later version of R8, the method may be assumed not reachable.
WARNING: C:\Users\Admin\.gradle\caches\9.5.0\transforms\3bc3e8b59ac242766612a83882366de8\transformed\common-9.9.10-runtime.jar: R8: Expected stack map table for method with non-linear control flow. In later version of R8, the method may be assumed not reachable.
WARNING: C:\Users\Admin\.gradle\caches\9.5.0\transforms\3bc3e8b59ac242766612a83882366de8\transformed\common-9.9.10-runtime.jar: R8: Expected stack map table for method with non-linear control flow. In later version of R8, the method may be assumed not reachable.
WARNING: C:\Users\Admin\.gradle\caches\9.5.0\transforms\3bc3e8b59ac242766612a83882366de8\transformed\common-9.9.10-runtime.jar: R8: Expected stack map table for method with non-linear control flow. In later version of R8, the method may be assumed not reachable.
WARNING: C:\Users\Admin\.gradle\caches\9.5.0\transforms\3bc3e8b59ac242766612a83882366de8\transformed\common-9.9.10-runtime.jar: R8: Expected stack map table for method with non-linear control flow. In later version of R8, the method may be assumed not reachable.
WARNING: C:\Users\Admin\.gradle\caches\9.5.0\transforms\3bc3e8b59ac242766612a83882366de8\transformed\common-9.9.10-runtime.jar: R8: Expected stack map table for method with non-linear control flow. In later version of R8, the method may be assumed not reachable.
WARNING: C:\Users\Admin\.gradle\caches\9.5.0\transforms\3bc3e8b59ac242766612a83882366de8\transformed\common-9.9.10-runtime.jar: R8: Expected stack map table for method with non-linear control flow. In later version of R8, the method may be assumed not reachable.
WARNING: C:\Users\Admin\.gradle\caches\9.5.0\transforms\3bc3e8b59ac242766612a83882366de8\transformed\common-9.9.10-runtime.jar: R8: Expected stack map table for method with non-linear control flow. In later version of R8, the method may be assumed not reachable.
WARNING: C:\Users\Admin\.gradle\caches\9.5.0\transforms\3bc3e8b59ac242766612a83882366de8\transformed\common-9.9.10-runtime.jar: R8: Expected stack map table for method with non-linear control flow. In later version of R8, the method may be assumed not reachable.
WARNING: C:\Users\Admin\.gradle\caches\9.5.0\transforms\3bc3e8b59ac242766612a83882366de8\transformed\common-9.9.10-runtime.jar: R8: Expected stack map table for method with non-linear control flow. In later version of R8, the method may be assumed not reachable.
WARNING: C:\Users\Admin\.gradle\caches\9.5.0\transforms\3bc3e8b59ac242766612a83882366de8\transformed\common-9.9.10-runtime.jar: R8: Expected stack map table for method with non-linear control flow. In later version of R8, the method may be assumed not reachable.
WARNING: C:\Users\Admin\.gradle\caches\9.5.0\transforms\3bc3e8b59ac242766612a83882366de8\transformed\common-9.9.10-runtime.jar: R8: Expected stack map table for method with non-linear control flow. In later version of R8, the method may be assumed not reachable.
WARNING: C:\Users\Admin\.gradle\caches\9.5.0\transforms\3bc3e8b59ac242766612a83882366de8\transformed\common-9.9.10-runtime.jar: R8: Expected stack map table for method with non-linear control flow. In later version of R8, the method may be assumed not reachable.
WARNING: C:\Users\Admin\.gradle\caches\9.5.0\transforms\3bc3e8b59ac242766612a83882366de8\transformed\common-9.9.10-runtime.jar: R8: Expected stack map table for method with non-linear control flow. In later version of R8, the method may be assumed not reachable.
WARNING: C:\Users\Admin\.gradle\caches\9.5.0\transforms\3bc3e8b59ac242766612a83882366de8\transformed\common-9.9.10-runtime.jar: R8: Expected stack map table for method with non-linear control flow. In later version of R8, the method may be assumed not reachable.
WARNING: C:\Users\Admin\.gradle\caches\9.5.0\transforms\3bc3e8b59ac242766612a83882366de8\transformed\common-9.9.10-runtime.jar: R8: Expected stack map table for method with non-linear control flow. In later version of R8, the method may be assumed not reachable.
WARNING: C:\Users\Admin\.gradle\caches\9.5.0\transforms\3bc3e8b59ac242766612a83882366de8\transformed\common-9.9.10-runtime.jar: R8: Expected stack map table for method with non-linear control flow. In later version of R8, the method may be assumed not reachable.
WARNING: C:\Users\Admin\.gradle\caches\9.5.0\transforms\3bc3e8b59ac242766612a83882366de8\transformed\common-9.9.10-runtime.jar: R8: Expected stack map table for method with non-linear control flow. In later version of R8, the method may be assumed not reachable.
WARNING: C:\Users\Admin\.gradle\caches\9.5.0\transforms\3bc3e8b59ac242766612a83882366de8\transformed\common-9.9.10-runtime.jar: R8: Expected stack map table for method with non-linear control flow. In later version of R8, the method may be assumed not reachable.
WARNING: C:\Users\Admin\.gradle\caches\9.5.0\transforms\3bc3e8b59ac242766612a83882366de8\transformed\common-9.9.10-runtime.jar: R8: Expected stack map table for method with non-linear control flow. In later version of R8, the method may be assumed not reachable.
WARNING: C:\Users\Admin\.gradle\caches\9.5.0\transforms\3bc3e8b59ac242766612a83882366de8\transformed\common-9.9.10-runtime.jar: R8: Expected stack map table for method with non-linear control flow. In later version of R8, the method may be assumed not reachable.
WARNING: C:\Users\Admin\.gradle\caches\9.5.0\transforms\3bc3e8b59ac242766612a83882366de8\transformed\common-9.9.10-runtime.jar: R8: Expected stack map table for method with non-linear control flow. In later version of R8, the method may be assumed not reachable.
WARNING: C:\Users\Admin\.gradle\caches\9.5.0\transforms\3bc3e8b59ac242766612a83882366de8\transformed\common-9.9.10-runtime.jar: R8: Expected stack map table for method with non-linear control flow. In later version of R8, the method may be assumed not reachable.
WARNING: C:\Users\Admin\.gradle\caches\9.5.0\transforms\3bc3e8b59ac242766612a83882366de8\transformed\common-9.9.10-runtime.jar: R8: Expected stack map table for method with non-linear control flow. In later version of R8, the method may be assumed not reachable.
WARNING: C:\Users\Admin\.gradle\caches\9.5.0\transforms\3bc3e8b59ac242766612a83882366de8\transformed\common-9.9.10-runtime.jar: R8: Expected stack map table for method with non-linear control flow. In later version of R8, the method may be assumed not reachable.
WARNING: C:\Users\Admin\.gradle\caches\9.5.0\transforms\3bc3e8b59ac242766612a83882366de8\transformed\common-9.9.10-runtime.jar: R8: Expected stack map table for method with non-linear control flow. In later version of R8, the method may be assumed not reachable.
WARNING: C:\Users\Admin\.gradle\caches\9.5.0\transforms\3bc3e8b59ac242766612a83882366de8\transformed\common-9.9.10-runtime.jar: R8: Expected stack map table for method with non-linear control flow. In later version of R8, the method may be assumed not reachable.
WARNING: C:\Users\Admin\.gradle\caches\9.5.0\transforms\3bc3e8b59ac242766612a83882366de8\transformed\common-9.9.10-runtime.jar: R8: Expected stack map table for method with non-linear control flow. In later version of R8, the method may be assumed not reachable.
WARNING: C:\Users\Admin\.gradle\caches\9.5.0\transforms\3bc3e8b59ac242766612a83882366de8\transformed\common-9.9.10-runtime.jar: R8: Expected stack map table for method with non-linear control flow. In later version of R8, the method may be assumed not reachable.
WARNING: C:\Users\Admin\.gradle\caches\9.5.0\transforms\3bc3e8b59ac242766612a83882366de8\transformed\common-9.9.10-runtime.jar: R8: Expected stack map table for method with non-linear control flow. In later version of R8, the method may be assumed not reachable.
WARNING: C:\Users\Admin\.gradle\caches\9.5.0\transforms\3bc3e8b59ac242766612a83882366de8\transformed\common-9.9.10-runtime.jar: R8: Expected stack map table for method with non-linear control flow. In later version of R8, the method may be assumed not reachable.
WARNING: C:\Users\Admin\.gradle\caches\9.5.0\transforms\3bc3e8b59ac242766612a83882366de8\transformed\common-9.9.10-runtime.jar: R8: Expected stack map table for method with non-linear control flow. In later version of R8, the method may be assumed not reachable.
WARNING: C:\Users\Admin\.gradle\caches\9.5.0\transforms\3bc3e8b59ac242766612a83882366de8\transformed\common-9.9.10-runtime.jar: R8: Expected stack map table for method with non-linear control flow. In later version of R8, the method may be assumed not reachable.
WARNING: C:\Users\Admin\.gradle\caches\9.5.0\transforms\3bc3e8b59ac242766612a83882366de8\transformed\common-9.9.10-runtime.jar: R8: Expected stack map table for method with non-linear control flow. In later version of R8, the method may be assumed not reachable.
WARNING: C:\Users\Admin\.gradle\caches\9.5.0\transforms\3bc3e8b59ac242766612a83882366de8\transformed\common-9.9.10-runtime.jar: R8: Expected stack map table for method with non-linear control flow. In later version of R8, the method may be assumed not reachable.
WARNING: C:\Users\Admin\.gradle\caches\9.5.0\transforms\3bc3e8b59ac242766612a83882366de8\transformed\common-9.9.10-runtime.jar: R8: Expected stack map table for method with non-linear control flow. In later version of R8, the method may be assumed not reachable.
WARNING: C:\Users\Admin\.gradle\caches\9.5.0\transforms\3bc3e8b59ac242766612a83882366de8\transformed\common-9.9.10-runtime.jar: R8: Expected stack map table for method with non-linear control flow. In later version of R8, the method may be assumed not reachable.
WARNING: C:\Users\Admin\.gradle\caches\9.5.0\transforms\3bc3e8b59ac242766612a83882366de8\transformed\common-9.9.10-runtime.jar: R8: Expected stack map table for method with non-linear control flow. In later version of R8, the method may be assumed not reachable.
WARNING: C:\Users\Admin\.gradle\caches\9.5.0\transforms\3bc3e8b59ac242766612a83882366de8\transformed\common-9.9.10-runtime.jar: R8: Expected stack map table for method with non-linear control flow. In later version of R8, the method may be assumed not reachable.
WARNING: C:\Users\Admin\.gradle\caches\9.5.0\transforms\3bc3e8b59ac242766612a83882366de8\transformed\common-9.9.10-runtime.jar: R8: Expected stack map table for method with non-linear control flow. In later version of R8, the method may be assumed not reachable.
WARNING: C:\Users\Admin\.gradle\caches\9.5.0\transforms\3bc3e8b59ac242766612a83882366de8\transformed\common-9.9.10-runtime.jar: R8: Expected stack map table for method with non-linear control flow. In later version of R8, the method may be assumed not reachable.
WARNING: C:\Users\Admin\.gradle\caches\9.5.0\transforms\3bc3e8b59ac242766612a83882366de8\transformed\common-9.9.10-runtime.jar: R8: Expected stack map table for method with non-linear control flow. In later version of R8, the method may be assumed not reachable.
WARNING: C:\Users\Admin\.gradle\caches\9.5.0\transforms\3bc3e8b59ac242766612a83882366de8\transformed\common-9.9.10-runtime.jar: R8: Expected stack map table for method with non-linear control flow. In later version of R8, the method may be assumed not reachable.
WARNING: C:\Users\Admin\.gradle\caches\9.5.0\transforms\3bc3e8b59ac242766612a83882366de8\transformed\common-9.9.10-runtime.jar: R8: Expected stack map table for method with non-linear control flow. In later version of R8, the method may be assumed not reachable.
WARNING: C:\Users\Admin\.gradle\caches\9.5.0\transforms\3bc3e8b59ac242766612a83882366de8\transformed\common-9.9.10-runtime.jar: R8: Expected stack map table for method with non-linear control flow. In later version of R8, the method may be assumed not reachable.
WARNING: C:\Users\Admin\.gradle\caches\9.5.0\transforms\3bc3e8b59ac242766612a83882366de8\transformed\common-9.9.10-runtime.jar: R8: Expected stack map table for method with non-linear control flow. In later version of R8, the method may be assumed not reachable.
WARNING: C:\Users\Admin\.gradle\caches\9.5.0\transforms\3bc3e8b59ac242766612a83882366de8\transformed\common-9.9.10-runtime.jar: R8: Expected stack map table for method with non-linear control flow. In later version of R8, the method may be assumed not reachable.
WARNING: C:\Users\Admin\.gradle\caches\9.5.0\transforms\3bc3e8b59ac242766612a83882366de8\transformed\common-9.9.10-runtime.jar: R8: Expected stack map table for method with non-linear control flow. In later version of R8, the method may be assumed not reachable.
WARNING: C:\Users\Admin\.gradle\caches\9.5.0\transforms\3bc3e8b59ac242766612a83882366de8\transformed\common-9.9.10-runtime.jar: R8: Expected stack map table for method with non-linear control flow. In later version of R8, the method may be assumed not reachable.
WARNING: C:\Users\Admin\.gradle\caches\9.5.0\transforms\3bc3e8b59ac242766612a83882366de8\transformed\common-9.9.10-runtime.jar: R8: Expected stack map table for method with non-linear control flow. In later version of R8, the method may be assumed not reachable.
WARNING: C:\Users\Admin\.gradle\caches\9.5.0\transforms\3bc3e8b59ac242766612a83882366de8\transformed\common-9.9.10-runtime.jar: R8: Expected stack map table for method with non-linear control flow. In later version of R8, the method may be assumed not reachable.
WARNING: C:\Users\Admin\.gradle\caches\9.5.0\transforms\3bc3e8b59ac242766612a83882366de8\transformed\common-9.9.10-runtime.jar: R8: Expected stack map table for method with non-linear control flow. In later version of R8, the method may be assumed not reachable.
WARNING: C:\Users\Admin\.gradle\caches\9.5.0\transforms\3bc3e8b59ac242766612a83882366de8\transformed\common-9.9.10-runtime.jar: R8: Expected stack map table for method with non-linear control flow. In later version of R8, the method may be assumed not reachable.
WARNING: C:\Users\Admin\.gradle\caches\9.5.0\transforms\3bc3e8b59ac242766612a83882366de8\transformed\common-9.9.10-runtime.jar: R8: Expected stack map table for method with non-linear control flow. In later version of R8, the method may be assumed not reachable.
WARNING: C:\Users\Admin\.gradle\caches\9.5.0\transforms\3bc3e8b59ac242766612a83882366de8\transformed\common-9.9.10-runtime.jar: R8: Expected stack map table for method with non-linear control flow. In later version of R8, the method may be assumed not reachable.
WARNING: C:\Users\Admin\.gradle\caches\9.5.0\transforms\3bc3e8b59ac242766612a83882366de8\transformed\common-9.9.10-runtime.jar: R8: Expected stack map table for method with non-linear control flow. In later version of R8, the method may be assumed not reachable.
WARNING: C:\Users\Admin\.gradle\caches\9.5.0\transforms\3bc3e8b59ac242766612a83882366de8\transformed\common-9.9.10-runtime.jar: R8: Expected stack map table for method with non-linear control flow. In later version of R8, the method may be assumed not reachable.
WARNING: C:\Users\Admin\.gradle\caches\9.5.0\transforms\3bc3e8b59ac242766612a83882366de8\transformed\common-9.9.10-runtime.jar: R8: Expected stack map table for method with non-linear control flow. In later version of R8, the method may be assumed not reachable.
WARNING: C:\Users\Admin\.gradle\caches\9.5.0\transforms\3bc3e8b59ac242766612a83882366de8\transformed\common-9.9.10-runtime.jar: R8: Expected stack map table for method with non-linear control flow. In later version of R8, the method may be assumed not reachable.
WARNING: C:\Users\Admin\.gradle\caches\9.5.0\transforms\3bc3e8b59ac242766612a83882366de8\transformed\common-9.9.10-runtime.jar: R8: Expected stack map table for method with non-linear control flow. In later version of R8, the method may be assumed not reachable.
WARNING: C:\Users\Admin\.gradle\caches\9.5.0\transforms\3bc3e8b59ac242766612a83882366de8\transformed\common-9.9.10-runtime.jar: R8: Expected stack map table for method with non-linear control flow. In later version of R8, the method may be assumed not reachable.
WARNING: C:\Users\Admin\.gradle\caches\9.5.0\transforms\3bc3e8b59ac242766612a83882366de8\transformed\common-9.9.10-runtime.jar: R8: Expected stack map table for method with non-linear control flow. In later version of R8, the method may be assumed not reachable.
WARNING: C:\Users\Admin\.gradle\caches\9.5.0\transforms\3bc3e8b59ac242766612a83882366de8\transformed\common-9.9.10-runtime.jar: R8: Expected stack map table for method with non-linear control flow. In later version of R8, the method may be assumed not reachable.
WARNING: C:\Users\Admin\.gradle\caches\9.5.0\transforms\3bc3e8b59ac242766612a83882366de8\transformed\common-9.9.10-runtime.jar: R8: Expected stack map table for method with non-linear control flow. In later version of R8, the method may be assumed not reachable.
WARNING: C:\Users\Admin\.gradle\caches\9.5.0\transforms\3bc3e8b59ac242766612a83882366de8\transformed\common-9.9.10-runtime.jar: R8: Expected stack map table for method with non-linear control flow. In later version of R8, the method may be assumed not reachable.
WARNING: C:\Users\Admin\.gradle\caches\9.5.0\transforms\3bc3e8b59ac242766612a83882366de8\transformed\common-9.9.10-runtime.jar: R8: Expected stack map table for method with non-linear control flow. In later version of R8, the method may be assumed not reachable.
WARNING: C:\Users\Admin\.gradle\caches\9.5.0\transforms\3bc3e8b59ac242766612a83882366de8\transformed\common-9.9.10-runtime.jar: R8: Expected stack map table for method with non-linear control flow. In later version of R8, the method may be assumed not reachable.
WARNING: C:\Users\Admin\.gradle\caches\9.5.0\transforms\3bc3e8b59ac242766612a83882366de8\transformed\common-9.9.10-runtime.jar: R8: Expected stack map table for method with non-linear control flow. In later version of R8, the method may be assumed not reachable.
WARNING: C:\Users\Admin\.gradle\caches\9.5.0\transforms\3bc3e8b59ac242766612a83882366de8\transformed\common-9.9.10-runtime.jar: R8: Expected stack map table for method with non-linear control flow. In later version of R8, the method may be assumed not reachable.
WARNING: C:\Users\Admin\.gradle\caches\9.5.0\transforms\3bc3e8b59ac242766612a83882366de8\transformed\common-9.9.10-runtime.jar: R8: Expected stack map table for method with non-linear control flow. In later version of R8, the method may be assumed not reachable.
WARNING: C:\Users\Admin\.gradle\caches\9.5.0\transforms\3bc3e8b59ac242766612a83882366de8\transformed\common-9.9.10-runtime.jar: R8: Expected stack map table for method with non-linear control flow. In later version of R8, the method may be assumed not reachable.
WARNING: C:\Users\Admin\.gradle\caches\9.5.0\transforms\3bc3e8b59ac242766612a83882366de8\transformed\common-9.9.10-runtime.jar: R8: Expected stack map table for method with non-linear control flow. In later version of R8, the method may be assumed not reachable.
WARNING: C:\Users\Admin\.gradle\caches\9.5.0\transforms\3bc3e8b59ac242766612a83882366de8\transformed\common-9.9.10-runtime.jar: R8: Expected stack map table for method with non-linear control flow. In later version of R8, the method may be assumed not reachable.
WARNING: C:\Users\Admin\.gradle\caches\9.5.0\transforms\3bc3e8b59ac242766612a83882366de8\transformed\common-9.9.10-runtime.jar: R8: Expected stack map table for method with non-linear control flow. In later version of R8, the method may be assumed not reachable.
WARNING: C:\Users\Admin\.gradle\caches\9.5.0\transforms\3bc3e8b59ac242766612a83882366de8\transformed\common-9.9.10-runtime.jar: R8: Expected stack map table for method with non-linear control flow. In later version of R8, the method may be assumed not reachable.
WARNING: C:\Users\Admin\.gradle\caches\9.5.0\transforms\3bc3e8b59ac242766612a83882366de8\transformed\common-9.9.10-runtime.jar: R8: Expected stack map table for method with non-linear control flow. In later version of R8, the method may be assumed not reachable.
WARNING: C:\Users\Admin\.gradle\caches\9.5.0\transforms\3bc3e8b59ac242766612a83882366de8\transformed\common-9.9.10-runtime.jar: R8: Expected stack map table for method with non-linear control flow. In later version of R8, the method may be assumed not reachable.
WARNING: C:\Users\Admin\.gradle\caches\9.5.0\transforms\3bc3e8b59ac242766612a83882366de8\transformed\common-9.9.10-runtime.jar: R8: Expected stack map table for method with non-linear control flow. In later version of R8, the method may be assumed not reachable.
WARNING: C:\Users\Admin\.gradle\caches\9.5.0\transforms\3bc3e8b59ac242766612a83882366de8\transformed\common-9.9.10-runtime.jar: R8: Expected stack map table for method with non-linear control flow. In later version of R8, the method may be assumed not reachable.
WARNING: C:\Users\Admin\.gradle\caches\9.5.0\transforms\3bc3e8b59ac242766612a83882366de8\transformed\common-9.9.10-runtime.jar: R8: Expected stack map table for method with non-linear control flow. In later version of R8, the method may be assumed not reachable.
WARNING: C:\Users\Admin\.gradle\caches\9.5.0\transforms\3bc3e8b59ac242766612a83882366de8\transformed\common-9.9.10-runtime.jar: R8: Expected stack map table for method with non-linear control flow. In later version of R8, the method may be assumed not reachable.
WARNING: C:\Users\Admin\.gradle\caches\9.5.0\transforms\3bc3e8b59ac242766612a83882366de8\transformed\common-9.9.10-runtime.jar: R8: Expected stack map table for method with non-linear control flow. In later version of R8, the method may be assumed not reachable.
WARNING: C:\Users\Admin\.gradle\caches\9.5.0\transforms\3bc3e8b59ac242766612a83882366de8\transformed\common-9.9.10-runtime.jar: R8: Expected stack map table for method with non-linear control flow. In later version of R8, the method may be assumed not reachable.
WARNING: C:\Users\Admin\.gradle\caches\9.5.0\transforms\3bc3e8b59ac242766612a83882366de8\transformed\common-9.9.10-runtime.jar: R8: Expected stack map table for method with non-linear control flow. In later version of R8, the method may be assumed not reachable.
WARNING: C:\Users\Admin\.gradle\caches\9.5.0\transforms\3bc3e8b59ac242766612a83882366de8\transformed\common-9.9.10-runtime.jar: R8: Expected stack map table for method with non-linear control flow. In later version of R8, the method may be assumed not reachable.
WARNING: C:\Users\Admin\.gradle\caches\9.5.0\transforms\3bc3e8b59ac242766612a83882366de8\transformed\common-9.9.10-runtime.jar: R8: Expected stack map table for method with non-linear control flow. In later version of R8, the method may be assumed not reachable.
WARNING: C:\Users\Admin\.gradle\caches\9.5.0\transforms\3bc3e8b59ac242766612a83882366de8\transformed\common-9.9.10-runtime.jar: R8: Expected stack map table for method with non-linear control flow. In later version of R8, the method may be assumed not reachable.
WARNING: C:\Users\Admin\.gradle\caches\9.5.0\transforms\3bc3e8b59ac242766612a83882366de8\transformed\common-9.9.10-runtime.jar: R8: Expected stack map table for method with non-linear control flow. In later version of R8, the method may be assumed not reachable.
WARNING: C:\Users\Admin\.gradle\caches\9.5.0\transforms\3bc3e8b59ac242766612a83882366de8\transformed\common-9.9.10-runtime.jar: R8: Expected stack map table for method with non-linear control flow. In later version of R8, the method may be assumed not reachable.
WARNING: C:\Users\Admin\.gradle\caches\9.5.0\transforms\3bc3e8b59ac242766612a83882366de8\transformed\common-9.9.10-runtime.jar: R8: Expected stack map table for method with non-linear control flow. In later version of R8, the method may be assumed not reachable.
WARNING: C:\Users\Admin\.gradle\caches\9.5.0\transforms\3bc3e8b59ac242766612a83882366de8\transformed\common-9.9.10-runtime.jar: R8: Expected stack map table for method with non-linear control flow. In later version of R8, the method may be assumed not reachable.
WARNING: C:\Users\Admin\.gradle\caches\9.5.0\transforms\3bc3e8b59ac242766612a83882366de8\transformed\common-9.9.10-runtime.jar: R8: Expected stack map table for method with non-linear control flow. In later version of R8, the method may be assumed not reachable.
WARNING: C:\Users\Admin\.gradle\caches\9.5.0\transforms\3bc3e8b59ac242766612a83882366de8\transformed\common-9.9.10-runtime.jar: R8: Expected stack map table for method with non-linear control flow. In later version of R8, the method may be assumed not reachable.
WARNING: C:\Users\Admin\.gradle\caches\9.5.0\transforms\3bc3e8b59ac242766612a83882366de8\transformed\common-9.9.10-runtime.jar: R8: Expected stack map table for method with non-linear control flow. In later version of R8, the method may be assumed not reachable.
WARNING: C:\Users\Admin\.gradle\caches\9.5.0\transforms\3bc3e8b59ac242766612a83882366de8\transformed\common-9.9.10-runtime.jar: R8: Expected stack map table for method with non-linear control flow. In later version of R8, the method may be assumed not reachable.
WARNING: C:\Users\Admin\.gradle\caches\9.5.0\transforms\3bc3e8b59ac242766612a83882366de8\transformed\common-9.9.10-runtime.jar: R8: Expected stack map table for method with non-linear control flow. In later version of R8, the method may be assumed not reachable.
WARNING: C:\Users\Admin\.gradle\caches\9.5.0\transforms\3bc3e8b59ac242766612a83882366de8\transformed\common-9.9.10-runtime.jar: R8: Expected stack map table for method with non-linear control flow. In later version of R8, the method may be assumed not reachable.
WARNING: C:\Users\Admin\.gradle\caches\9.5.0\transforms\3bc3e8b59ac242766612a83882366de8\transformed\common-9.9.10-runtime.jar: R8: Expected stack map table for method with non-linear control flow. In later version of R8, the method may be assumed not reachable.
WARNING: C:\Users\Admin\.gradle\caches\9.5.0\transforms\3bc3e8b59ac242766612a83882366de8\transformed\common-9.9.10-runtime.jar: R8: Expected stack map table for method with non-linear control flow. In later version of R8, the method may be assumed not reachable.
WARNING: C:\Users\Admin\.gradle\caches\9.5.0\transforms\3bc3e8b59ac242766612a83882366de8\transformed\common-9.9.10-runtime.jar: R8: Expected stack map table for method with non-linear control flow. In later version of R8, the method may be assumed not reachable.
WARNING: C:\Users\Admin\.gradle\caches\9.5.0\transforms\3bc3e8b59ac242766612a83882366de8\transformed\common-9.9.10-runtime.jar: R8: Expected stack map table for method with non-linear control flow. In later version of R8, the method may be assumed not reachable.
WARNING: C:\Users\Admin\.gradle\caches\9.5.0\transforms\3bc3e8b59ac242766612a83882366de8\transformed\common-9.9.10-runtime.jar: R8: Expected stack map table for method with non-linear control flow. In later version of R8, the method may be assumed not reachable.
WARNING: C:\Users\Admin\.gradle\caches\9.5.0\transforms\3bc3e8b59ac242766612a83882366de8\transformed\common-9.9.10-runtime.jar: R8: Expected stack map table for method with non-linear control flow. In later version of R8, the method may be assumed not reachable.
WARNING: C:\Users\Admin\.gradle\caches\9.5.0\transforms\3bc3e8b59ac242766612a83882366de8\transformed\common-9.9.10-runtime.jar: R8: Expected stack map table for method with non-linear control flow. In later version of R8, the method may be assumed not reachable.
WARNING: C:\Users\Admin\.gradle\caches\9.5.0\transforms\3bc3e8b59ac242766612a83882366de8\transformed\common-9.9.10-runtime.jar: R8: Expected stack map table for method with non-linear control flow. In later version of R8, the method may be assumed not reachable.
WARNING: C:\Users\Admin\.gradle\caches\9.5.0\transforms\3bc3e8b59ac242766612a83882366de8\transformed\common-9.9.10-runtime.jar: R8: Expected stack map table for method with non-linear control flow. In later version of R8, the method may be assumed not reachable.
WARNING: C:\Users\Admin\.gradle\caches\9.5.0\transforms\3bc3e8b59ac242766612a83882366de8\transformed\common-9.9.10-runtime.jar: R8: Expected stack map table for method with non-linear control flow. In later version of R8, the method may be assumed not reachable.
WARNING: C:\Users\Admin\.gradle\caches\9.5.0\transforms\3bc3e8b59ac242766612a83882366de8\transformed\common-9.9.10-runtime.jar: R8: Expected stack map table for method with non-linear control flow. In later version of R8, the method may be assumed not reachable.
WARNING: C:\Users\Admin\.gradle\caches\9.5.0\transforms\3bc3e8b59ac242766612a83882366de8\transformed\common-9.9.10-runtime.jar: R8: Expected stack map table for method with non-linear control flow. In later version of R8, the method may be assumed not reachable.
WARNING: C:\Users\Admin\.gradle\caches\9.5.0\transforms\3bc3e8b59ac242766612a83882366de8\transformed\common-9.9.10-runtime.jar: R8: Expected stack map table for method with non-linear control flow. In later version of R8, the method may be assumed not reachable.
WARNING: C:\Users\Admin\.gradle\caches\9.5.0\transforms\3bc3e8b59ac242766612a83882366de8\transformed\common-9.9.10-runtime.jar: R8: Expected stack map table for method with non-linear control flow. In later version of R8, the method may be assumed not reachable.
WARNING: C:\Users\Admin\.gradle\caches\9.5.0\transforms\3bc3e8b59ac242766612a83882366de8\transformed\common-9.9.10-runtime.jar: R8: Expected stack map table for method with non-linear control flow. In later version of R8, the method may be assumed not reachable.
WARNING: C:\Users\Admin\.gradle\caches\9.5.0\transforms\3bc3e8b59ac242766612a83882366de8\transformed\common-9.9.10-runtime.jar: R8: Expected stack map table for method with non-linear control flow. In later version of R8, the method may be assumed not reachable.
WARNING: C:\Users\Admin\.gradle\caches\9.5.0\transforms\3bc3e8b59ac242766612a83882366de8\transformed\common-9.9.10-runtime.jar: R8: Expected stack map table for method with non-linear control flow. In later version of R8, the method may be assumed not reachable.
WARNING: C:\Users\Admin\.gradle\caches\9.5.0\transforms\3bc3e8b59ac242766612a83882366de8\transformed\common-9.9.10-runtime.jar: R8: Expected stack map table for method with non-linear control flow. In later version of R8, the method may be assumed not reachable.
WARNING: C:\Users\Admin\.gradle\caches\9.5.0\transforms\3bc3e8b59ac242766612a83882366de8\transformed\common-9.9.10-runtime.jar: R8: Expected stack map table for method with non-linear control flow. In later version of R8, the method may be assumed not reachable.
WARNING: C:\Users\Admin\.gradle\caches\9.5.0\transforms\3bc3e8b59ac242766612a83882366de8\transformed\common-9.9.10-runtime.jar: R8: Expected stack map table for method with non-linear control flow. In later version of R8, the method may be assumed not reachable.
WARNING: C:\Users\Admin\.gradle\caches\9.5.0\transforms\3bc3e8b59ac242766612a83882366de8\transformed\common-9.9.10-runtime.jar: R8: Expected stack map table for method with non-linear control flow. In later version of R8, the method may be assumed not reachable.
WARNING: C:\Users\Admin\.gradle\caches\9.5.0\transforms\3bc3e8b59ac242766612a83882366de8\transformed\common-9.9.10-runtime.jar: R8: Expected stack map table for method with non-linear control flow. In later version of R8, the method may be assumed not reachable.
WARNING: C:\Users\Admin\.gradle\caches\9.5.0\transforms\3bc3e8b59ac242766612a83882366de8\transformed\common-9.9.10-runtime.jar: R8: Expected stack map table for method with non-linear control flow. In later version of R8, the method may be assumed not reachable.
WARNING: C:\Users\Admin\.gradle\caches\9.5.0\transforms\3bc3e8b59ac242766612a83882366de8\transformed\common-9.9.10-runtime.jar: R8: Expected stack map table for method with non-linear control flow. In later version of R8, the method may be assumed not reachable.
WARNING: C:\Users\Admin\.gradle\caches\9.5.0\transforms\3bc3e8b59ac242766612a83882366de8\transformed\common-9.9.10-runtime.jar: R8: Expected stack map table for method with non-linear control flow. In later version of R8, the method may be assumed not reachable.
WARNING: C:\Users\Admin\.gradle\caches\9.5.0\transforms\3bc3e8b59ac242766612a83882366de8\transformed\common-9.9.10-runtime.jar: R8: Expected stack map table for method with non-linear control flow. In later version of R8, the method may be assumed not reachable.
WARNING: C:\Users\Admin\.gradle\caches\9.5.0\transforms\3bc3e8b59ac242766612a83882366de8\transformed\common-9.9.10-runtime.jar: R8: Expected stack map table for method with non-linear control flow. In later version of R8, the method may be assumed not reachable.
WARNING: C:\Users\Admin\.gradle\caches\9.5.0\transforms\3bc3e8b59ac242766612a83882366de8\transformed\common-9.9.10-runtime.jar: R8: Expected stack map table for method with non-linear control flow. In later version of R8, the method may be assumed not reachable.
WARNING: C:\Users\Admin\.gradle\caches\9.5.0\transforms\3bc3e8b59ac242766612a83882366de8\transformed\common-9.9.10-runtime.jar: R8: Expected stack map table for method with non-linear control flow. In later version of R8, the method may be assumed not reachable.
WARNING: C:\Users\Admin\.gradle\caches\9.5.0\transforms\3bc3e8b59ac242766612a83882366de8\transformed\common-9.9.10-runtime.jar: R8: Expected stack map table for method with non-linear control flow. In later version of R8, the method may be assumed not reachable.
WARNING: C:\Users\Admin\.gradle\caches\9.5.0\transforms\3bc3e8b59ac242766612a83882366de8\transformed\common-9.9.10-runtime.jar: R8: Expected stack map table for method with non-linear control flow. In later version of R8, the method may be assumed not reachable.
WARNING: C:\Users\Admin\.gradle\caches\9.5.0\transforms\3bc3e8b59ac242766612a83882366de8\transformed\common-9.9.10-runtime.jar: R8: Expected stack map table for method with non-linear control flow. In later version of R8, the method may be assumed not reachable.
WARNING: C:\Users\Admin\.gradle\caches\9.5.0\transforms\3bc3e8b59ac242766612a83882366de8\transformed\common-9.9.10-runtime.jar: R8: Expected stack map table for method with non-linear control flow. In later version of R8, the method may be assumed not reachable.
WARNING: C:\Users\Admin\.gradle\caches\9.5.0\transforms\3bc3e8b59ac242766612a83882366de8\transformed\common-9.9.10-runtime.jar: R8: Expected stack map table for method with non-linear control flow. In later version of R8, the method may be assumed not reachable.
WARNING: C:\Users\Admin\.gradle\caches\9.5.0\transforms\3bc3e8b59ac242766612a83882366de8\transformed\common-9.9.10-runtime.jar: R8: Expected stack map table for method with non-linear control flow. In later version of R8, the method may be assumed not reachable.
WARNING: C:\Users\Admin\.gradle\caches\9.5.0\transforms\3bc3e8b59ac242766612a83882366de8\transformed\common-9.9.10-runtime.jar: R8: Expected stack map table for method with non-linear control flow. In later version of R8, the method may be assumed not reachable.
WARNING: C:\Users\Admin\.gradle\caches\9.5.0\transforms\3bc3e8b59ac242766612a83882366de8\transformed\common-9.9.10-runtime.jar: R8: Expected stack map table for method with non-linear control flow. In later version of R8, the method may be assumed not reachable.
WARNING: C:\Users\Admin\.gradle\caches\9.5.0\transforms\3bc3e8b59ac242766612a83882366de8\transformed\common-9.9.10-runtime.jar: R8: Expected stack map table for method with non-linear control flow. In later version of R8, the method may be assumed not reachable.
WARNING: C:\Users\Admin\.gradle\caches\9.5.0\transforms\3bc3e8b59ac242766612a83882366de8\transformed\common-9.9.10-runtime.jar: R8: Expected stack map table for method with non-linear control flow. In later version of R8, the method may be assumed not reachable.
WARNING: C:\Users\Admin\.gradle\caches\9.5.0\transforms\3bc3e8b59ac242766612a83882366de8\transformed\common-9.9.10-runtime.jar: R8: Expected stack map table for method with non-linear control flow. In later version of R8, the method may be assumed not reachable.
WARNING: C:\Users\Admin\.gradle\caches\9.5.0\transforms\3bc3e8b59ac242766612a83882366de8\transformed\common-9.9.10-runtime.jar: R8: Expected stack map table for method with non-linear control flow. In later version of R8, the method may be assumed not reachable.
WARNING: C:\Users\Admin\.gradle\caches\9.5.0\transforms\3bc3e8b59ac242766612a83882366de8\transformed\common-9.9.10-runtime.jar: R8: Expected stack map table for method with non-linear control flow. In later version of R8, the method may be assumed not reachable.
WARNING: C:\Users\Admin\.gradle\caches\9.5.0\transforms\3bc3e8b59ac242766612a83882366de8\transformed\common-9.9.10-runtime.jar: R8: Expected stack map table for method with non-linear control flow. In later version of R8, the method may be assumed not reachable.
WARNING: C:\Users\Admin\.gradle\caches\9.5.0\transforms\3bc3e8b59ac242766612a83882366de8\transformed\common-9.9.10-runtime.jar: R8: Expected stack map table for method with non-linear control flow. In later version of R8, the method may be assumed not reachable.
WARNING: C:\Users\Admin\.gradle\caches\9.5.0\transforms\3bc3e8b59ac242766612a83882366de8\transformed\common-9.9.10-runtime.jar: R8: Expected stack map table for method with non-linear control flow. In later version of R8, the method may be assumed not reachable.
WARNING: C:\Users\Admin\.gradle\caches\9.5.0\transforms\3bc3e8b59ac242766612a83882366de8\transformed\common-9.9.10-runtime.jar: R8: Expected stack map table for method with non-linear control flow. In later version of R8, the method may be assumed not reachable.
WARNING: C:\Users\Admin\.gradle\caches\9.5.0\transforms\3bc3e8b59ac242766612a83882366de8\transformed\common-9.9.10-runtime.jar: R8: Expected stack map table for method with non-linear control flow. In later version of R8, the method may be assumed not reachable.
WARNING: C:\Users\Admin\.gradle\caches\9.5.0\transforms\3bc3e8b59ac242766612a83882366de8\transformed\common-9.9.10-runtime.jar: R8: Expected stack map table for method with non-linear control flow. In later version of R8, the method may be assumed not reachable.
WARNING: C:\Users\Admin\.gradle\caches\9.5.0\transforms\3bc3e8b59ac242766612a83882366de8\transformed\common-9.9.10-runtime.jar: R8: Expected stack map table for method with non-linear control flow. In later version of R8, the method may be assumed not reachable.
WARNING: C:\Users\Admin\.gradle\caches\9.5.0\transforms\3bc3e8b59ac242766612a83882366de8\transformed\common-9.9.10-runtime.jar: R8: Expected stack map table for method with non-linear control flow. In later version of R8, the method may be assumed not reachable.
WARNING: C:\Users\Admin\.gradle\caches\9.5.0\transforms\3bc3e8b59ac242766612a83882366de8\transformed\common-9.9.10-runtime.jar: R8: Expected stack map table for method with non-linear control flow. In later version of R8, the method may be assumed not reachable.
WARNING: C:\Users\Admin\.gradle\caches\9.5.0\transforms\3bc3e8b59ac242766612a83882366de8\transformed\common-9.9.10-runtime.jar: R8: Expected stack map table for method with non-linear control flow. In later version of R8, the method may be assumed not reachable.
WARNING: C:\Users\Admin\.gradle\caches\9.5.0\transforms\3bc3e8b59ac242766612a83882366de8\transformed\common-9.9.10-runtime.jar: R8: Expected stack map table for method with non-linear control flow. In later version of R8, the method may be assumed not reachable.
WARNING: C:\Users\Admin\.gradle\caches\9.5.0\transforms\3bc3e8b59ac242766612a83882366de8\transformed\common-9.9.10-runtime.jar: R8: Expected stack map table for method with non-linear control flow. In later version of R8, the method may be assumed not reachable.
WARNING: C:\Users\Admin\.gradle\caches\9.5.0\transforms\3bc3e8b59ac242766612a83882366de8\transformed\common-9.9.10-runtime.jar: R8: Expected stack map table for method with non-linear control flow. In later version of R8, the method may be assumed not reachable.
WARNING: C:\Users\Admin\.gradle\caches\9.5.0\transforms\3bc3e8b59ac242766612a83882366de8\transformed\common-9.9.10-runtime.jar: R8: Expected stack map table for method with non-linear control flow. In later version of R8, the method may be assumed not reachable.
WARNING: C:\Users\Admin\.gradle\caches\9.5.0\transforms\3bc3e8b59ac242766612a83882366de8\transformed\common-9.9.10-runtime.jar: R8: Expected stack map table for method with non-linear control flow. In later version of R8, the method may be assumed not reachable.
WARNING: C:\Users\Admin\.gradle\caches\9.5.0\transforms\3bc3e8b59ac242766612a83882366de8\transformed\common-9.9.10-runtime.jar: R8: Expected stack map table for method with non-linear control flow. In later version of R8, the method may be assumed not reachable.
WARNING: C:\Users\Admin\.gradle\caches\9.5.0\transforms\3bc3e8b59ac242766612a83882366de8\transformed\common-9.9.10-runtime.jar: R8: Expected stack map table for method with non-linear control flow. In later version of R8, the method may be assumed not reachable.
WARNING: C:\Users\Admin\.gradle\caches\9.5.0\transforms\3bc3e8b59ac242766612a83882366de8\transformed\common-9.9.10-runtime.jar: R8: Expected stack map table for method with non-linear control flow. In later version of R8, the method may be assumed not reachable.
WARNING: C:\Users\Admin\.gradle\caches\9.5.0\transforms\3bc3e8b59ac242766612a83882366de8\transformed\common-9.9.10-runtime.jar: R8: Expected stack map table for method with non-linear control flow. In later version of R8, the method may be assumed not reachable.
WARNING: C:\Users\Admin\.gradle\caches\9.5.0\transforms\3bc3e8b59ac242766612a83882366de8\transformed\common-9.9.10-runtime.jar: R8: Expected stack map table for method with non-linear control flow. In later version of R8, the method may be assumed not reachable.
WARNING: C:\Users\Admin\.gradle\caches\9.5.0\transforms\3bc3e8b59ac242766612a83882366de8\transformed\common-9.9.10-runtime.jar: R8: Expected stack map table for method with non-linear control flow. In later version of R8, the method may be assumed not reachable.
WARNING: C:\Users\Admin\.gradle\caches\9.5.0\transforms\3bc3e8b59ac242766612a83882366de8\transformed\common-9.9.10-runtime.jar: R8: Expected stack map table for method with non-linear control flow. In later version of R8, the method may be assumed not reachable.
WARNING: C:\Users\Admin\.gradle\caches\9.5.0\transforms\3bc3e8b59ac242766612a83882366de8\transformed\common-9.9.10-runtime.jar: R8: Expected stack map table for method with non-linear control flow. In later version of R8, the method may be assumed not reachable.
WARNING: C:\Users\Admin\.gradle\caches\9.5.0\transforms\3bc3e8b59ac242766612a83882366de8\transformed\common-9.9.10-runtime.jar: R8: Expected stack map table for method with non-linear control flow. In later version of R8, the method may be assumed not reachable.
WARNING: C:\Users\Admin\.gradle\caches\9.5.0\transforms\3bc3e8b59ac242766612a83882366de8\transformed\common-9.9.10-runtime.jar: R8: Expected stack map table for method with non-linear control flow. In later version of R8, the method may be assumed not reachable.
WARNING: C:\Users\Admin\.gradle\caches\9.5.0\transforms\3bc3e8b59ac242766612a83882366de8\transformed\common-9.9.10-runtime.jar: R8: Expected stack map table for method with non-linear control flow. In later version of R8, the method may be assumed not reachable.
WARNING: C:\Users\Admin\.gradle\caches\9.5.0\transforms\3bc3e8b59ac242766612a83882366de8\transformed\common-9.9.10-runtime.jar: R8: Expected stack map table for method with non-linear control flow. In later version of R8, the method may be assumed not reachable.
WARNING: C:\Users\Admin\.gradle\caches\9.5.0\transforms\3bc3e8b59ac242766612a83882366de8\transformed\common-9.9.10-runtime.jar: R8: Expected stack map table for method with non-linear control flow. In later version of R8, the method may be assumed not reachable.
WARNING: C:\Users\Admin\.gradle\caches\9.5.0\transforms\3bc3e8b59ac242766612a83882366de8\transformed\common-9.9.10-runtime.jar: R8: Expected stack map table for method with non-linear control flow. In later version of R8, the method may be assumed not reachable.
WARNING: C:\Users\Admin\.gradle\caches\9.5.0\transforms\3bc3e8b59ac242766612a83882366de8\transformed\common-9.9.10-runtime.jar: R8: Expected stack map table for method with non-linear control flow. In later version of R8, the method may be assumed not reachable.
WARNING: C:\Users\Admin\.gradle\caches\9.5.0\transforms\3bc3e8b59ac242766612a83882366de8\transformed\common-9.9.10-runtime.jar: R8: Expected stack map table for method with non-linear control flow. In later version of R8, the method may be assumed not reachable.
WARNING: C:\Users\Admin\.gradle\caches\9.5.0\transforms\3bc3e8b59ac242766612a83882366de8\transformed\common-9.9.10-runtime.jar: R8: Expected stack map table for method with non-linear control flow. In later version of R8, the method may be assumed not reachable.
WARNING: C:\Users\Admin\.gradle\caches\9.5.0\transforms\3bc3e8b59ac242766612a83882366de8\transformed\common-9.9.10-runtime.jar: R8: Expected stack map table for method with non-linear control flow. In later version of R8, the method may be assumed not reachable.
WARNING: C:\Users\Admin\.gradle\caches\9.5.0\transforms\3bc3e8b59ac242766612a83882366de8\transformed\common-9.9.10-runtime.jar: R8: Expected stack map table for method with non-linear control flow. In later version of R8, the method may be assumed not reachable.
WARNING: C:\Users\Admin\.gradle\caches\9.5.0\transforms\3bc3e8b59ac242766612a83882366de8\transformed\common-9.9.10-runtime.jar: R8: Expected stack map table for method with non-linear control flow. In later version of R8, the method may be assumed not reachable.
WARNING: C:\Users\Admin\.gradle\caches\9.5.0\transforms\3bc3e8b59ac242766612a83882366de8\transformed\common-9.9.10-runtime.jar: R8: Expected stack map table for method with non-linear control flow. In later version of R8, the method may be assumed not reachable.
WARNING: C:\Users\Admin\.gradle\caches\9.5.0\transforms\3bc3e8b59ac242766612a83882366de8\transformed\common-9.9.10-runtime.jar: R8: Expected stack map table for method with non-linear control flow. In later version of R8, the method may be assumed not reachable.
WARNING: C:\Users\Admin\.gradle\caches\9.5.0\transforms\3bc3e8b59ac242766612a83882366de8\transformed\common-9.9.10-runtime.jar: R8: Expected stack map table for method with non-linear control flow. In later version of R8, the method may be assumed not reachable.
WARNING: C:\Users\Admin\.gradle\caches\9.5.0\transforms\3bc3e8b59ac242766612a83882366de8\transformed\common-9.9.10-runtime.jar: R8: Expected stack map table for method with non-linear control flow. In later version of R8, the method may be assumed not reachable.
WARNING: C:\Users\Admin\.gradle\caches\9.5.0\transforms\3bc3e8b59ac242766612a83882366de8\transformed\common-9.9.10-runtime.jar: R8: Expected stack map table for method with non-linear control flow. In later version of R8, the method may be assumed not reachable.
WARNING: C:\Users\Admin\.gradle\caches\9.5.0\transforms\3bc3e8b59ac242766612a83882366de8\transformed\common-9.9.10-runtime.jar: R8: Expected stack map table for method with non-linear control flow. In later version of R8, the method may be assumed not reachable.
WARNING: C:\Users\Admin\.gradle\caches\9.5.0\transforms\3bc3e8b59ac242766612a83882366de8\transformed\common-9.9.10-runtime.jar: R8: Expected stack map table for method with non-linear control flow. In later version of R8, the method may be assumed not reachable.
WARNING: C:\Users\Admin\.gradle\caches\9.5.0\transforms\3bc3e8b59ac242766612a83882366de8\transformed\common-9.9.10-runtime.jar: R8: Expected stack map table for method with non-linear control flow. In later version of R8, the method may be assumed not reachable.
WARNING: C:\Users\Admin\.gradle\caches\9.5.0\transforms\3bc3e8b59ac242766612a83882366de8\transformed\common-9.9.10-runtime.jar: R8: Expected stack map table for method with non-linear control flow. In later version of R8, the method may be assumed not reachable.
WARNING: C:\Users\Admin\.gradle\caches\9.5.0\transforms\3bc3e8b59ac242766612a83882366de8\transformed\common-9.9.10-runtime.jar: R8: Expected stack map table for method with non-linear control flow. In later version of R8, the method may be assumed not reachable.
WARNING: C:\Users\Admin\.gradle\caches\9.5.0\transforms\3bc3e8b59ac242766612a83882366de8\transformed\common-9.9.10-runtime.jar: R8: Expected stack map table for method with non-linear control flow. In later version of R8, the method may be assumed not reachable.
WARNING: C:\Users\Admin\.gradle\caches\9.5.0\transforms\3bc3e8b59ac242766612a83882366de8\transformed\common-9.9.10-runtime.jar: R8: Expected stack map table for method with non-linear control flow. In later version of R8, the method may be assumed not reachable.
WARNING: C:\Users\Admin\.gradle\caches\9.5.0\transforms\3bc3e8b59ac242766612a83882366de8\transformed\common-9.9.10-runtime.jar: R8: Expected stack map table for method with non-linear control flow. In later version of R8, the method may be assumed not reachable.
WARNING: C:\Users\Admin\.gradle\caches\9.5.0\transforms\3bc3e8b59ac242766612a83882366de8\transformed\common-9.9.10-runtime.jar: R8: Expected stack map table for method with non-linear control flow. In later version of R8, the method may be assumed not reachable.
WARNING: C:\Users\Admin\.gradle\caches\9.5.0\transforms\3bc3e8b59ac242766612a83882366de8\transformed\common-9.9.10-runtime.jar: R8: Expected stack map table for method with non-linear control flow. In later version of R8, the method may be assumed not reachable.
WARNING: C:\Users\Admin\.gradle\caches\9.5.0\transforms\3bc3e8b59ac242766612a83882366de8\transformed\common-9.9.10-runtime.jar: R8: Expected stack map table for method with non-linear control flow. In later version of R8, the method may be assumed not reachable.
WARNING: C:\Users\Admin\.gradle\caches\9.5.0\transforms\3bc3e8b59ac242766612a83882366de8\transformed\common-9.9.10-runtime.jar: R8: Expected stack map table for method with non-linear control flow. In later version of R8, the method may be assumed not reachable.
WARNING: C:\Users\Admin\.gradle\caches\9.5.0\transforms\3bc3e8b59ac242766612a83882366de8\transformed\common-9.9.10-runtime.jar: R8: Expected stack map table for method with non-linear control flow. In later version of R8, the method may be assumed not reachable.
WARNING: C:\Users\Admin\.gradle\caches\9.5.0\transforms\3bc3e8b59ac242766612a83882366de8\transformed\common-9.9.10-runtime.jar: R8: Expected stack map table for method with non-linear control flow. In later version of R8, the method may be assumed not reachable.
WARNING: C:\Users\Admin\.gradle\caches\9.5.0\transforms\3bc3e8b59ac242766612a83882366de8\transformed\common-9.9.10-runtime.jar: R8: Expected stack map table for method with non-linear control flow. In later version of R8, the method may be assumed not reachable.
WARNING: C:\Users\Admin\.gradle\caches\9.5.0\transforms\3bc3e8b59ac242766612a83882366de8\transformed\common-9.9.10-runtime.jar: R8: Expected stack map table for method with non-linear control flow. In later version of R8, the method may be assumed not reachable.
WARNING: C:\Users\Admin\.gradle\caches\9.5.0\transforms\3bc3e8b59ac242766612a83882366de8\transformed\common-9.9.10-runtime.jar: R8: Expected stack map table for method with non-linear control flow. In later version of R8, the method may be assumed not reachable.
WARNING: C:\Users\Admin\.gradle\caches\9.5.0\transforms\3bc3e8b59ac242766612a83882366de8\transformed\common-9.9.10-runtime.jar: R8: Expected stack map table for method with non-linear control flow. In later version of R8, the method may be assumed not reachable.
WARNING: C:\Users\Admin\.gradle\caches\9.5.0\transforms\3bc3e8b59ac242766612a83882366de8\transformed\common-9.9.10-runtime.jar: R8: Expected stack map table for method with non-linear control flow. In later version of R8, the method may be assumed not reachable.
WARNING: C:\Users\Admin\.gradle\caches\9.5.0\transforms\3bc3e8b59ac242766612a83882366de8\transformed\common-9.9.10-runtime.jar: R8: Expected stack map table for method with non-linear control flow. In later version of R8, the method may be assumed not reachable.
WARNING: C:\Users\Admin\.gradle\caches\9.5.0\transforms\3bc3e8b59ac242766612a83882366de8\transformed\common-9.9.10-runtime.jar: R8: Expected stack map table for method with non-linear control flow. In later version of R8, the method may be assumed not reachable.
WARNING: C:\Users\Admin\.gradle\caches\9.5.0\transforms\3bc3e8b59ac242766612a83882366de8\transformed\common-9.9.10-runtime.jar: R8: Expected stack map table for method with non-linear control flow. In later version of R8, the method may be assumed not reachable.
WARNING: C:\Users\Admin\.gradle\caches\9.5.0\transforms\3bc3e8b59ac242766612a83882366de8\transformed\common-9.9.10-runtime.jar: R8: Expected stack map table for method with non-linear control flow. In later version of R8, the method may be assumed not reachable.
WARNING: C:\Users\Admin\.gradle\caches\9.5.0\transforms\3bc3e8b59ac242766612a83882366de8\transformed\common-9.9.10-runtime.jar: R8: Expected stack map table for method with non-linear control flow. In later version of R8, the method may be assumed not reachable.
WARNING: C:\Users\Admin\.gradle\caches\9.5.0\transforms\3bc3e8b59ac242766612a83882366de8\transformed\common-9.9.10-runtime.jar: R8: Expected stack map table for method with non-linear control flow. In later version of R8, the method may be assumed not reachable.
WARNING: C:\Users\Admin\.gradle\caches\9.5.0\transforms\3bc3e8b59ac242766612a83882366de8\transformed\common-9.9.10-runtime.jar: R8: Expected stack map table for method with non-linear control flow. In later version of R8, the method may be assumed not reachable.
WARNING: C:\Users\Admin\.gradle\caches\9.5.0\transforms\3bc3e8b59ac242766612a83882366de8\transformed\common-9.9.10-runtime.jar: R8: Expected stack map table for method with non-linear control flow. In later version of R8, the method may be assumed not reachable.
WARNING: C:\Users\Admin\.gradle\caches\9.5.0\transforms\3bc3e8b59ac242766612a83882366de8\transformed\common-9.9.10-runtime.jar: R8: Expected stack map table for method with non-linear control flow. In later version of R8, the method may be assumed not reachable.
WARNING: C:\Users\Admin\.gradle\caches\9.5.0\transforms\3bc3e8b59ac242766612a83882366de8\transformed\common-9.9.10-runtime.jar: R8: Expected stack map table for method with non-linear control flow. In later version of R8, the method may be assumed not reachable.
WARNING: C:\Users\Admin\.gradle\caches\9.5.0\transforms\3bc3e8b59ac242766612a83882366de8\transformed\common-9.9.10-runtime.jar: R8: Expected stack map table for method with non-linear control flow. In later version of R8, the method may be assumed not reachable.
WARNING: C:\Users\Admin\.gradle\caches\9.5.0\transforms\3bc3e8b59ac242766612a83882366de8\transformed\common-9.9.10-runtime.jar: R8: Expected stack map table for method with non-linear control flow. In later version of R8, the method may be assumed not reachable.
WARNING: C:\Users\Admin\.gradle\caches\9.5.0\transforms\3bc3e8b59ac242766612a83882366de8\transformed\common-9.9.10-runtime.jar: R8: Expected stack map table for method with non-linear control flow. In later version of R8, the method may be assumed not reachable.
WARNING: C:\Users\Admin\.gradle\caches\9.5.0\transforms\3bc3e8b59ac242766612a83882366de8\transformed\common-9.9.10-runtime.jar: R8: Expected stack map table for method with non-linear control flow. In later version of R8, the method may be assumed not reachable.
WARNING: C:\Users\Admin\.gradle\caches\9.5.0\transforms\3bc3e8b59ac242766612a83882366de8\transformed\common-9.9.10-runtime.jar: R8: Expected stack map table for method with non-linear control flow. In later version of R8, the method may be assumed not reachable.
WARNING: C:\Users\Admin\.gradle\caches\9.5.0\transforms\3bc3e8b59ac242766612a83882366de8\transformed\common-9.9.10-runtime.jar: R8: Expected stack map table for method with non-linear control flow. In later version of R8, the method may be assumed not reachable.
WARNING: C:\Users\Admin\.gradle\caches\9.5.0\transforms\3bc3e8b59ac242766612a83882366de8\transformed\common-9.9.10-runtime.jar: R8: Expected stack map table for method with non-linear control flow. In later version of R8, the method may be assumed not reachable.
WARNING: C:\Users\Admin\.gradle\caches\9.5.0\transforms\3bc3e8b59ac242766612a83882366de8\transformed\common-9.9.10-runtime.jar: R8: Expected stack map table for method with non-linear control flow. In later version of R8, the method may be assumed not reachable.
WARNING: C:\Users\Admin\.gradle\caches\9.5.0\transforms\3bc3e8b59ac242766612a83882366de8\transformed\common-9.9.10-runtime.jar: R8: Expected stack map table for method with non-linear control flow. In later version of R8, the method may be assumed not reachable.
WARNING: C:\Users\Admin\.gradle\caches\9.5.0\transforms\3bc3e8b59ac242766612a83882366de8\transformed\common-9.9.10-runtime.jar: R8: Expected stack map table for method with non-linear control flow. In later version of R8, the method may be assumed not reachable.
WARNING: C:\Users\Admin\.gradle\caches\9.5.0\transforms\3bc3e8b59ac242766612a83882366de8\transformed\common-9.9.10-runtime.jar: R8: Expected stack map table for method with non-linear control flow. In later version of R8, the method may be assumed not reachable.
WARNING: C:\Users\Admin\.gradle\caches\9.5.0\transforms\3bc3e8b59ac242766612a83882366de8\transformed\common-9.9.10-runtime.jar: R8: Expected stack map table for method with non-linear control flow. In later version of R8, the method may be assumed not reachable.
WARNING: C:\Users\Admin\.gradle\caches\9.5.0\transforms\3bc3e8b59ac242766612a83882366de8\transformed\common-9.9.10-runtime.jar: R8: Expected stack map table for method with non-linear control flow. In later version of R8, the method may be assumed not reachable.
WARNING: C:\Users\Admin\.gradle\caches\9.5.0\transforms\3bc3e8b59ac242766612a83882366de8\transformed\common-9.9.10-runtime.jar: R8: Expected stack map table for method with non-linear control flow. In later version of R8, the method may be assumed not reachable.
WARNING: C:\Users\Admin\.gradle\caches\9.5.0\transforms\3bc3e8b59ac242766612a83882366de8\transformed\common-9.9.10-runtime.jar: R8: Expected stack map table for method with non-linear control flow. In later version of R8, the method may be assumed not reachable.
WARNING: C:\Users\Admin\.gradle\caches\9.5.0\transforms\3bc3e8b59ac242766612a83882366de8\transformed\common-9.9.10-runtime.jar: R8: Expected stack map table for method with non-linear control flow. In later version of R8, the method may be assumed not reachable.
WARNING: C:\Users\Admin\.gradle\caches\9.5.0\transforms\3bc3e8b59ac242766612a83882366de8\transformed\common-9.9.10-runtime.jar: R8: Expected stack map table for method with non-linear control flow. In later version of R8, the method may be assumed not reachable.
WARNING: C:\Users\Admin\.gradle\caches\9.5.0\transforms\3bc3e8b59ac242766612a83882366de8\transformed\common-9.9.10-runtime.jar: R8: Expected stack map table for method with non-linear control flow. In later version of R8, the method may be assumed not reachable.
WARNING: C:\Users\Admin\.gradle\caches\9.5.0\transforms\3bc3e8b59ac242766612a83882366de8\transformed\common-9.9.10-runtime.jar: R8: Expected stack map table for method with non-linear control flow. In later version of R8, the method may be assumed not reachable.
WARNING: C:\Users\Admin\.gradle\caches\9.5.0\transforms\3bc3e8b59ac242766612a83882366de8\transformed\common-9.9.10-runtime.jar: R8: Expected stack map table for method with non-linear control flow. In later version of R8, the method may be assumed not reachable.
WARNING: C:\Users\Admin\.gradle\caches\9.5.0\transforms\3bc3e8b59ac242766612a83882366de8\transformed\common-9.9.10-runtime.jar: R8: Expected stack map table for method with non-linear control flow. In later version of R8, the method may be assumed not reachable.
WARNING: C:\Users\Admin\.gradle\caches\9.5.0\transforms\3bc3e8b59ac242766612a83882366de8\transformed\common-9.9.10-runtime.jar: R8: Expected stack map table for method with non-linear control flow. In later version of R8, the method may be assumed not reachable.
WARNING: C:\Users\Admin\.gradle\caches\9.5.0\transforms\3bc3e8b59ac242766612a83882366de8\transformed\common-9.9.10-runtime.jar: R8: Expected stack map table for method with non-linear control flow. In later version of R8, the method may be assumed not reachable.
WARNING: C:\Users\Admin\.gradle\caches\9.5.0\transforms\3bc3e8b59ac242766612a83882366de8\transformed\common-9.9.10-runtime.jar: R8: Expected stack map table for method with non-linear control flow. In later version of R8, the method may be assumed not reachable.
WARNING: C:\Users\Admin\.gradle\caches\9.5.0\transforms\3bc3e8b59ac242766612a83882366de8\transformed\common-9.9.10-runtime.jar: R8: Expected stack map table for method with non-linear control flow. In later version of R8, the method may be assumed not reachable.
WARNING: C:\Users\Admin\.gradle\caches\9.5.0\transforms\3bc3e8b59ac242766612a83882366de8\transformed\common-9.9.10-runtime.jar: R8: Expected stack map table for method with non-linear control flow. In later version of R8, the method may be assumed not reachable.
WARNING: C:\Users\Admin\.gradle\caches\9.5.0\transforms\3bc3e8b59ac242766612a83882366de8\transformed\common-9.9.10-runtime.jar: R8: Expected stack map table for method with non-linear control flow. In later version of R8, the method may be assumed not reachable.
WARNING: C:\Users\Admin\.gradle\caches\9.5.0\transforms\3bc3e8b59ac242766612a83882366de8\transformed\common-9.9.10-runtime.jar: R8: Expected stack map table for method with non-linear control flow. In later version of R8, the method may be assumed not reachable.
WARNING: C:\Users\Admin\.gradle\caches\9.5.0\transforms\3bc3e8b59ac242766612a83882366de8\transformed\common-9.9.10-runtime.jar: R8: Expected stack map table for method with non-linear control flow. In later version of R8, the method may be assumed not reachable.
WARNING: C:\Users\Admin\.gradle\caches\9.5.0\transforms\3bc3e8b59ac242766612a83882366de8\transformed\common-9.9.10-runtime.jar: R8: Expected stack map table for method with non-linear control flow. In later version of R8, the method may be assumed not reachable.
WARNING: C:\Users\Admin\.gradle\caches\9.5.0\transforms\3bc3e8b59ac242766612a83882366de8\transformed\common-9.9.10-runtime.jar: R8: Expected stack map table for method with non-linear control flow. In later version of R8, the method may be assumed not reachable.
WARNING: C:\Users\Admin\.gradle\caches\9.5.0\transforms\3bc3e8b59ac242766612a83882366de8\transformed\common-9.9.10-runtime.jar: R8: Expected stack map table for method with non-linear control flow. In later version of R8, the method may be assumed not reachable.
WARNING: C:\Users\Admin\.gradle\caches\9.5.0\transforms\3bc3e8b59ac242766612a83882366de8\transformed\common-9.9.10-runtime.jar: R8: Expected stack map table for method with non-linear control flow. In later version of R8, the method may be assumed not reachable.
WARNING: C:\Users\Admin\.gradle\caches\9.5.0\transforms\3bc3e8b59ac242766612a83882366de8\transformed\common-9.9.10-runtime.jar: R8: Expected stack map table for method with non-linear control flow. In later version of R8, the method may be assumed not reachable.
WARNING: C:\Users\Admin\.gradle\caches\9.5.0\transforms\3bc3e8b59ac242766612a83882366de8\transformed\common-9.9.10-runtime.jar: R8: Expected stack map table for method with non-linear control flow. In later version of R8, the method may be assumed not reachable.
WARNING: C:\Users\Admin\.gradle\caches\9.5.0\transforms\3bc3e8b59ac242766612a83882366de8\transformed\common-9.9.10-runtime.jar: R8: Expected stack map table for method with non-linear control flow. In later version of R8, the method may be assumed not reachable.
WARNING: C:\Users\Admin\.gradle\caches\9.5.0\transforms\3bc3e8b59ac242766612a83882366de8\transformed\common-9.9.10-runtime.jar: R8: Expected stack map table for method with non-linear control flow. In later version of R8, the method may be assumed not reachable.
WARNING: C:\Users\Admin\.gradle\caches\9.5.0\transforms\3bc3e8b59ac242766612a83882366de8\transformed\common-9.9.10-runtime.jar: R8: Expected stack map table for method with non-linear control flow. In later version of R8, the method may be assumed not reachable.
WARNING: C:\Users\Admin\.gradle\caches\9.5.0\transforms\3bc3e8b59ac242766612a83882366de8\transformed\common-9.9.10-runtime.jar: R8: Expected stack map table for method with non-linear control flow. In later version of R8, the method may be assumed not reachable.
WARNING: C:\Users\Admin\.gradle\caches\9.5.0\transforms\3bc3e8b59ac242766612a83882366de8\transformed\common-9.9.10-runtime.jar: R8: Expected stack map table for method with non-linear control flow. In later version of R8, the method may be assumed not reachable.
WARNING: C:\Users\Admin\.gradle\caches\9.5.0\transforms\3bc3e8b59ac242766612a83882366de8\transformed\common-9.9.10-runtime.jar: R8: Expected stack map table for method with non-linear control flow. In later version of R8, the method may be assumed not reachable.
WARNING: C:\Users\Admin\.gradle\caches\9.5.0\transforms\3bc3e8b59ac242766612a83882366de8\transformed\common-9.9.10-runtime.jar: R8: Expected stack map table for method with non-linear control flow. In later version of R8, the method may be assumed not reachable.
WARNING: C:\Users\Admin\.gradle\caches\9.5.0\transforms\3bc3e8b59ac242766612a83882366de8\transformed\common-9.9.10-runtime.jar: R8: Expected stack map table for method with non-linear control flow. In later version of R8, the method may be assumed not reachable.
WARNING: C:\Users\Admin\.gradle\caches\9.5.0\transforms\3bc3e8b59ac242766612a83882366de8\transformed\common-9.9.10-runtime.jar: R8: Expected stack map table for method with non-linear control flow. In later version of R8, the method may be assumed not reachable.
WARNING: C:\Users\Admin\.gradle\caches\9.5.0\transforms\3bc3e8b59ac242766612a83882366de8\transformed\common-9.9.10-runtime.jar: R8: Expected stack map table for method with non-linear control flow. In later version of R8, the method may be assumed not reachable.
WARNING: C:\Users\Admin\.gradle\caches\9.5.0\transforms\3bc3e8b59ac242766612a83882366de8\transformed\common-9.9.10-runtime.jar: R8: Expected stack map table for method with non-linear control flow. In later version of R8, the method may be assumed not reachable.
WARNING: C:\Users\Admin\.gradle\caches\9.5.0\transforms\3bc3e8b59ac242766612a83882366de8\transformed\common-9.9.10-runtime.jar: R8: Expected stack map table for method with non-linear control flow. In later version of R8, the method may be assumed not reachable.
WARNING: C:\Users\Admin\.gradle\caches\9.5.0\transforms\3bc3e8b59ac242766612a83882366de8\transformed\common-9.9.10-runtime.jar: R8: Expected stack map table for method with non-linear control flow. In later version of R8, the method may be assumed not reachable.
WARNING: C:\Users\Admin\.gradle\caches\9.5.0\transforms\3bc3e8b59ac242766612a83882366de8\transformed\common-9.9.10-runtime.jar: R8: Expected stack map table for method with non-linear control flow. In later version of R8, the method may be assumed not reachable.
WARNING: C:\Users\Admin\.gradle\caches\9.5.0\transforms\3bc3e8b59ac242766612a83882366de8\transformed\common-9.9.10-runtime.jar: R8: Expected stack map table for method with non-linear control flow. In later version of R8, the method may be assumed not reachable.
WARNING: C:\Users\Admin\.gradle\caches\9.5.0\transforms\3bc3e8b59ac242766612a83882366de8\transformed\common-9.9.10-runtime.jar: R8: Expected stack map table for method with non-linear control flow. In later version of R8, the method may be assumed not reachable.
WARNING: C:\Users\Admin\.gradle\caches\9.5.0\transforms\3bc3e8b59ac242766612a83882366de8\transformed\common-9.9.10-runtime.jar: R8: Expected stack map table for method with non-linear control flow. In later version of R8, the method may be assumed not reachable.
WARNING: C:\Users\Admin\.gradle\caches\9.5.0\transforms\3bc3e8b59ac242766612a83882366de8\transformed\common-9.9.10-runtime.jar: R8: Expected stack map table for method with non-linear control flow. In later version of R8, the method may be assumed not reachable.
WARNING: C:\Users\Admin\.gradle\caches\9.5.0\transforms\3bc3e8b59ac242766612a83882366de8\transformed\common-9.9.10-runtime.jar: R8: Expected stack map table for method with non-linear control flow. In later version of R8, the method may be assumed not reachable.
WARNING: C:\Users\Admin\.gradle\caches\9.5.0\transforms\3bc3e8b59ac242766612a83882366de8\transformed\common-9.9.10-runtime.jar: R8: Expected stack map table for method with non-linear control flow. In later version of R8, the method may be assumed not reachable.
WARNING: C:\Users\Admin\.gradle\caches\9.5.0\transforms\3bc3e8b59ac242766612a83882366de8\transformed\common-9.9.10-runtime.jar: R8: Expected stack map table for method with non-linear control flow. In later version of R8, the method may be assumed not reachable.
WARNING: C:\Users\Admin\.gradle\caches\9.5.0\transforms\3bc3e8b59ac242766612a83882366de8\transformed\common-9.9.10-runtime.jar: R8: Expected stack map table for method with non-linear control flow. In later version of R8, the method may be assumed not reachable.
WARNING: C:\Users\Admin\.gradle\caches\9.5.0\transforms\3bc3e8b59ac242766612a83882366de8\transformed\common-9.9.10-runtime.jar: R8: Expected stack map table for method with non-linear control flow. In later version of R8, the method may be assumed not reachable.
WARNING: C:\Users\Admin\.gradle\caches\9.5.0\transforms\3bc3e8b59ac242766612a83882366de8\transformed\common-9.9.10-runtime.jar: R8: Expected stack map table for method with non-linear control flow. In later version of R8, the method may be assumed not reachable.
WARNING: C:\Users\Admin\.gradle\caches\9.5.0\transforms\3bc3e8b59ac242766612a83882366de8\transformed\common-9.9.10-runtime.jar: R8: Expected stack map table for method with non-linear control flow. In later version of R8, the method may be assumed not reachable.
WARNING: C:\Users\Admin\.gradle\caches\9.5.0\transforms\3bc3e8b59ac242766612a83882366de8\transformed\common-9.9.10-runtime.jar: R8: Expected stack map table for method with non-linear control flow. In later version of R8, the method may be assumed not reachable.
WARNING: C:\Users\Admin\.gradle\caches\9.5.0\transforms\3bc3e8b59ac242766612a83882366de8\transformed\common-9.9.10-runtime.jar: R8: Expected stack map table for method with non-linear control flow. In later version of R8, the method may be assumed not reachable.
WARNING: C:\Users\Admin\.gradle\caches\9.5.0\transforms\3bc3e8b59ac242766612a83882366de8\transformed\common-9.9.10-runtime.jar: R8: Expected stack map table for method with non-linear control flow. In later version of R8, the method may be assumed not reachable.
WARNING: C:\Users\Admin\.gradle\caches\9.5.0\transforms\3bc3e8b59ac242766612a83882366de8\transformed\common-9.9.10-runtime.jar: R8: Expected stack map table for method with non-linear control flow. In later version of R8, the method may be assumed not reachable.
WARNING: C:\Users\Admin\.gradle\caches\9.5.0\transforms\3bc3e8b59ac242766612a83882366de8\transformed\common-9.9.10-runtime.jar: R8: Expected stack map table for method with non-linear control flow. In later version of R8, the method may be assumed not reachable.
WARNING: C:\Users\Admin\.gradle\caches\9.5.0\transforms\3bc3e8b59ac242766612a83882366de8\transformed\common-9.9.10-runtime.jar: R8: Expected stack map table for method with non-linear control flow. In later version of R8, the method may be assumed not reachable.
WARNING: C:\Users\Admin\.gradle\caches\9.5.0\transforms\3bc3e8b59ac242766612a83882366de8\transformed\common-9.9.10-runtime.jar: R8: Expected stack map table for method with non-linear control flow. In later version of R8, the method may be assumed not reachable.
WARNING: C:\Users\Admin\.gradle\caches\9.5.0\transforms\3bc3e8b59ac242766612a83882366de8\transformed\common-9.9.10-runtime.jar: R8: Expected stack map table for method with non-linear control flow. In later version of R8, the method may be assumed not reachable.
WARNING: C:\Users\Admin\.gradle\caches\9.5.0\transforms\3bc3e8b59ac242766612a83882366de8\transformed\common-9.9.10-runtime.jar: R8: Expected stack map table for method with non-linear control flow. In later version of R8, the method may be assumed not reachable.
WARNING: C:\Users\Admin\.gradle\caches\9.5.0\transforms\3bc3e8b59ac242766612a83882366de8\transformed\common-9.9.10-runtime.jar: R8: Expected stack map table for method with non-linear control flow. In later version of R8, the method may be assumed not reachable.
WARNING: C:\Users\Admin\.gradle\caches\9.5.0\transforms\3bc3e8b59ac242766612a83882366de8\transformed\common-9.9.10-runtime.jar: R8: Expected stack map table for method with non-linear control flow. In later version of R8, the method may be assumed not reachable.
WARNING: C:\Users\Admin\.gradle\caches\9.5.0\transforms\3bc3e8b59ac242766612a83882366de8\transformed\common-9.9.10-runtime.jar: R8: Expected stack map table for method with non-linear control flow. In later version of R8, the method may be assumed not reachable.
WARNING: C:\Users\Admin\.gradle\caches\9.5.0\transforms\3bc3e8b59ac242766612a83882366de8\transformed\common-9.9.10-runtime.jar: R8: Expected stack map table for method with non-linear control flow. In later version of R8, the method may be assumed not reachable.
WARNING: C:\Users\Admin\.gradle\caches\9.5.0\transforms\3bc3e8b59ac242766612a83882366de8\transformed\common-9.9.10-runtime.jar: R8: Expected stack map table for method with non-linear control flow. In later version of R8, the method may be assumed not reachable.
WARNING: C:\Users\Admin\.gradle\caches\9.5.0\transforms\3bc3e8b59ac242766612a83882366de8\transformed\common-9.9.10-runtime.jar: R8: Expected stack map table for method with non-linear control flow. In later version of R8, the method may be assumed not reachable.
WARNING: C:\Users\Admin\.gradle\caches\9.5.0\transforms\3bc3e8b59ac242766612a83882366de8\transformed\common-9.9.10-runtime.jar: R8: Expected stack map table for method with non-linear control flow. In later version of R8, the method may be assumed not reachable.
WARNING: C:\Users\Admin\.gradle\caches\9.5.0\transforms\3bc3e8b59ac242766612a83882366de8\transformed\common-9.9.10-runtime.jar: R8: Expected stack map table for method with non-linear control flow. In later version of R8, the method may be assumed not reachable.
WARNING: C:\Users\Admin\.gradle\caches\9.5.0\transforms\3bc3e8b59ac242766612a83882366de8\transformed\common-9.9.10-runtime.jar: R8: Expected stack map table for method with non-linear control flow. In later version of R8, the method may be assumed not reachable.
WARNING: C:\Users\Admin\.gradle\caches\9.5.0\transforms\3bc3e8b59ac242766612a83882366de8\transformed\common-9.9.10-runtime.jar: R8: Expected stack map table for method with non-linear control flow. In later version of R8, the method may be assumed not reachable.
WARNING: C:\Users\Admin\.gradle\caches\9.5.0\transforms\3bc3e8b59ac242766612a83882366de8\transformed\common-9.9.10-runtime.jar: R8: Expected stack map table for method with non-linear control flow. In later version of R8, the method may be assumed not reachable.
WARNING: C:\Users\Admin\.gradle\caches\9.5.0\transforms\3bc3e8b59ac242766612a83882366de8\transformed\common-9.9.10-runtime.jar: R8: Expected stack map table for method with non-linear control flow. In later version of R8, the method may be assumed not reachable.
WARNING: C:\Users\Admin\.gradle\caches\9.5.0\transforms\3bc3e8b59ac242766612a83882366de8\transformed\common-9.9.10-runtime.jar: R8: Expected stack map table for method with non-linear control flow. In later version of R8, the method may be assumed not reachable.
WARNING: C:\Users\Admin\.gradle\caches\9.5.0\transforms\3bc3e8b59ac242766612a83882366de8\transformed\common-9.9.10-runtime.jar: R8: Expected stack map table for method with non-linear control flow. In later version of R8, the method may be assumed not reachable.
WARNING: C:\Users\Admin\.gradle\caches\9.5.0\transforms\3bc3e8b59ac242766612a83882366de8\transformed\common-9.9.10-runtime.jar: R8: Expected stack map table for method with non-linear control flow. In later version of R8, the method may be assumed not reachable.
WARNING: C:\Users\Admin\.gradle\caches\9.5.0\transforms\3bc3e8b59ac242766612a83882366de8\transformed\common-9.9.10-runtime.jar: R8: Expected stack map table for method with non-linear control flow. In later version of R8, the method may be assumed not reachable.
WARNING: C:\Users\Admin\.gradle\caches\9.5.0\transforms\3bc3e8b59ac242766612a83882366de8\transformed\common-9.9.10-runtime.jar: R8: Expected stack map table for method with non-linear control flow. In later version of R8, the method may be assumed not reachable.
WARNING: C:\Users\Admin\.gradle\caches\9.5.0\transforms\3bc3e8b59ac242766612a83882366de8\transformed\common-9.9.10-runtime.jar: R8: Expected stack map table for method with non-linear control flow. In later version of R8, the method may be assumed not reachable.
WARNING: C:\Users\Admin\.gradle\caches\9.5.0\transforms\3bc3e8b59ac242766612a83882366de8\transformed\common-9.9.10-runtime.jar: R8: Expected stack map table for method with non-linear control flow. In later version of R8, the method may be assumed not reachable.
WARNING: C:\Users\Admin\.gradle\caches\9.5.0\transforms\3bc3e8b59ac242766612a83882366de8\transformed\common-9.9.10-runtime.jar: R8: Expected stack map table for method with non-linear control flow. In later version of R8, the method may be assumed not reachable.
WARNING: C:\Users\Admin\.gradle\caches\9.5.0\transforms\3bc3e8b59ac242766612a83882366de8\transformed\common-9.9.10-runtime.jar: R8: Expected stack map table for method with non-linear control flow. In later version of R8, the method may be assumed not reachable.
WARNING: C:\Users\Admin\.gradle\caches\9.5.0\transforms\3bc3e8b59ac242766612a83882366de8\transformed\common-9.9.10-runtime.jar: R8: Expected stack map table for method with non-linear control flow. In later version of R8, the method may be assumed not reachable.
WARNING: C:\Users\Admin\.gradle\caches\9.5.0\transforms\3bc3e8b59ac242766612a83882366de8\transformed\common-9.9.10-runtime.jar: R8: Expected stack map table for method with non-linear control flow. In later version of R8, the method may be assumed not reachable.
WARNING: C:\Users\Admin\.gradle\caches\9.5.0\transforms\3bc3e8b59ac242766612a83882366de8\transformed\common-9.9.10-runtime.jar: R8: Expected stack map table for method with non-linear control flow. In later version of R8, the method may be assumed not reachable.
WARNING: C:\Users\Admin\.gradle\caches\9.5.0\transforms\3bc3e8b59ac242766612a83882366de8\transformed\common-9.9.10-runtime.jar: R8: Expected stack map table for method with non-linear control flow. In later version of R8, the method may be assumed not reachable.
WARNING: C:\Users\Admin\.gradle\caches\9.5.0\transforms\3bc3e8b59ac242766612a83882366de8\transformed\common-9.9.10-runtime.jar: R8: Expected stack map table for method with non-linear control flow. In later version of R8, the method may be assumed not reachable.
WARNING: C:\Users\Admin\.gradle\caches\9.5.0\transforms\3bc3e8b59ac242766612a83882366de8\transformed\common-9.9.10-runtime.jar: R8: Expected stack map table for method with non-linear control flow. In later version of R8, the method may be assumed not reachable.
WARNING: C:\Users\Admin\.gradle\caches\9.5.0\transforms\3bc3e8b59ac242766612a83882366de8\transformed\common-9.9.10-runtime.jar: R8: Expected stack map table for method with non-linear control flow. In later version of R8, the method may be assumed not reachable.
WARNING: C:\Users\Admin\.gradle\caches\9.5.0\transforms\3bc3e8b59ac242766612a83882366de8\transformed\common-9.9.10-runtime.jar: R8: Expected stack map table for method with non-linear control flow. In later version of R8, the method may be assumed not reachable.
WARNING: C:\Users\Admin\.gradle\caches\9.5.0\transforms\3bc3e8b59ac242766612a83882366de8\transformed\common-9.9.10-runtime.jar: R8: Expected stack map table for method with non-linear control flow. In later version of R8, the method may be assumed not reachable.
WARNING: C:\Users\Admin\.gradle\caches\9.5.0\transforms\3bc3e8b59ac242766612a83882366de8\transformed\common-9.9.10-runtime.jar: R8: Expected stack map table for method with non-linear control flow. In later version of R8, the method may be assumed not reachable.
WARNING: C:\Users\Admin\.gradle\caches\9.5.0\transforms\3bc3e8b59ac242766612a83882366de8\transformed\common-9.9.10-runtime.jar: R8: Expected stack map table for method with non-linear control flow. In later version of R8, the method may be assumed not reachable.
WARNING: C:\Users\Admin\.gradle\caches\9.5.0\transforms\3bc3e8b59ac242766612a83882366de8\transformed\common-9.9.10-runtime.jar: R8: Expected stack map table for method with non-linear control flow. In later version of R8, the method may be assumed not reachable.
WARNING: C:\Users\Admin\.gradle\caches\9.5.0\transforms\3bc3e8b59ac242766612a83882366de8\transformed\common-9.9.10-runtime.jar: R8: Expected stack map table for method with non-linear control flow. In later version of R8, the method may be assumed not reachable.
WARNING: C:\Users\Admin\.gradle\caches\9.5.0\transforms\3bc3e8b59ac242766612a83882366de8\transformed\common-9.9.10-runtime.jar: R8: Expected stack map table for method with non-linear control flow. In later version of R8, the method may be assumed not reachable.
WARNING: C:\Users\Admin\.gradle\caches\9.5.0\transforms\3bc3e8b59ac242766612a83882366de8\transformed\common-9.9.10-runtime.jar: R8: Expected stack map table for method with non-linear control flow. In later version of R8, the method may be assumed not reachable.
WARNING: C:\Users\Admin\.gradle\caches\9.5.0\transforms\3bc3e8b59ac242766612a83882366de8\transformed\common-9.9.10-runtime.jar: R8: Expected stack map table for method with non-linear control flow. In later version of R8, the method may be assumed not reachable.
WARNING: C:\Users\Admin\.gradle\caches\9.5.0\transforms\3bc3e8b59ac242766612a83882366de8\transformed\common-9.9.10-runtime.jar: R8: Expected stack map table for method with non-linear control flow. In later version of R8, the method may be assumed not reachable.
WARNING: C:\Users\Admin\.gradle\caches\9.5.0\transforms\3bc3e8b59ac242766612a83882366de8\transformed\common-9.9.10-runtime.jar: R8: Expected stack map table for method with non-linear control flow. In later version of R8, the method may be assumed not reachable.
WARNING: C:\Users\Admin\.gradle\caches\9.5.0\transforms\3bc3e8b59ac242766612a83882366de8\transformed\common-9.9.10-runtime.jar: R8: Expected stack map table for method with non-linear control flow. In later version of R8, the method may be assumed not reachable.
WARNING: C:\Users\Admin\.gradle\caches\9.5.0\transforms\3bc3e8b59ac242766612a83882366de8\transformed\common-9.9.10-runtime.jar: R8: Expected stack map table for method with non-linear control flow. In later version of R8, the method may be assumed not reachable.
WARNING: C:\Users\Admin\.gradle\caches\9.5.0\transforms\3bc3e8b59ac242766612a83882366de8\transformed\common-9.9.10-runtime.jar: R8: Expected stack map table for method with non-linear control flow. In later version of R8, the method may be assumed not reachable.
WARNING: C:\Users\Admin\.gradle\caches\9.5.0\transforms\3bc3e8b59ac242766612a83882366de8\transformed\common-9.9.10-runtime.jar: R8: Expected stack map table for method with non-linear control flow. In later version of R8, the method may be assumed not reachable.
WARNING: C:\Users\Admin\.gradle\caches\9.5.0\transforms\3bc3e8b59ac242766612a83882366de8\transformed\common-9.9.10-runtime.jar: R8: Expected stack map table for method with non-linear control flow. In later version of R8, the method may be assumed not reachable.
WARNING: C:\Users\Admin\.gradle\caches\9.5.0\transforms\3bc3e8b59ac242766612a83882366de8\transformed\common-9.9.10-runtime.jar: R8: Expected stack map table for method with non-linear control flow. In later version of R8, the method may be assumed not reachable.
WARNING: C:\Users\Admin\.gradle\caches\9.5.0\transforms\3bc3e8b59ac242766612a83882366de8\transformed\common-9.9.10-runtime.jar: R8: Expected stack map table for method with non-linear control flow. In later version of R8, the method may be assumed not reachable.
WARNING: C:\Users\Admin\.gradle\caches\9.5.0\transforms\3bc3e8b59ac242766612a83882366de8\transformed\common-9.9.10-runtime.jar: R8: Expected stack map table for method with non-linear control flow. In later version of R8, the method may be assumed not reachable.
WARNING: C:\Users\Admin\.gradle\caches\9.5.0\transforms\3bc3e8b59ac242766612a83882366de8\transformed\common-9.9.10-runtime.jar: R8: Expected stack map table for method with non-linear control flow. In later version of R8, the method may be assumed not reachable.
WARNING: C:\Users\Admin\.gradle\caches\9.5.0\transforms\3bc3e8b59ac242766612a83882366de8\transformed\common-9.9.10-runtime.jar: R8: Expected stack map table for method with non-linear control flow. In later version of R8, the method may be assumed not reachable.
WARNING: C:\Users\Admin\.gradle\caches\9.5.0\transforms\3bc3e8b59ac242766612a83882366de8\transformed\common-9.9.10-runtime.jar: R8: Expected stack map table for method with non-linear control flow. In later version of R8, the method may be assumed not reachable.
WARNING: C:\Users\Admin\.gradle\caches\9.5.0\transforms\3bc3e8b59ac242766612a83882366de8\transformed\common-9.9.10-runtime.jar: R8: Expected stack map table for method with non-linear control flow. In later version of R8, the method may be assumed not reachable.
WARNING: C:\Users\Admin\.gradle\caches\9.5.0\transforms\3bc3e8b59ac242766612a83882366de8\transformed\common-9.9.10-runtime.jar: R8: Expected stack map table for method with non-linear control flow. In later version of R8, the method may be assumed not reachable.
WARNING: C:\Users\Admin\.gradle\caches\9.5.0\transforms\3bc3e8b59ac242766612a83882366de8\transformed\common-9.9.10-runtime.jar: R8: Expected stack map table for method with non-linear control flow. In later version of R8, the method may be assumed not reachable.
WARNING: C:\Users\Admin\.gradle\caches\9.5.0\transforms\3bc3e8b59ac242766612a83882366de8\transformed\common-9.9.10-runtime.jar: R8: Expected stack map table for method with non-linear control flow. In later version of R8, the method may be assumed not reachable.
WARNING: C:\Users\Admin\.gradle\caches\9.5.0\transforms\3bc3e8b59ac242766612a83882366de8\transformed\common-9.9.10-runtime.jar: R8: Expected stack map table for method with non-linear control flow. In later version of R8, the method may be assumed not reachable.
WARNING: C:\Users\Admin\.gradle\caches\9.5.0\transforms\3bc3e8b59ac242766612a83882366de8\transformed\common-9.9.10-runtime.jar: R8: Expected stack map table for method with non-linear control flow. In later version of R8, the method may be assumed not reachable.
WARNING: C:\Users\Admin\.gradle\caches\9.5.0\transforms\3bc3e8b59ac242766612a83882366de8\transformed\common-9.9.10-runtime.jar: R8: Expected stack map table for method with non-linear control flow. In later version of R8, the method may be assumed not reachable.
WARNING: C:\Users\Admin\.gradle\caches\9.5.0\transforms\3bc3e8b59ac242766612a83882366de8\transformed\common-9.9.10-runtime.jar: R8: Expected stack map table for method with non-linear control flow. In later version of R8, the method may be assumed not reachable.
WARNING: C:\Users\Admin\.gradle\caches\9.5.0\transforms\3bc3e8b59ac242766612a83882366de8\transformed\common-9.9.10-runtime.jar: R8: Expected stack map table for method with non-linear control flow. In later version of R8, the method may be assumed not reachable.
WARNING: C:\Users\Admin\.gradle\caches\9.5.0\transforms\3bc3e8b59ac242766612a83882366de8\transformed\common-9.9.10-runtime.jar: R8: Expected stack map table for method with non-linear control flow. In later version of R8, the method may be assumed not reachable.
WARNING: C:\Users\Admin\.gradle\caches\9.5.0\transforms\3bc3e8b59ac242766612a83882366de8\transformed\common-9.9.10-runtime.jar: R8: Expected stack map table for method with non-linear control flow. In later version of R8, the method may be assumed not reachable.
WARNING: C:\Users\Admin\.gradle\caches\9.5.0\transforms\3bc3e8b59ac242766612a83882366de8\transformed\common-9.9.10-runtime.jar: R8: Expected stack map table for method with non-linear control flow. In later version of R8, the method may be assumed not reachable.
WARNING: C:\Users\Admin\.gradle\caches\9.5.0\transforms\3bc3e8b59ac242766612a83882366de8\transformed\common-9.9.10-runtime.jar: R8: Expected stack map table for method with non-linear control flow. In later version of R8, the method may be assumed not reachable.
WARNING: C:\Users\Admin\.gradle\caches\9.5.0\transforms\3bc3e8b59ac242766612a83882366de8\transformed\common-9.9.10-runtime.jar: R8: Expected stack map table for method with non-linear control flow. In later version of R8, the method may be assumed not reachable.
WARNING: C:\Users\Admin\.gradle\caches\9.5.0\transforms\3bc3e8b59ac242766612a83882366de8\transformed\common-9.9.10-runtime.jar: R8: Expected stack map table for method with non-linear control flow. In later version of R8, the method may be assumed not reachable.
WARNING: C:\Users\Admin\.gradle\caches\9.5.0\transforms\3bc3e8b59ac242766612a83882366de8\transformed\common-9.9.10-runtime.jar: R8: Expected stack map table for method with non-linear control flow. In later version of R8, the method may be assumed not reachable.
WARNING: C:\Users\Admin\.gradle\caches\9.5.0\transforms\3bc3e8b59ac242766612a83882366de8\transformed\common-9.9.10-runtime.jar: R8: Expected stack map table for method with non-linear control flow. In later version of R8, the method may be assumed not reachable.
WARNING: C:\Users\Admin\.gradle\caches\9.5.0\transforms\3bc3e8b59ac242766612a83882366de8\transformed\common-9.9.10-runtime.jar: R8: Expected stack map table for method with non-linear control flow. In later version of R8, the method may be assumed not reachable.
WARNING: C:\Users\Admin\.gradle\caches\9.5.0\transforms\3bc3e8b59ac242766612a83882366de8\transformed\common-9.9.10-runtime.jar: R8: Expected stack map table for method with non-linear control flow. In later version of R8, the method may be assumed not reachable.
WARNING: C:\Users\Admin\.gradle\caches\9.5.0\transforms\3bc3e8b59ac242766612a83882366de8\transformed\common-9.9.10-runtime.jar: R8: Expected stack map table for method with non-linear control flow. In later version of R8, the method may be assumed not reachable.
WARNING: C:\Users\Admin\.gradle\caches\9.5.0\transforms\3bc3e8b59ac242766612a83882366de8\transformed\common-9.9.10-runtime.jar: R8: Expected stack map table for method with non-linear control flow. In later version of R8, the method may be assumed not reachable.
WARNING: C:\Users\Admin\.gradle\caches\9.5.0\transforms\3bc3e8b59ac242766612a83882366de8\transformed\common-9.9.10-runtime.jar: R8: Expected stack map table for method with non-linear control flow. In later version of R8, the method may be assumed not reachable.
WARNING: C:\Users\Admin\.gradle\caches\9.5.0\transforms\3bc3e8b59ac242766612a83882366de8\transformed\common-9.9.10-runtime.jar: R8: Expected stack map table for method with non-linear control flow. In later version of R8, the method may be assumed not reachable.
WARNING: C:\Users\Admin\.gradle\caches\9.5.0\transforms\3bc3e8b59ac242766612a83882366de8\transformed\common-9.9.10-runtime.jar: R8: Expected stack map table for method with non-linear control flow. In later version of R8, the method may be assumed not reachable.
WARNING: C:\Users\Admin\.gradle\caches\9.5.0\transforms\3bc3e8b59ac242766612a83882366de8\transformed\common-9.9.10-runtime.jar: R8: Expected stack map table for method with non-linear control flow. In later version of R8, the method may be assumed not reachable.
WARNING: C:\Users\Admin\.gradle\caches\9.5.0\transforms\3bc3e8b59ac242766612a83882366de8\transformed\common-9.9.10-runtime.jar: R8: Expected stack map table for method with non-linear control flow. In later version of R8, the method may be assumed not reachable.
WARNING: C:\Users\Admin\.gradle\caches\9.5.0\transforms\3bc3e8b59ac242766612a83882366de8\transformed\common-9.9.10-runtime.jar: R8: Expected stack map table for method with non-linear control flow. In later version of R8, the method may be assumed not reachable.
WARNING: C:\Users\Admin\.gradle\caches\9.5.0\transforms\3bc3e8b59ac242766612a83882366de8\transformed\common-9.9.10-runtime.jar: R8: Expected stack map table for method with non-linear control flow. In later version of R8, the method may be assumed not reachable.
WARNING: C:\Users\Admin\.gradle\caches\9.5.0\transforms\3bc3e8b59ac242766612a83882366de8\transformed\common-9.9.10-runtime.jar: R8: Expected stack map table for method with non-linear control flow. In later version of R8, the method may be assumed not reachable.
WARNING: C:\Users\Admin\.gradle\caches\9.5.0\transforms\3bc3e8b59ac242766612a83882366de8\transformed\common-9.9.10-runtime.jar: R8: Expected stack map table for method with non-linear control flow. In later version of R8, the method may be assumed not reachable.
WARNING: C:\Users\Admin\.gradle\caches\9.5.0\transforms\3bc3e8b59ac242766612a83882366de8\transformed\common-9.9.10-runtime.jar: R8: Expected stack map table for method with non-linear control flow. In later version of R8, the method may be assumed not reachable.
WARNING: C:\Users\Admin\.gradle\caches\9.5.0\transforms\3bc3e8b59ac242766612a83882366de8\transformed\common-9.9.10-runtime.jar: R8: Expected stack map table for method with non-linear control flow. In later version of R8, the method may be assumed not reachable.
WARNING: C:\Users\Admin\.gradle\caches\9.5.0\transforms\3bc3e8b59ac242766612a83882366de8\transformed\common-9.9.10-runtime.jar: R8: Expected stack map table for method with non-linear control flow. In later version of R8, the method may be assumed not reachable.
WARNING: C:\Users\Admin\.gradle\caches\9.5.0\transforms\3bc3e8b59ac242766612a83882366de8\transformed\common-9.9.10-runtime.jar: R8: Expected stack map table for method with non-linear control flow. In later version of R8, the method may be assumed not reachable.
WARNING: C:\Users\Admin\.gradle\caches\9.5.0\transforms\3bc3e8b59ac242766612a83882366de8\transformed\common-9.9.10-runtime.jar: R8: Expected stack map table for method with non-linear control flow. In later version of R8, the method may be assumed not reachable.
WARNING: C:\Users\Admin\.gradle\caches\9.5.0\transforms\3bc3e8b59ac242766612a83882366de8\transformed\common-9.9.10-runtime.jar: R8: Expected stack map table for method with non-linear control flow. In later version of R8, the method may be assumed not reachable.
WARNING: C:\Users\Admin\.gradle\caches\9.5.0\transforms\3bc3e8b59ac242766612a83882366de8\transformed\common-9.9.10-runtime.jar: R8: Expected stack map table for method with non-linear control flow. In later version of R8, the method may be assumed not reachable.
WARNING: C:\Users\Admin\.gradle\caches\9.5.0\transforms\3bc3e8b59ac242766612a83882366de8\transformed\common-9.9.10-runtime.jar: R8: Expected stack map table for method with non-linear control flow. In later version of R8, the method may be assumed not reachable.
WARNING: C:\Users\Admin\.gradle\caches\9.5.0\transforms\3bc3e8b59ac242766612a83882366de8\transformed\common-9.9.10-runtime.jar: R8: Expected stack map table for method with non-linear control flow. In later version of R8, the method may be assumed not reachable.
WARNING: C:\Users\Admin\.gradle\caches\9.5.0\transforms\3bc3e8b59ac242766612a83882366de8\transformed\common-9.9.10-runtime.jar: R8: Expected stack map table for method with non-linear control flow. In later version of R8, the method may be assumed not reachable.
WARNING: C:\Users\Admin\.gradle\caches\9.5.0\transforms\3bc3e8b59ac242766612a83882366de8\transformed\common-9.9.10-runtime.jar: R8: Expected stack map table for method with non-linear control flow. In later version of R8, the method may be assumed not reachable.
WARNING: C:\Users\Admin\.gradle\caches\9.5.0\transforms\3bc3e8b59ac242766612a83882366de8\transformed\common-9.9.10-runtime.jar: R8: Expected stack map table for method with non-linear control flow. In later version of R8, the method may be assumed not reachable.
WARNING: C:\Users\Admin\.gradle\caches\9.5.0\transforms\3bc3e8b59ac242766612a83882366de8\transformed\common-9.9.10-runtime.jar: R8: Expected stack map table for method with non-linear control flow. In later version of R8, the method may be assumed not reachable.
WARNING: C:\Users\Admin\.gradle\caches\9.5.0\transforms\3bc3e8b59ac242766612a83882366de8\transformed\common-9.9.10-runtime.jar: R8: Expected stack map table for method with non-linear control flow. In later version of R8, the method may be assumed not reachable.
WARNING: C:\Users\Admin\.gradle\caches\9.5.0\transforms\3bc3e8b59ac242766612a83882366de8\transformed\common-9.9.10-runtime.jar: R8: Expected stack map table for method with non-linear control flow. In later version of R8, the method may be assumed not reachable.
WARNING: C:\Users\Admin\.gradle\caches\9.5.0\transforms\3bc3e8b59ac242766612a83882366de8\transformed\common-9.9.10-runtime.jar: R8: Expected stack map table for method with non-linear control flow. In later version of R8, the method may be assumed not reachable.
WARNING: C:\Users\Admin\.gradle\caches\9.5.0\transforms\3bc3e8b59ac242766612a83882366de8\transformed\common-9.9.10-runtime.jar: R8: Expected stack map table for method with non-linear control flow. In later version of R8, the method may be assumed not reachable.
WARNING: C:\Users\Admin\.gradle\caches\9.5.0\transforms\3bc3e8b59ac242766612a83882366de8\transformed\common-9.9.10-runtime.jar: R8: Expected stack map table for method with non-linear control flow. In later version of R8, the method may be assumed not reachable.
WARNING: C:\Users\Admin\.gradle\caches\9.5.0\transforms\3bc3e8b59ac242766612a83882366de8\transformed\common-9.9.10-runtime.jar: R8: Expected stack map table for method with non-linear control flow. In later version of R8, the method may be assumed not reachable.
WARNING: C:\Users\Admin\.gradle\caches\9.5.0\transforms\3bc3e8b59ac242766612a83882366de8\transformed\common-9.9.10-runtime.jar: R8: Expected stack map table for method with non-linear control flow. In later version of R8, the method may be assumed not reachable.
WARNING: C:\Users\Admin\.gradle\caches\9.5.0\transforms\3bc3e8b59ac242766612a83882366de8\transformed\common-9.9.10-runtime.jar: R8: Expected stack map table for method with non-linear control flow. In later version of R8, the method may be assumed not reachable.
WARNING: C:\Users\Admin\.gradle\caches\9.5.0\transforms\3bc3e8b59ac242766612a83882366de8\transformed\common-9.9.10-runtime.jar: R8: Expected stack map table for method with non-linear control flow. In later version of R8, the method may be assumed not reachable.
WARNING: C:\Users\Admin\.gradle\caches\9.5.0\transforms\3bc3e8b59ac242766612a83882366de8\transformed\common-9.9.10-runtime.jar: R8: Expected stack map table for method with non-linear control flow. In later version of R8, the method may be assumed not reachable.
WARNING: C:\Users\Admin\.gradle\caches\9.5.0\transforms\3bc3e8b59ac242766612a83882366de8\transformed\common-9.9.10-runtime.jar: R8: Expected stack map table for method with non-linear control flow. In later version of R8, the method may be assumed not reachable.
WARNING: C:\Users\Admin\.gradle\caches\9.5.0\transforms\3bc3e8b59ac242766612a83882366de8\transformed\common-9.9.10-runtime.jar: R8: Expected stack map table for method with non-linear control flow. In later version of R8, the method may be assumed not reachable.
WARNING: C:\Users\Admin\.gradle\caches\9.5.0\transforms\3bc3e8b59ac242766612a83882366de8\transformed\common-9.9.10-runtime.jar: R8: Expected stack map table for method with non-linear control flow. In later version of R8, the method may be assumed not reachable.
WARNING: C:\Users\Admin\.gradle\caches\9.5.0\transforms\3bc3e8b59ac242766612a83882366de8\transformed\common-9.9.10-runtime.jar: R8: Expected stack map table for method with non-linear control flow. In later version of R8, the method may be assumed not reachable.
WARNING: C:\Users\Admin\.gradle\caches\9.5.0\transforms\3bc3e8b59ac242766612a83882366de8\transformed\common-9.9.10-runtime.jar: R8: Expected stack map table for method with non-linear control flow. In later version of R8, the method may be assumed not reachable.
WARNING: C:\Users\Admin\.gradle\caches\9.5.0\transforms\3bc3e8b59ac242766612a83882366de8\transformed\common-9.9.10-runtime.jar: R8: Expected stack map table for method with non-linear control flow. In later version of R8, the method may be assumed not reachable.
WARNING: C:\Users\Admin\.gradle\caches\9.5.0\transforms\3bc3e8b59ac242766612a83882366de8\transformed\common-9.9.10-runtime.jar: R8: Expected stack map table for method with non-linear control flow. In later version of R8, the method may be assumed not reachable.
WARNING: C:\Users\Admin\.gradle\caches\9.5.0\transforms\3bc3e8b59ac242766612a83882366de8\transformed\common-9.9.10-runtime.jar: R8: Expected stack map table for method with non-linear control flow. In later version of R8, the method may be assumed not reachable.
WARNING: C:\Users\Admin\.gradle\caches\9.5.0\transforms\3bc3e8b59ac242766612a83882366de8\transformed\common-9.9.10-runtime.jar: R8: Expected stack map table for method with non-linear control flow. In later version of R8, the method may be assumed not reachable.
WARNING: C:\Users\Admin\.gradle\caches\9.5.0\transforms\3bc3e8b59ac242766612a83882366de8\transformed\common-9.9.10-runtime.jar: R8: Expected stack map table for method with non-linear control flow. In later version of R8, the method may be assumed not reachable.
WARNING: C:\Users\Admin\.gradle\caches\9.5.0\transforms\3bc3e8b59ac242766612a83882366de8\transformed\common-9.9.10-runtime.jar: R8: Expected stack map table for method with non-linear control flow. In later version of R8, the method may be assumed not reachable.
WARNING: C:\Users\Admin\.gradle\caches\9.5.0\transforms\3bc3e8b59ac242766612a83882366de8\transformed\common-9.9.10-runtime.jar: R8: Expected stack map table for method with non-linear control flow. In later version of R8, the method may be assumed not reachable.
WARNING: C:\Users\Admin\.gradle\caches\9.5.0\transforms\3bc3e8b59ac242766612a83882366de8\transformed\common-9.9.10-runtime.jar: R8: Expected stack map table for method with non-linear control flow. In later version of R8, the method may be assumed not reachable.
WARNING: C:\Users\Admin\.gradle\caches\9.5.0\transforms\3bc3e8b59ac242766612a83882366de8\transformed\common-9.9.10-runtime.jar: R8: Expected stack map table for method with non-linear control flow. In later version of R8, the method may be assumed not reachable.
WARNING: C:\Users\Admin\.gradle\caches\9.5.0\transforms\3bc3e8b59ac242766612a83882366de8\transformed\common-9.9.10-runtime.jar: R8: Expected stack map table for method with non-linear control flow. In later version of R8, the method may be assumed not reachable.
WARNING: C:\Users\Admin\.gradle\caches\9.5.0\transforms\3bc3e8b59ac242766612a83882366de8\transformed\common-9.9.10-runtime.jar: R8: Expected stack map table for method with non-linear control flow. In later version of R8, the method may be assumed not reachable.
WARNING: C:\Users\Admin\.gradle\caches\9.5.0\transforms\3bc3e8b59ac242766612a83882366de8\transformed\common-9.9.10-runtime.jar: R8: Expected stack map table for method with non-linear control flow. In later version of R8, the method may be assumed not reachable.
WARNING: C:\Users\Admin\.gradle\caches\9.5.0\transforms\3bc3e8b59ac242766612a83882366de8\transformed\common-9.9.10-runtime.jar: R8: Expected stack map table for method with non-linear control flow. In later version of R8, the method may be assumed not reachable.
WARNING: C:\Users\Admin\.gradle\caches\9.5.0\transforms\3bc3e8b59ac242766612a83882366de8\transformed\common-9.9.10-runtime.jar: R8: Expected stack map table for method with non-linear control flow. In later version of R8, the method may be assumed not reachable.
WARNING: C:\Users\Admin\.gradle\caches\9.5.0\transforms\3bc3e8b59ac242766612a83882366de8\transformed\common-9.9.10-runtime.jar: R8: Expected stack map table for method with non-linear control flow. In later version of R8, the method may be assumed not reachable.
WARNING: C:\Users\Admin\.gradle\caches\9.5.0\transforms\3bc3e8b59ac242766612a83882366de8\transformed\common-9.9.10-runtime.jar: R8: Expected stack map table for method with non-linear control flow. In later version of R8, the method may be assumed not reachable.
WARNING: C:\Users\Admin\.gradle\caches\9.5.0\transforms\3bc3e8b59ac242766612a83882366de8\transformed\common-9.9.10-runtime.jar: R8: Expected stack map table for method with non-linear control flow. In later version of R8, the method may be assumed not reachable.
WARNING: C:\Users\Admin\.gradle\caches\9.5.0\transforms\3bc3e8b59ac242766612a83882366de8\transformed\common-9.9.10-runtime.jar: R8: Expected stack map table for method with non-linear control flow. In later version of R8, the method may be assumed not reachable.
WARNING: C:\Users\Admin\.gradle\caches\9.5.0\transforms\3bc3e8b59ac242766612a83882366de8\transformed\common-9.9.10-runtime.jar: R8: Expected stack map table for method with non-linear control flow. In later version of R8, the method may be assumed not reachable.
WARNING: C:\Users\Admin\.gradle\caches\9.5.0\transforms\3bc3e8b59ac242766612a83882366de8\transformed\common-9.9.10-runtime.jar: R8: Expected stack map table for method with non-linear control flow. In later version of R8, the method may be assumed not reachable.
WARNING: C:\Users\Admin\.gradle\caches\9.5.0\transforms\3bc3e8b59ac242766612a83882366de8\transformed\common-9.9.10-runtime.jar: R8: Expected stack map table for method with non-linear control flow. In later version of R8, the method may be assumed not reachable.
WARNING: C:\Users\Admin\.gradle\caches\9.5.0\transforms\3bc3e8b59ac242766612a83882366de8\transformed\common-9.9.10-runtime.jar: R8: Expected stack map table for method with non-linear control flow. In later version of R8, the method may be assumed not reachable.
WARNING: C:\Users\Admin\.gradle\caches\9.5.0\transforms\3bc3e8b59ac242766612a83882366de8\transformed\common-9.9.10-runtime.jar: R8: Expected stack map table for method with non-linear control flow. In later version of R8, the method may be assumed not reachable.
WARNING: C:\Users\Admin\.gradle\caches\9.5.0\transforms\3bc3e8b59ac242766612a83882366de8\transformed\common-9.9.10-runtime.jar: R8: Expected stack map table for method with non-linear control flow. In later version of R8, the method may be assumed not reachable.
WARNING: C:\Users\Admin\.gradle\caches\9.5.0\transforms\3bc3e8b59ac242766612a83882366de8\transformed\common-9.9.10-runtime.jar: R8: Expected stack map table for method with non-linear control flow. In later version of R8, the method may be assumed not reachable.
WARNING: C:\Users\Admin\.gradle\caches\9.5.0\transforms\3bc3e8b59ac242766612a83882366de8\transformed\common-9.9.10-runtime.jar: R8: Expected stack map table for method with non-linear control flow. In later version of R8, the method may be assumed not reachable.
WARNING: C:\Users\Admin\.gradle\caches\9.5.0\transforms\3bc3e8b59ac242766612a83882366de8\transformed\common-9.9.10-runtime.jar: R8: Expected stack map table for method with non-linear control flow. In later version of R8, the method may be assumed not reachable.
WARNING: C:\Users\Admin\.gradle\caches\9.5.0\transforms\3bc3e8b59ac242766612a83882366de8\transformed\common-9.9.10-runtime.jar: R8: Expected stack map table for method with non-linear control flow. In later version of R8, the method may be assumed not reachable.
WARNING: C:\Users\Admin\.gradle\caches\9.5.0\transforms\3bc3e8b59ac242766612a83882366de8\transformed\common-9.9.10-runtime.jar: R8: Expected stack map table for method with non-linear control flow. In later version of R8, the method may be assumed not reachable.
WARNING: C:\Users\Admin\.gradle\caches\9.5.0\transforms\3bc3e8b59ac242766612a83882366de8\transformed\common-9.9.10-runtime.jar: R8: Expected stack map table for method with non-linear control flow. In later version of R8, the method may be assumed not reachable.
WARNING: C:\Users\Admin\.gradle\caches\9.5.0\transforms\3bc3e8b59ac242766612a83882366de8\transformed\common-9.9.10-runtime.jar: R8: Expected stack map table for method with non-linear control flow. In later version of R8, the method may be assumed not reachable.
WARNING: C:\Users\Admin\.gradle\caches\9.5.0\transforms\3bc3e8b59ac242766612a83882366de8\transformed\common-9.9.10-runtime.jar: R8: Expected stack map table for method with non-linear control flow. In later version of R8, the method may be assumed not reachable.
WARNING: C:\Users\Admin\.gradle\caches\9.5.0\transforms\3bc3e8b59ac242766612a83882366de8\transformed\common-9.9.10-runtime.jar: R8: Expected stack map table for method with non-linear control flow. In later version of R8, the method may be assumed not reachable.
WARNING: C:\Users\Admin\.gradle\caches\9.5.0\transforms\3bc3e8b59ac242766612a83882366de8\transformed\common-9.9.10-runtime.jar: R8: Expected stack map table for method with non-linear control flow. In later version of R8, the method may be assumed not reachable.
WARNING: C:\Users\Admin\.gradle\caches\9.5.0\transforms\3bc3e8b59ac242766612a83882366de8\transformed\common-9.9.10-runtime.jar: R8: Expected stack map table for method with non-linear control flow. In later version of R8, the method may be assumed not reachable.
WARNING: C:\Users\Admin\.gradle\caches\9.5.0\transforms\3bc3e8b59ac242766612a83882366de8\transformed\common-9.9.10-runtime.jar: R8: Expected stack map table for method with non-linear control flow. In later version of R8, the method may be assumed not reachable.
WARNING: C:\Users\Admin\.gradle\caches\9.5.0\transforms\3bc3e8b59ac242766612a83882366de8\transformed\common-9.9.10-runtime.jar: R8: Expected stack map table for method with non-linear control flow. In later version of R8, the method may be assumed not reachable.
WARNING: C:\Users\Admin\.gradle\caches\9.5.0\transforms\3bc3e8b59ac242766612a83882366de8\transformed\common-9.9.10-runtime.jar: R8: Expected stack map table for method with non-linear control flow. In later version of R8, the method may be assumed not reachable.
WARNING: C:\Users\Admin\.gradle\caches\9.5.0\transforms\3bc3e8b59ac242766612a83882366de8\transformed\common-9.9.10-runtime.jar: R8: Expected stack map table for method with non-linear control flow. In later version of R8, the method may be assumed not reachable.
WARNING: C:\Users\Admin\.gradle\caches\9.5.0\transforms\3bc3e8b59ac242766612a83882366de8\transformed\common-9.9.10-runtime.jar: R8: Expected stack map table for method with non-linear control flow. In later version of R8, the method may be assumed not reachable.
WARNING: C:\Users\Admin\.gradle\caches\9.5.0\transforms\3bc3e8b59ac242766612a83882366de8\transformed\common-9.9.10-runtime.jar: R8: Expected stack map table for method with non-linear control flow. In later version of R8, the method may be assumed not reachable.
WARNING: C:\Users\Admin\.gradle\caches\9.5.0\transforms\3bc3e8b59ac242766612a83882366de8\transformed\common-9.9.10-runtime.jar: R8: Expected stack map table for method with non-linear control flow. In later version of R8, the method may be assumed not reachable.
WARNING: C:\Users\Admin\.gradle\caches\9.5.0\transforms\3bc3e8b59ac242766612a83882366de8\transformed\common-9.9.10-runtime.jar: R8: Expected stack map table for method with non-linear control flow. In later version of R8, the method may be assumed not reachable.
WARNING: C:\Users\Admin\.gradle\caches\9.5.0\transforms\3bc3e8b59ac242766612a83882366de8\transformed\common-9.9.10-runtime.jar: R8: Expected stack map table for method with non-linear control flow. In later version of R8, the method may be assumed not reachable.
WARNING: C:\Users\Admin\.gradle\caches\9.5.0\transforms\3bc3e8b59ac242766612a83882366de8\transformed\common-9.9.10-runtime.jar: R8: Expected stack map table for method with non-linear control flow. In later version of R8, the method may be assumed not reachable.
WARNING: C:\Users\Admin\.gradle\caches\9.5.0\transforms\3bc3e8b59ac242766612a83882366de8\transformed\common-9.9.10-runtime.jar: R8: Expected stack map table for method with non-linear control flow. In later version of R8, the method may be assumed not reachable.
WARNING: C:\Users\Admin\.gradle\caches\9.5.0\transforms\3bc3e8b59ac242766612a83882366de8\transformed\common-9.9.10-runtime.jar: R8: Expected stack map table for method with non-linear control flow. In later version of R8, the method may be assumed not reachable.
WARNING: C:\Users\Admin\.gradle\caches\9.5.0\transforms\3bc3e8b59ac242766612a83882366de8\transformed\common-9.9.10-runtime.jar: R8: Expected stack map table for method with non-linear control flow. In later version of R8, the method may be assumed not reachable.
WARNING: C:\Users\Admin\.gradle\caches\9.5.0\transforms\3bc3e8b59ac242766612a83882366de8\transformed\common-9.9.10-runtime.jar: R8: Expected stack map table for method with non-linear control flow. In later version of R8, the method may be assumed not reachable.
WARNING: C:\Users\Admin\.gradle\caches\9.5.0\transforms\3bc3e8b59ac242766612a83882366de8\transformed\common-9.9.10-runtime.jar: R8: Expected stack map table for method with non-linear control flow. In later version of R8, the method may be assumed not reachable.
WARNING: C:\Users\Admin\.gradle\caches\9.5.0\transforms\3bc3e8b59ac242766612a83882366de8\transformed\common-9.9.10-runtime.jar: R8: Expected stack map table for method with non-linear control flow. In later version of R8, the method may be assumed not reachable.
WARNING: C:\Users\Admin\.gradle\caches\9.5.0\transforms\3bc3e8b59ac242766612a83882366de8\transformed\common-9.9.10-runtime.jar: R8: Expected stack map table for method with non-linear control flow. In later version of R8, the method may be assumed not reachable.
WARNING: C:\Users\Admin\.gradle\caches\9.5.0\transforms\3bc3e8b59ac242766612a83882366de8\transformed\common-9.9.10-runtime.jar: R8: Expected stack map table for method with non-linear control flow. In later version of R8, the method may be assumed not reachable.
WARNING: C:\Users\Admin\.gradle\caches\9.5.0\transforms\3bc3e8b59ac242766612a83882366de8\transformed\common-9.9.10-runtime.jar: R8: Expected stack map table for method with non-linear control flow. In later version of R8, the method may be assumed not reachable.
WARNING: C:\Users\Admin\.gradle\caches\9.5.0\transforms\3bc3e8b59ac242766612a83882366de8\transformed\common-9.9.10-runtime.jar: R8: Expected stack map table for method with non-linear control flow. In later version of R8, the method may be assumed not reachable.
WARNING: C:\Users\Admin\.gradle\caches\9.5.0\transforms\3bc3e8b59ac242766612a83882366de8\transformed\common-9.9.10-runtime.jar: R8: Expected stack map table for method with non-linear control flow. In later version of R8, the method may be assumed not reachable.
WARNING: C:\Users\Admin\.gradle\caches\9.5.0\transforms\3bc3e8b59ac242766612a83882366de8\transformed\common-9.9.10-runtime.jar: R8: Expected stack map table for method with non-linear control flow. In later version of R8, the method may be assumed not reachable.
WARNING: C:\Users\Admin\.gradle\caches\9.5.0\transforms\3bc3e8b59ac242766612a83882366de8\transformed\common-9.9.10-runtime.jar: R8: Expected stack map table for method with non-linear control flow. In later version of R8, the method may be assumed not reachable.
WARNING: C:\Users\Admin\.gradle\caches\9.5.0\transforms\3bc3e8b59ac242766612a83882366de8\transformed\common-9.9.10-runtime.jar: R8: Expected stack map table for method with non-linear control flow. In later version of R8, the method may be assumed not reachable.
WARNING: C:\Users\Admin\.gradle\caches\9.5.0\transforms\3bc3e8b59ac242766612a83882366de8\transformed\common-9.9.10-runtime.jar: R8: Expected stack map table for method with non-linear control flow. In later version of R8, the method may be assumed not reachable.
WARNING: C:\Users\Admin\.gradle\caches\9.5.0\transforms\3bc3e8b59ac242766612a83882366de8\transformed\common-9.9.10-runtime.jar: R8: Expected stack map table for method with non-linear control flow. In later version of R8, the method may be assumed not reachable.
WARNING: C:\Users\Admin\.gradle\caches\9.5.0\transforms\3bc3e8b59ac242766612a83882366de8\transformed\common-9.9.10-runtime.jar: R8: Expected stack map table for method with non-linear control flow. In later version of R8, the method may be assumed not reachable.
WARNING: C:\Users\Admin\.gradle\caches\9.5.0\transforms\3bc3e8b59ac242766612a83882366de8\transformed\common-9.9.10-runtime.jar: R8: Expected stack map table for method with non-linear control flow. In later version of R8, the method may be assumed not reachable.
WARNING: C:\Users\Admin\.gradle\caches\9.5.0\transforms\3bc3e8b59ac242766612a83882366de8\transformed\common-9.9.10-runtime.jar: R8: Expected stack map table for method with non-linear control flow. In later version of R8, the method may be assumed not reachable.
WARNING: C:\Users\Admin\.gradle\caches\9.5.0\transforms\3bc3e8b59ac242766612a83882366de8\transformed\common-9.9.10-runtime.jar: R8: Expected stack map table for method with non-linear control flow. In later version of R8, the method may be assumed not reachable.
WARNING: C:\Users\Admin\.gradle\caches\9.5.0\transforms\3bc3e8b59ac242766612a83882366de8\transformed\common-9.9.10-runtime.jar: R8: Expected stack map table for method with non-linear control flow. In later version of R8, the method may be assumed not reachable.
WARNING: C:\Users\Admin\.gradle\caches\9.5.0\transforms\3bc3e8b59ac242766612a83882366de8\transformed\common-9.9.10-runtime.jar: R8: Expected stack map table for method with non-linear control flow. In later version of R8, the method may be assumed not reachable.
WARNING: C:\Users\Admin\.gradle\caches\9.5.0\transforms\3bc3e8b59ac242766612a83882366de8\transformed\common-9.9.10-runtime.jar: R8: Expected stack map table for method with non-linear control flow. In later version of R8, the method may be assumed not reachable.
WARNING: C:\Users\Admin\.gradle\caches\9.5.0\transforms\3bc3e8b59ac242766612a83882366de8\transformed\common-9.9.10-runtime.jar: R8: Expected stack map table for method with non-linear control flow. In later version of R8, the method may be assumed not reachable.
WARNING: C:\Users\Admin\.gradle\caches\9.5.0\transforms\3bc3e8b59ac242766612a83882366de8\transformed\common-9.9.10-runtime.jar: R8: Expected stack map table for method with non-linear control flow. In later version of R8, the method may be assumed not reachable.
WARNING: C:\Users\Admin\.gradle\caches\9.5.0\transforms\3bc3e8b59ac242766612a83882366de8\transformed\common-9.9.10-runtime.jar: R8: Expected stack map table for method with non-linear control flow. In later version of R8, the method may be assumed not reachable.
WARNING: C:\Users\Admin\.gradle\caches\9.5.0\transforms\3bc3e8b59ac242766612a83882366de8\transformed\common-9.9.10-runtime.jar: R8: Expected stack map table for method with non-linear control flow. In later version of R8, the method may be assumed not reachable.
WARNING: C:\Users\Admin\.gradle\caches\9.5.0\transforms\3bc3e8b59ac242766612a83882366de8\transformed\common-9.9.10-runtime.jar: R8: Expected stack map table for method with non-linear control flow. In later version of R8, the method may be assumed not reachable.
WARNING: C:\Users\Admin\.gradle\caches\9.5.0\transforms\3bc3e8b59ac242766612a83882366de8\transformed\common-9.9.10-runtime.jar: R8: Expected stack map table for method with non-linear control flow. In later version of R8, the method may be assumed not reachable.
WARNING: C:\Users\Admin\.gradle\caches\9.5.0\transforms\3bc3e8b59ac242766612a83882366de8\transformed\common-9.9.10-runtime.jar: R8: Expected stack map table for method with non-linear control flow. In later version of R8, the method may be assumed not reachable.
WARNING: C:\Users\Admin\.gradle\caches\9.5.0\transforms\3bc3e8b59ac242766612a83882366de8\transformed\common-9.9.10-runtime.jar: R8: Expected stack map table for method with non-linear control flow. In later version of R8, the method may be assumed not reachable.
WARNING: C:\Users\Admin\.gradle\caches\9.5.0\transforms\3bc3e8b59ac242766612a83882366de8\transformed\common-9.9.10-runtime.jar: R8: Expected stack map table for method with non-linear control flow. In later version of R8, the method may be assumed not reachable.
WARNING: C:\Users\Admin\.gradle\caches\9.5.0\transforms\3bc3e8b59ac242766612a83882366de8\transformed\common-9.9.10-runtime.jar: R8: Expected stack map table for method with non-linear control flow. In later version of R8, the method may be assumed not reachable.
WARNING: C:\Users\Admin\.gradle\caches\9.5.0\transforms\3bc3e8b59ac242766612a83882366de8\transformed\common-9.9.10-runtime.jar: R8: Expected stack map table for method with non-linear control flow. In later version of R8, the method may be assumed not reachable.
WARNING: C:\Users\Admin\.gradle\caches\9.5.0\transforms\3bc3e8b59ac242766612a83882366de8\transformed\common-9.9.10-runtime.jar: R8: Expected stack map table for method with non-linear control flow. In later version of R8, the method may be assumed not reachable.
WARNING: C:\Users\Admin\.gradle\caches\9.5.0\transforms\3bc3e8b59ac242766612a83882366de8\transformed\common-9.9.10-runtime.jar: R8: Expected stack map table for method with non-linear control flow. In later version of R8, the method may be assumed not reachable.
WARNING: C:\Users\Admin\.gradle\caches\9.5.0\transforms\3bc3e8b59ac242766612a83882366de8\transformed\common-9.9.10-runtime.jar: R8: Expected stack map table for method with non-linear control flow. In later version of R8, the method may be assumed not reachable.
WARNING: C:\Users\Admin\.gradle\caches\9.5.0\transforms\3bc3e8b59ac242766612a83882366de8\transformed\common-9.9.10-runtime.jar: R8: Expected stack map table for method with non-linear control flow. In later version of R8, the method may be assumed not reachable.
WARNING: C:\Users\Admin\.gradle\caches\9.5.0\transforms\3bc3e8b59ac242766612a83882366de8\transformed\common-9.9.10-runtime.jar: R8: Expected stack map table for method with non-linear control flow. In later version of R8, the method may be assumed not reachable.
WARNING: C:\Users\Admin\.gradle\caches\9.5.0\transforms\3bc3e8b59ac242766612a83882366de8\transformed\common-9.9.10-runtime.jar: R8: Expected stack map table for method with non-linear control flow. In later version of R8, the method may be assumed not reachable.
WARNING: C:\Users\Admin\.gradle\caches\9.5.0\transforms\3bc3e8b59ac242766612a83882366de8\transformed\common-9.9.10-runtime.jar: R8: Expected stack map table for method with non-linear control flow. In later version of R8, the method may be assumed not reachable.
WARNING: C:\Users\Admin\.gradle\caches\9.5.0\transforms\3bc3e8b59ac242766612a83882366de8\transformed\common-9.9.10-runtime.jar: R8: Expected stack map table for method with non-linear control flow. In later version of R8, the method may be assumed not reachable.
WARNING: C:\Users\Admin\.gradle\caches\9.5.0\transforms\3bc3e8b59ac242766612a83882366de8\transformed\common-9.9.10-runtime.jar: R8: Expected stack map table for method with non-linear control flow. In later version of R8, the method may be assumed not reachable.
WARNING: C:\Users\Admin\.gradle\caches\9.5.0\transforms\3bc3e8b59ac242766612a83882366de8\transformed\common-9.9.10-runtime.jar: R8: Expected stack map table for method with non-linear control flow. In later version of R8, the method may be assumed not reachable.
WARNING: C:\Users\Admin\.gradle\caches\9.5.0\transforms\3bc3e8b59ac242766612a83882366de8\transformed\common-9.9.10-runtime.jar: R8: Expected stack map table for method with non-linear control flow. In later version of R8, the method may be assumed not reachable.
WARNING: C:\Users\Admin\.gradle\caches\9.5.0\transforms\3bc3e8b59ac242766612a83882366de8\transformed\common-9.9.10-runtime.jar: R8: Expected stack map table for method with non-linear control flow. In later version of R8, the method may be assumed not reachable.
WARNING: C:\Users\Admin\.gradle\caches\9.5.0\transforms\3bc3e8b59ac242766612a83882366de8\transformed\common-9.9.10-runtime.jar: R8: Expected stack map table for method with non-linear control flow. In later version of R8, the method may be assumed not reachable.
WARNING: C:\Users\Admin\.gradle\caches\9.5.0\transforms\3bc3e8b59ac242766612a83882366de8\transformed\common-9.9.10-runtime.jar: R8: Expected stack map table for method with non-linear control flow. In later version of R8, the method may be assumed not reachable.
WARNING: C:\Users\Admin\.gradle\caches\9.5.0\transforms\3bc3e8b59ac242766612a83882366de8\transformed\common-9.9.10-runtime.jar: R8: Expected stack map table for method with non-linear control flow. In later version of R8, the method may be assumed not reachable.
WARNING: C:\Users\Admin\.gradle\caches\9.5.0\transforms\3bc3e8b59ac242766612a83882366de8\transformed\common-9.9.10-runtime.jar: R8: Expected stack map table for method with non-linear control flow. In later version of R8, the method may be assumed not reachable.
WARNING: C:\Users\Admin\.gradle\caches\9.5.0\transforms\3bc3e8b59ac242766612a83882366de8\transformed\common-9.9.10-runtime.jar: R8: Expected stack map table for method with non-linear control flow. In later version of R8, the method may be assumed not reachable.
WARNING: C:\Users\Admin\.gradle\caches\9.5.0\transforms\3bc3e8b59ac242766612a83882366de8\transformed\common-9.9.10-runtime.jar: R8: Expected stack map table for method with non-linear control flow. In later version of R8, the method may be assumed not reachable.
WARNING: C:\Users\Admin\.gradle\caches\9.5.0\transforms\3bc3e8b59ac242766612a83882366de8\transformed\common-9.9.10-runtime.jar: R8: Expected stack map table for method with non-linear control flow. In later version of R8, the method may be assumed not reachable.
WARNING: C:\Users\Admin\.gradle\caches\9.5.0\transforms\3bc3e8b59ac242766612a83882366de8\transformed\common-9.9.10-runtime.jar: R8: Expected stack map table for method with non-linear control flow. In later version of R8, the method may be assumed not reachable.
WARNING: C:\Users\Admin\.gradle\caches\9.5.0\transforms\3bc3e8b59ac242766612a83882366de8\transformed\common-9.9.10-runtime.jar: R8: Expected stack map table for method with non-linear control flow. In later version of R8, the method may be assumed not reachable.
WARNING: C:\Users\Admin\.gradle\caches\9.5.0\transforms\3bc3e8b59ac242766612a83882366de8\transformed\common-9.9.10-runtime.jar: R8: Expected stack map table for method with non-linear control flow. In later version of R8, the method may be assumed not reachable.
WARNING: C:\Users\Admin\.gradle\caches\9.5.0\transforms\3bc3e8b59ac242766612a83882366de8\transformed\common-9.9.10-runtime.jar: R8: Expected stack map table for method with non-linear control flow. In later version of R8, the method may be assumed not reachable.
WARNING: C:\Users\Admin\.gradle\caches\9.5.0\transforms\3bc3e8b59ac242766612a83882366de8\transformed\common-9.9.10-runtime.jar: R8: Expected stack map table for method with non-linear control flow. In later version of R8, the method may be assumed not reachable.
WARNING: C:\Users\Admin\.gradle\caches\9.5.0\transforms\3bc3e8b59ac242766612a83882366de8\transformed\common-9.9.10-runtime.jar: R8: Expected stack map table for method with non-linear control flow. In later version of R8, the method may be assumed not reachable.
WARNING: C:\Users\Admin\.gradle\caches\9.5.0\transforms\3bc3e8b59ac242766612a83882366de8\transformed\common-9.9.10-runtime.jar: R8: Expected stack map table for method with non-linear control flow. In later version of R8, the method may be assumed not reachable.
WARNING: C:\Users\Admin\.gradle\caches\9.5.0\transforms\3bc3e8b59ac242766612a83882366de8\transformed\common-9.9.10-runtime.jar: R8: Expected stack map table for method with non-linear control flow. In later version of R8, the method may be assumed not reachable.
WARNING: C:\Users\Admin\.gradle\caches\9.5.0\transforms\3bc3e8b59ac242766612a83882366de8\transformed\common-9.9.10-runtime.jar: R8: Expected stack map table for method with non-linear control flow. In later version of R8, the method may be assumed not reachable.
WARNING: C:\Users\Admin\.gradle\caches\9.5.0\transforms\3bc3e8b59ac242766612a83882366de8\transformed\common-9.9.10-runtime.jar: R8: Expected stack map table for method with non-linear control flow. In later version of R8, the method may be assumed not reachable.
WARNING: C:\Users\Admin\.gradle\caches\9.5.0\transforms\3bc3e8b59ac242766612a83882366de8\transformed\common-9.9.10-runtime.jar: R8: Expected stack map table for method with non-linear control flow. In later version of R8, the method may be assumed not reachable.
WARNING: C:\Users\Admin\.gradle\caches\9.5.0\transforms\3bc3e8b59ac242766612a83882366de8\transformed\common-9.9.10-runtime.jar: R8: Expected stack map table for method with non-linear control flow. In later version of R8, the method may be assumed not reachable.
WARNING: C:\Users\Admin\.gradle\caches\9.5.0\transforms\3bc3e8b59ac242766612a83882366de8\transformed\common-9.9.10-runtime.jar: R8: Expected stack map table for method with non-linear control flow. In later version of R8, the method may be assumed not reachable.
WARNING: C:\Users\Admin\.gradle\caches\9.5.0\transforms\3bc3e8b59ac242766612a83882366de8\transformed\common-9.9.10-runtime.jar: R8: Expected stack map table for method with non-linear control flow. In later version of R8, the method may be assumed not reachable.
WARNING: C:\Users\Admin\.gradle\caches\9.5.0\transforms\3bc3e8b59ac242766612a83882366de8\transformed\common-9.9.10-runtime.jar: R8: Expected stack map table for method with non-linear control flow. In later version of R8, the method may be assumed not reachable.
WARNING: C:\Users\Admin\.gradle\caches\9.5.0\transforms\3bc3e8b59ac242766612a83882366de8\transformed\common-9.9.10-runtime.jar: R8: Expected stack map table for method with non-linear control flow. In later version of R8, the method may be assumed not reachable.
WARNING: C:\Users\Admin\.gradle\caches\9.5.0\transforms\3bc3e8b59ac242766612a83882366de8\transformed\common-9.9.10-runtime.jar: R8: Expected stack map table for method with non-linear control flow. In later version of R8, the method may be assumed not reachable.
WARNING: C:\Users\Admin\.gradle\caches\9.5.0\transforms\3bc3e8b59ac242766612a83882366de8\transformed\common-9.9.10-runtime.jar: R8: Expected stack map table for method with non-linear control flow. In later version of R8, the method may be assumed not reachable.
WARNING: C:\Users\Admin\.gradle\caches\9.5.0\transforms\3bc3e8b59ac242766612a83882366de8\transformed\common-9.9.10-runtime.jar: R8: Expected stack map table for method with non-linear control flow. In later version of R8, the method may be assumed not reachable.
WARNING: C:\Users\Admin\.gradle\caches\9.5.0\transforms\3bc3e8b59ac242766612a83882366de8\transformed\common-9.9.10-runtime.jar: R8: Expected stack map table for method with non-linear control flow. In later version of R8, the method may be assumed not reachable.
WARNING: C:\Users\Admin\.gradle\caches\9.5.0\transforms\3bc3e8b59ac242766612a83882366de8\transformed\common-9.9.10-runtime.jar: R8: Expected stack map table for method with non-linear control flow. In later version of R8, the method may be assumed not reachable.
WARNING: C:\Users\Admin\.gradle\caches\9.5.0\transforms\3bc3e8b59ac242766612a83882366de8\transformed\common-9.9.10-runtime.jar: R8: Expected stack map table for method with non-linear control flow. In later version of R8, the method may be assumed not reachable.
WARNING: C:\Users\Admin\.gradle\caches\9.5.0\transforms\3bc3e8b59ac242766612a83882366de8\transformed\common-9.9.10-runtime.jar: R8: Expected stack map table for method with non-linear control flow. In later version of R8, the method may be assumed not reachable.
WARNING: C:\Users\Admin\.gradle\caches\9.5.0\transforms\3bc3e8b59ac242766612a83882366de8\transformed\common-9.9.10-runtime.jar: R8: Expected stack map table for method with non-linear control flow. In later version of R8, the method may be assumed not reachable.
WARNING: C:\Users\Admin\.gradle\caches\9.5.0\transforms\3bc3e8b59ac242766612a83882366de8\transformed\common-9.9.10-runtime.jar: R8: Expected stack map table for method with non-linear control flow. In later version of R8, the method may be assumed not reachable.
WARNING: C:\Users\Admin\.gradle\caches\9.5.0\transforms\3bc3e8b59ac242766612a83882366de8\transformed\common-9.9.10-runtime.jar: R8: Expected stack map table for method with non-linear control flow. In later version of R8, the method may be assumed not reachable.
WARNING: C:\Users\Admin\.gradle\caches\9.5.0\transforms\3bc3e8b59ac242766612a83882366de8\transformed\common-9.9.10-runtime.jar: R8: Expected stack map table for method with non-linear control flow. In later version of R8, the method may be assumed not reachable.
WARNING: C:\Users\Admin\.gradle\caches\9.5.0\transforms\3bc3e8b59ac242766612a83882366de8\transformed\common-9.9.10-runtime.jar: R8: Expected stack map table for method with non-linear control flow. In later version of R8, the method may be assumed not reachable.
WARNING: C:\Users\Admin\.gradle\caches\9.5.0\transforms\3bc3e8b59ac242766612a83882366de8\transformed\common-9.9.10-runtime.jar: R8: Expected stack map table for method with non-linear control flow. In later version of R8, the method may be assumed not reachable.
WARNING: C:\Users\Admin\.gradle\caches\9.5.0\transforms\3bc3e8b59ac242766612a83882366de8\transformed\common-9.9.10-runtime.jar: R8: Expected stack map table for method with non-linear control flow. In later version of R8, the method may be assumed not reachable.
WARNING: C:\Users\Admin\.gradle\caches\9.5.0\transforms\3bc3e8b59ac242766612a83882366de8\transformed\common-9.9.10-runtime.jar: R8: Expected stack map table for method with non-linear control flow. In later version of R8, the method may be assumed not reachable.
WARNING: C:\Users\Admin\.gradle\caches\9.5.0\transforms\3bc3e8b59ac242766612a83882366de8\transformed\common-9.9.10-runtime.jar: R8: Expected stack map table for method with non-linear control flow. In later version of R8, the method may be assumed not reachable.
WARNING: C:\Users\Admin\.gradle\caches\9.5.0\transforms\3bc3e8b59ac242766612a83882366de8\transformed\common-9.9.10-runtime.jar: R8: Expected stack map table for method with non-linear control flow. In later version of R8, the method may be assumed not reachable.
WARNING: C:\Users\Admin\.gradle\caches\9.5.0\transforms\3bc3e8b59ac242766612a83882366de8\transformed\common-9.9.10-runtime.jar: R8: Expected stack map table for method with non-linear control flow. In later version of R8, the method may be assumed not reachable.
WARNING: C:\Users\Admin\.gradle\caches\9.5.0\transforms\3bc3e8b59ac242766612a83882366de8\transformed\common-9.9.10-runtime.jar: R8: Expected stack map table for method with non-linear control flow. In later version of R8, the method may be assumed not reachable.
WARNING: C:\Users\Admin\.gradle\caches\9.5.0\transforms\3bc3e8b59ac242766612a83882366de8\transformed\common-9.9.10-runtime.jar: R8: Expected stack map table for method with non-linear control flow. In later version of R8, the method may be assumed not reachable.
WARNING: C:\Users\Admin\.gradle\caches\9.5.0\transforms\3bc3e8b59ac242766612a83882366de8\transformed\common-9.9.10-runtime.jar: R8: Expected stack map table for method with non-linear control flow. In later version of R8, the method may be assumed not reachable.
WARNING: C:\Users\Admin\.gradle\caches\9.5.0\transforms\3bc3e8b59ac242766612a83882366de8\transformed\common-9.9.10-runtime.jar: R8: Expected stack map table for method with non-linear control flow. In later version of R8, the method may be assumed not reachable.
WARNING: C:\Users\Admin\.gradle\caches\9.5.0\transforms\3bc3e8b59ac242766612a83882366de8\transformed\common-9.9.10-runtime.jar: R8: Expected stack map table for method with non-linear control flow. In later version of R8, the method may be assumed not reachable.
WARNING: C:\Users\Admin\.gradle\caches\9.5.0\transforms\3bc3e8b59ac242766612a83882366de8\transformed\common-9.9.10-runtime.jar: R8: Expected stack map table for method with non-linear control flow. In later version of R8, the method may be assumed not reachable.
WARNING: C:\Users\Admin\.gradle\caches\9.5.0\transforms\3bc3e8b59ac242766612a83882366de8\transformed\common-9.9.10-runtime.jar: R8: Expected stack map table for method with non-linear control flow. In later version of R8, the method may be assumed not reachable.
WARNING: C:\Users\Admin\.gradle\caches\9.5.0\transforms\3bc3e8b59ac242766612a83882366de8\transformed\common-9.9.10-runtime.jar: R8: Expected stack map table for method with non-linear control flow. In later version of R8, the method may be assumed not reachable.
WARNING: C:\Users\Admin\.gradle\caches\9.5.0\transforms\3bc3e8b59ac242766612a83882366de8\transformed\common-9.9.10-runtime.jar: R8: Expected stack map table for method with non-linear control flow. In later version of R8, the method may be assumed not reachable.
WARNING: C:\Users\Admin\.gradle\caches\9.5.0\transforms\3bc3e8b59ac242766612a83882366de8\transformed\common-9.9.10-runtime.jar: R8: Expected stack map table for method with non-linear control flow. In later version of R8, the method may be assumed not reachable.
WARNING: C:\Users\Admin\.gradle\caches\9.5.0\transforms\3bc3e8b59ac242766612a83882366de8\transformed\common-9.9.10-runtime.jar: R8: Expected stack map table for method with non-linear control flow. In later version of R8, the method may be assumed not reachable.
WARNING: C:\Users\Admin\.gradle\caches\9.5.0\transforms\3bc3e8b59ac242766612a83882366de8\transformed\common-9.9.10-runtime.jar: R8: Expected stack map table for method with non-linear control flow. In later version of R8, the method may be assumed not reachable.
WARNING: C:\Users\Admin\.gradle\caches\9.5.0\transforms\3bc3e8b59ac242766612a83882366de8\transformed\common-9.9.10-runtime.jar: R8: Expected stack map table for method with non-linear control flow. In later version of R8, the method may be assumed not reachable.
WARNING: C:\Users\Admin\.gradle\caches\9.5.0\transforms\3bc3e8b59ac242766612a83882366de8\transformed\common-9.9.10-runtime.jar: R8: Expected stack map table for method with non-linear control flow. In later version of R8, the method may be assumed not reachable.
WARNING: C:\Users\Admin\.gradle\caches\9.5.0\transforms\3bc3e8b59ac242766612a83882366de8\transformed\common-9.9.10-runtime.jar: R8: Expected stack map table for method with non-linear control flow. In later version of R8, the method may be assumed not reachable.
WARNING: C:\Users\Admin\.gradle\caches\9.5.0\transforms\3bc3e8b59ac242766612a83882366de8\transformed\common-9.9.10-runtime.jar: R8: Expected stack map table for method with non-linear control flow. In later version of R8, the method may be assumed not reachable.
WARNING: C:\Users\Admin\.gradle\caches\9.5.0\transforms\3bc3e8b59ac242766612a83882366de8\transformed\common-9.9.10-runtime.jar: R8: Expected stack map table for method with non-linear control flow. In later version of R8, the method may be assumed not reachable.
WARNING: C:\Users\Admin\.gradle\caches\9.5.0\transforms\3bc3e8b59ac242766612a83882366de8\transformed\common-9.9.10-runtime.jar: R8: Expected stack map table for method with non-linear control flow. In later version of R8, the method may be assumed not reachable.
WARNING: C:\Users\Admin\.gradle\caches\9.5.0\transforms\3bc3e8b59ac242766612a83882366de8\transformed\common-9.9.10-runtime.jar: R8: Expected stack map table for method with non-linear control flow. In later version of R8, the method may be assumed not reachable.
WARNING: C:\Users\Admin\.gradle\caches\9.5.0\transforms\3bc3e8b59ac242766612a83882366de8\transformed\common-9.9.10-runtime.jar: R8: Expected stack map table for method with non-linear control flow. In later version of R8, the method may be assumed not reachable.
WARNING: C:\Users\Admin\.gradle\caches\9.5.0\transforms\3bc3e8b59ac242766612a83882366de8\transformed\common-9.9.10-runtime.jar: R8: Expected stack map table for method with non-linear control flow. In later version of R8, the method may be assumed not reachable.
WARNING: C:\Users\Admin\.gradle\caches\9.5.0\transforms\3bc3e8b59ac242766612a83882366de8\transformed\common-9.9.10-runtime.jar: R8: Expected stack map table for method with non-linear control flow. In later version of R8, the method may be assumed not reachable.
WARNING: C:\Users\Admin\.gradle\caches\9.5.0\transforms\3bc3e8b59ac242766612a83882366de8\transformed\common-9.9.10-runtime.jar: R8: Expected stack map table for method with non-linear control flow. In later version of R8, the method may be assumed not reachable.
WARNING: C:\Users\Admin\.gradle\caches\9.5.0\transforms\3bc3e8b59ac242766612a83882366de8\transformed\common-9.9.10-runtime.jar: R8: Expected stack map table for method with non-linear control flow. In later version of R8, the method may be assumed not reachable.
WARNING: C:\Users\Admin\.gradle\caches\9.5.0\transforms\3bc3e8b59ac242766612a83882366de8\transformed\common-9.9.10-runtime.jar: R8: Expected stack map table for method with non-linear control flow. In later version of R8, the method may be assumed not reachable.
WARNING: C:\Users\Admin\.gradle\caches\9.5.0\transforms\3bc3e8b59ac242766612a83882366de8\transformed\common-9.9.10-runtime.jar: R8: Expected stack map table for method with non-linear control flow. In later version of R8, the method may be assumed not reachable.
WARNING: C:\Users\Admin\.gradle\caches\9.5.0\transforms\3bc3e8b59ac242766612a83882366de8\transformed\common-9.9.10-runtime.jar: R8: Expected stack map table for method with non-linear control flow. In later version of R8, the method may be assumed not reachable.
WARNING: C:\Users\Admin\.gradle\caches\9.5.0\transforms\3bc3e8b59ac242766612a83882366de8\transformed\common-9.9.10-runtime.jar: R8: Expected stack map table for method with non-linear control flow. In later version of R8, the method may be assumed not reachable.
WARNING: C:\Users\Admin\.gradle\caches\9.5.0\transforms\3bc3e8b59ac242766612a83882366de8\transformed\common-9.9.10-runtime.jar: R8: Expected stack map table for method with non-linear control flow. In later version of R8, the method may be assumed not reachable.
WARNING: C:\Users\Admin\.gradle\caches\9.5.0\transforms\3bc3e8b59ac242766612a83882366de8\transformed\common-9.9.10-runtime.jar: R8: Expected stack map table for method with non-linear control flow. In later version of R8, the method may be assumed not reachable.
WARNING: C:\Users\Admin\.gradle\caches\9.5.0\transforms\3bc3e8b59ac242766612a83882366de8\transformed\common-9.9.10-runtime.jar: R8: Expected stack map table for method with non-linear control flow. In later version of R8, the method may be assumed not reachable.
WARNING: C:\Users\Admin\.gradle\caches\9.5.0\transforms\3bc3e8b59ac242766612a83882366de8\transformed\common-9.9.10-runtime.jar: R8: Expected stack map table for method with non-linear control flow. In later version of R8, the method may be assumed not reachable.
WARNING: C:\Users\Admin\.gradle\caches\9.5.0\transforms\3bc3e8b59ac242766612a83882366de8\transformed\common-9.9.10-runtime.jar: R8: Expected stack map table for method with non-linear control flow. In later version of R8, the method may be assumed not reachable.
WARNING: C:\Users\Admin\.gradle\caches\9.5.0\transforms\3bc3e8b59ac242766612a83882366de8\transformed\common-9.9.10-runtime.jar: R8: Expected stack map table for method with non-linear control flow. In later version of R8, the method may be assumed not reachable.
WARNING: C:\Users\Admin\.gradle\caches\9.5.0\transforms\3bc3e8b59ac242766612a83882366de8\transformed\common-9.9.10-runtime.jar: R8: Expected stack map table for method with non-linear control flow. In later version of R8, the method may be assumed not reachable.
WARNING: C:\Users\Admin\.gradle\caches\9.5.0\transforms\3bc3e8b59ac242766612a83882366de8\transformed\common-9.9.10-runtime.jar: R8: Expected stack map table for method with non-linear control flow. In later version of R8, the method may be assumed not reachable.
WARNING: C:\Users\Admin\.gradle\caches\9.5.0\transforms\3bc3e8b59ac242766612a83882366de8\transformed\common-9.9.10-runtime.jar: R8: Expected stack map table for method with non-linear control flow. In later version of R8, the method may be assumed not reachable.
WARNING: C:\Users\Admin\.gradle\caches\9.5.0\transforms\3bc3e8b59ac242766612a83882366de8\transformed\common-9.9.10-runtime.jar: R8: Expected stack map table for method with non-linear control flow. In later version of R8, the method may be assumed not reachable.
WARNING: C:\Users\Admin\.gradle\caches\9.5.0\transforms\3bc3e8b59ac242766612a83882366de8\transformed\common-9.9.10-runtime.jar: R8: Expected stack map table for method with non-linear control flow. In later version of R8, the method may be assumed not reachable.
WARNING: C:\Users\Admin\.gradle\caches\9.5.0\transforms\3bc3e8b59ac242766612a83882366de8\transformed\common-9.9.10-runtime.jar: R8: Expected stack map table for method with non-linear control flow. In later version of R8, the method may be assumed not reachable.
WARNING: C:\Users\Admin\.gradle\caches\9.5.0\transforms\3bc3e8b59ac242766612a83882366de8\transformed\common-9.9.10-runtime.jar: R8: Expected stack map table for method with non-linear control flow. In later version of R8, the method may be assumed not reachable.
WARNING: C:\Users\Admin\.gradle\caches\9.5.0\transforms\3bc3e8b59ac242766612a83882366de8\transformed\common-9.9.10-runtime.jar: R8: Expected stack map table for method with non-linear control flow. In later version of R8, the method may be assumed not reachable.
WARNING: C:\Users\Admin\.gradle\caches\9.5.0\transforms\3bc3e8b59ac242766612a83882366de8\transformed\common-9.9.10-runtime.jar: R8: Expected stack map table for method with non-linear control flow. In later version of R8, the method may be assumed not reachable.
WARNING: C:\Users\Admin\.gradle\caches\9.5.0\transforms\3bc3e8b59ac242766612a83882366de8\transformed\common-9.9.10-runtime.jar: R8: Expected stack map table for method with non-linear control flow. In later version of R8, the method may be assumed not reachable.
WARNING: C:\Users\Admin\.gradle\caches\9.5.0\transforms\3bc3e8b59ac242766612a83882366de8\transformed\common-9.9.10-runtime.jar: R8: Expected stack map table for method with non-linear control flow. In later version of R8, the method may be assumed not reachable.
WARNING: C:\Users\Admin\.gradle\caches\9.5.0\transforms\3bc3e8b59ac242766612a83882366de8\transformed\common-9.9.10-runtime.jar: R8: Expected stack map table for method with non-linear control flow. In later version of R8, the method may be assumed not reachable.
WARNING: C:\Users\Admin\.gradle\caches\9.5.0\transforms\3bc3e8b59ac242766612a83882366de8\transformed\common-9.9.10-runtime.jar: R8: Expected stack map table for method with non-linear control flow. In later version of R8, the method may be assumed not reachable.
WARNING: C:\Users\Admin\.gradle\caches\9.5.0\transforms\3bc3e8b59ac242766612a83882366de8\transformed\common-9.9.10-runtime.jar: R8: Expected stack map table for method with non-linear control flow. In later version of R8, the method may be assumed not reachable.
WARNING: C:\Users\Admin\.gradle\caches\9.5.0\transforms\3bc3e8b59ac242766612a83882366de8\transformed\common-9.9.10-runtime.jar: R8: Expected stack map table for method with non-linear control flow. In later version of R8, the method may be assumed not reachable.
WARNING: C:\Users\Admin\.gradle\caches\9.5.0\transforms\3bc3e8b59ac242766612a83882366de8\transformed\common-9.9.10-runtime.jar: R8: Expected stack map table for method with non-linear control flow. In later version of R8, the method may be assumed not reachable.
WARNING: C:\Users\Admin\.gradle\caches\9.5.0\transforms\3bc3e8b59ac242766612a83882366de8\transformed\common-9.9.10-runtime.jar: R8: Expected stack map table for method with non-linear control flow. In later version of R8, the method may be assumed not reachable.
WARNING: C:\Users\Admin\.gradle\caches\9.5.0\transforms\3bc3e8b59ac242766612a83882366de8\transformed\common-9.9.10-runtime.jar: R8: Expected stack map table for method with non-linear control flow. In later version of R8, the method may be assumed not reachable.
WARNING: C:\Users\Admin\.gradle\caches\9.5.0\transforms\3bc3e8b59ac242766612a83882366de8\transformed\common-9.9.10-runtime.jar: R8: Expected stack map table for method with non-linear control flow. In later version of R8, the method may be assumed not reachable.
WARNING: C:\Users\Admin\.gradle\caches\9.5.0\transforms\3bc3e8b59ac242766612a83882366de8\transformed\common-9.9.10-runtime.jar: R8: Expected stack map table for method with non-linear control flow. In later version of R8, the method may be assumed not reachable.
WARNING: C:\Users\Admin\.gradle\caches\9.5.0\transforms\3bc3e8b59ac242766612a83882366de8\transformed\common-9.9.10-runtime.jar: R8: Expected stack map table for method with non-linear control flow. In later version of R8, the method may be assumed not reachable.
WARNING: C:\Users\Admin\.gradle\caches\9.5.0\transforms\3bc3e8b59ac242766612a83882366de8\transformed\common-9.9.10-runtime.jar: R8: Expected stack map table for method with non-linear control flow. In later version of R8, the method may be assumed not reachable.
WARNING: C:\Users\Admin\.gradle\caches\9.5.0\transforms\3bc3e8b59ac242766612a83882366de8\transformed\common-9.9.10-runtime.jar: R8: Expected stack map table for method with non-linear control flow. In later version of R8, the method may be assumed not reachable.
WARNING: C:\Users\Admin\.gradle\caches\9.5.0\transforms\3bc3e8b59ac242766612a83882366de8\transformed\common-9.9.10-runtime.jar: R8: Expected stack map table for method with non-linear control flow. In later version of R8, the method may be assumed not reachable.
WARNING: C:\Users\Admin\.gradle\caches\9.5.0\transforms\3bc3e8b59ac242766612a83882366de8\transformed\common-9.9.10-runtime.jar: R8: Expected stack map table for method with non-linear control flow. In later version of R8, the method may be assumed not reachable.
WARNING: C:\Users\Admin\.gradle\caches\9.5.0\transforms\3bc3e8b59ac242766612a83882366de8\transformed\common-9.9.10-runtime.jar: R8: Expected stack map table for method with non-linear control flow. In later version of R8, the method may be assumed not reachable.
WARNING: C:\Users\Admin\.gradle\caches\9.5.0\transforms\3bc3e8b59ac242766612a83882366de8\transformed\common-9.9.10-runtime.jar: R8: Expected stack map table for method with non-linear control flow. In later version of R8, the method may be assumed not reachable.
WARNING: C:\Users\Admin\.gradle\caches\9.5.0\transforms\3bc3e8b59ac242766612a83882366de8\transformed\common-9.9.10-runtime.jar: R8: Expected stack map table for method with non-linear control flow. In later version of R8, the method may be assumed not reachable.
WARNING: C:\Users\Admin\.gradle\caches\9.5.0\transforms\3bc3e8b59ac242766612a83882366de8\transformed\common-9.9.10-runtime.jar: R8: Expected stack map table for method with non-linear control flow. In later version of R8, the method may be assumed not reachable.
WARNING: C:\Users\Admin\.gradle\caches\9.5.0\transforms\3bc3e8b59ac242766612a83882366de8\transformed\common-9.9.10-runtime.jar: R8: Expected stack map table for method with non-linear control flow. In later version of R8, the method may be assumed not reachable.
WARNING: C:\Users\Admin\.gradle\caches\9.5.0\transforms\3bc3e8b59ac242766612a83882366de8\transformed\common-9.9.10-runtime.jar: R8: Expected stack map table for method with non-linear control flow. In later version of R8, the method may be assumed not reachable.
WARNING: C:\Users\Admin\.gradle\caches\9.5.0\transforms\3bc3e8b59ac242766612a83882366de8\transformed\common-9.9.10-runtime.jar: R8: Expected stack map table for method with non-linear control flow. In later version of R8, the method may be assumed not reachable.
WARNING: C:\Users\Admin\.gradle\caches\9.5.0\transforms\3bc3e8b59ac242766612a83882366de8\transformed\common-9.9.10-runtime.jar: R8: Expected stack map table for method with non-linear control flow. In later version of R8, the method may be assumed not reachable.
WARNING: C:\Users\Admin\.gradle\caches\9.5.0\transforms\3bc3e8b59ac242766612a83882366de8\transformed\common-9.9.10-runtime.jar: R8: Expected stack map table for method with non-linear control flow. In later version of R8, the method may be assumed not reachable.
WARNING: C:\Users\Admin\.gradle\caches\9.5.0\transforms\3bc3e8b59ac242766612a83882366de8\transformed\common-9.9.10-runtime.jar: R8: Expected stack map table for method with non-linear control flow. In later version of R8, the method may be assumed not reachable.
WARNING: C:\Users\Admin\.gradle\caches\9.5.0\transforms\3bc3e8b59ac242766612a83882366de8\transformed\common-9.9.10-runtime.jar: R8: Expected stack map table for method with non-linear control flow. In later version of R8, the method may be assumed not reachable.
WARNING: C:\Users\Admin\.gradle\caches\9.5.0\transforms\3bc3e8b59ac242766612a83882366de8\transformed\common-9.9.10-runtime.jar: R8: Expected stack map table for method with non-linear control flow. In later version of R8, the method may be assumed not reachable.
WARNING: C:\Users\Admin\.gradle\caches\9.5.0\transforms\3bc3e8b59ac242766612a83882366de8\transformed\common-9.9.10-runtime.jar: R8: Expected stack map table for method with non-linear control flow. In later version of R8, the method may be assumed not reachable.
WARNING: C:\Users\Admin\.gradle\caches\9.5.0\transforms\3bc3e8b59ac242766612a83882366de8\transformed\common-9.9.10-runtime.jar: R8: Expected stack map table for method with non-linear control flow. In later version of R8, the method may be assumed not reachable.
WARNING: C:\Users\Admin\.gradle\caches\9.5.0\transforms\3bc3e8b59ac242766612a83882366de8\transformed\common-9.9.10-runtime.jar: R8: Expected stack map table for method with non-linear control flow. In later version of R8, the method may be assumed not reachable.
WARNING: C:\Users\Admin\.gradle\caches\9.5.0\transforms\3bc3e8b59ac242766612a83882366de8\transformed\common-9.9.10-runtime.jar: R8: Expected stack map table for method with non-linear control flow. In later version of R8, the method may be assumed not reachable.
WARNING: C:\Users\Admin\.gradle\caches\9.5.0\transforms\3bc3e8b59ac242766612a83882366de8\transformed\common-9.9.10-runtime.jar: R8: Expected stack map table for method with non-linear control flow. In later version of R8, the method may be assumed not reachable.
WARNING: C:\Users\Admin\.gradle\caches\9.5.0\transforms\3bc3e8b59ac242766612a83882366de8\transformed\common-9.9.10-runtime.jar: R8: Expected stack map table for method with non-linear control flow. In later version of R8, the method may be assumed not reachable.
WARNING: C:\Users\Admin\.gradle\caches\9.5.0\transforms\3bc3e8b59ac242766612a83882366de8\transformed\common-9.9.10-runtime.jar: R8: Expected stack map table for method with non-linear control flow. In later version of R8, the method may be assumed not reachable.
WARNING: C:\Users\Admin\.gradle\caches\9.5.0\transforms\3bc3e8b59ac242766612a83882366de8\transformed\common-9.9.10-runtime.jar: R8: Expected stack map table for method with non-linear control flow. In later version of R8, the method may be assumed not reachable.
WARNING: C:\Users\Admin\.gradle\caches\9.5.0\transforms\3bc3e8b59ac242766612a83882366de8\transformed\common-9.9.10-runtime.jar: R8: Expected stack map table for method with non-linear control flow. In later version of R8, the method may be assumed not reachable.
WARNING: C:\Users\Admin\.gradle\caches\9.5.0\transforms\3bc3e8b59ac242766612a83882366de8\transformed\common-9.9.10-runtime.jar: R8: Expected stack map table for method with non-linear control flow. In later version of R8, the method may be assumed not reachable.
WARNING: C:\Users\Admin\.gradle\caches\9.5.0\transforms\3bc3e8b59ac242766612a83882366de8\transformed\common-9.9.10-runtime.jar: R8: Expected stack map table for method with non-linear control flow. In later version of R8, the method may be assumed not reachable.
WARNING: C:\Users\Admin\.gradle\caches\9.5.0\transforms\3bc3e8b59ac242766612a83882366de8\transformed\common-9.9.10-runtime.jar: R8: Expected stack map table for method with non-linear control flow. In later version of R8, the method may be assumed not reachable.
WARNING: C:\Users\Admin\.gradle\caches\9.5.0\transforms\3bc3e8b59ac242766612a83882366de8\transformed\common-9.9.10-runtime.jar: R8: Expected stack map table for method with non-linear control flow. In later version of R8, the method may be assumed not reachable.
WARNING: C:\Users\Admin\.gradle\caches\9.5.0\transforms\3bc3e8b59ac242766612a83882366de8\transformed\common-9.9.10-runtime.jar: R8: Expected stack map table for method with non-linear control flow. In later version of R8, the method may be assumed not reachable.
WARNING: C:\Users\Admin\.gradle\caches\9.5.0\transforms\3bc3e8b59ac242766612a83882366de8\transformed\common-9.9.10-runtime.jar: R8: Expected stack map table for method with non-linear control flow. In later version of R8, the method may be assumed not reachable.
WARNING: C:\Users\Admin\.gradle\caches\9.5.0\transforms\3bc3e8b59ac242766612a83882366de8\transformed\common-9.9.10-runtime.jar: R8: Expected stack map table for method with non-linear control flow. In later version of R8, the method may be assumed not reachable.
WARNING: C:\Users\Admin\.gradle\caches\9.5.0\transforms\3bc3e8b59ac242766612a83882366de8\transformed\common-9.9.10-runtime.jar: R8: Expected stack map table for method with non-linear control flow. In later version of R8, the method may be assumed not reachable.
WARNING: C:\Users\Admin\.gradle\caches\9.5.0\transforms\3bc3e8b59ac242766612a83882366de8\transformed\common-9.9.10-runtime.jar: R8: Expected stack map table for method with non-linear control flow. In later version of R8, the method may be assumed not reachable.
WARNING: C:\Users\Admin\.gradle\caches\9.5.0\transforms\3bc3e8b59ac242766612a83882366de8\transformed\common-9.9.10-runtime.jar: R8: Expected stack map table for method with non-linear control flow. In later version of R8, the method may be assumed not reachable.
WARNING: C:\Users\Admin\.gradle\caches\9.5.0\transforms\3bc3e8b59ac242766612a83882366de8\transformed\common-9.9.10-runtime.jar: R8: Expected stack map table for method with non-linear control flow. In later version of R8, the method may be assumed not reachable.
WARNING: C:\Users\Admin\.gradle\caches\9.5.0\transforms\3bc3e8b59ac242766612a83882366de8\transformed\common-9.9.10-runtime.jar: R8: Expected stack map table for method with non-linear control flow. In later version of R8, the method may be assumed not reachable.
WARNING: C:\Users\Admin\.gradle\caches\9.5.0\transforms\3bc3e8b59ac242766612a83882366de8\transformed\common-9.9.10-runtime.jar: R8: Expected stack map table for method with non-linear control flow. In later version of R8, the method may be assumed not reachable.
WARNING: C:\Users\Admin\.gradle\caches\9.5.0\transforms\3bc3e8b59ac242766612a83882366de8\transformed\common-9.9.10-runtime.jar: R8: Expected stack map table for method with non-linear control flow. In later version of R8, the method may be assumed not reachable.
WARNING: C:\Users\Admin\.gradle\caches\9.5.0\transforms\3bc3e8b59ac242766612a83882366de8\transformed\common-9.9.10-runtime.jar: R8: Expected stack map table for method with non-linear control flow. In later version of R8, the method may be assumed not reachable.
WARNING: C:\Users\Admin\.gradle\caches\9.5.0\transforms\3bc3e8b59ac242766612a83882366de8\transformed\common-9.9.10-runtime.jar: R8: Expected stack map table for method with non-linear control flow. In later version of R8, the method may be assumed not reachable.
WARNING: C:\Users\Admin\.gradle\caches\9.5.0\transforms\3bc3e8b59ac242766612a83882366de8\transformed\common-9.9.10-runtime.jar: R8: Expected stack map table for method with non-linear control flow. In later version of R8, the method may be assumed not reachable.
WARNING: C:\Users\Admin\.gradle\caches\9.5.0\transforms\3bc3e8b59ac242766612a83882366de8\transformed\common-9.9.10-runtime.jar: R8: Expected stack map table for method with non-linear control flow. In later version of R8, the method may be assumed not reachable.
WARNING: C:\Users\Admin\.gradle\caches\9.5.0\transforms\3bc3e8b59ac242766612a83882366de8\transformed\common-9.9.10-runtime.jar: R8: Expected stack map table for method with non-linear control flow. In later version of R8, the method may be assumed not reachable.
WARNING: C:\Users\Admin\.gradle\caches\9.5.0\transforms\3bc3e8b59ac242766612a83882366de8\transformed\common-9.9.10-runtime.jar: R8: Expected stack map table for method with non-linear control flow. In later version of R8, the method may be assumed not reachable.
WARNING: C:\Users\Admin\.gradle\caches\9.5.0\transforms\3bc3e8b59ac242766612a83882366de8\transformed\common-9.9.10-runtime.jar: R8: Expected stack map table for method with non-linear control flow. In later version of R8, the method may be assumed not reachable.
WARNING: C:\Users\Admin\.gradle\caches\9.5.0\transforms\3bc3e8b59ac242766612a83882366de8\transformed\common-9.9.10-runtime.jar: R8: Expected stack map table for method with non-linear control flow. In later version of R8, the method may be assumed not reachable.
WARNING: C:\Users\Admin\.gradle\caches\9.5.0\transforms\3bc3e8b59ac242766612a83882366de8\transformed\common-9.9.10-runtime.jar: R8: Expected stack map table for method with non-linear control flow. In later version of R8, the method may be assumed not reachable.
WARNING: C:\Users\Admin\.gradle\caches\9.5.0\transforms\3bc3e8b59ac242766612a83882366de8\transformed\common-9.9.10-runtime.jar: R8: Expected stack map table for method with non-linear control flow. In later version of R8, the method may be assumed not reachable.
WARNING: C:\Users\Admin\.gradle\caches\9.5.0\transforms\3bc3e8b59ac242766612a83882366de8\transformed\common-9.9.10-runtime.jar: R8: Expected stack map table for method with non-linear control flow. In later version of R8, the method may be assumed not reachable.
WARNING: C:\Users\Admin\.gradle\caches\9.5.0\transforms\3bc3e8b59ac242766612a83882366de8\transformed\common-9.9.10-runtime.jar: R8: Expected stack map table for method with non-linear control flow. In later version of R8, the method may be assumed not reachable.
WARNING: C:\Users\Admin\.gradle\caches\9.5.0\transforms\3bc3e8b59ac242766612a83882366de8\transformed\common-9.9.10-runtime.jar: R8: Expected stack map table for method with non-linear control flow. In later version of R8, the method may be assumed not reachable.
WARNING: C:\Users\Admin\.gradle\caches\9.5.0\transforms\3bc3e8b59ac242766612a83882366de8\transformed\common-9.9.10-runtime.jar: R8: Expected stack map table for method with non-linear control flow. In later version of R8, the method may be assumed not reachable.
WARNING: C:\Users\Admin\.gradle\caches\9.5.0\transforms\3bc3e8b59ac242766612a83882366de8\transformed\common-9.9.10-runtime.jar: R8: Expected stack map table for method with non-linear control flow. In later version of R8, the method may be assumed not reachable.
WARNING: C:\Users\Admin\.gradle\caches\9.5.0\transforms\3bc3e8b59ac242766612a83882366de8\transformed\common-9.9.10-runtime.jar: R8: Expected stack map table for method with non-linear control flow. In later version of R8, the method may be assumed not reachable.
WARNING: C:\Users\Admin\.gradle\caches\9.5.0\transforms\3bc3e8b59ac242766612a83882366de8\transformed\common-9.9.10-runtime.jar: R8: Expected stack map table for method with non-linear control flow. In later version of R8, the method may be assumed not reachable.
WARNING: C:\Users\Admin\.gradle\caches\9.5.0\transforms\3bc3e8b59ac242766612a83882366de8\transformed\common-9.9.10-runtime.jar: R8: Expected stack map table for method with non-linear control flow. In later version of R8, the method may be assumed not reachable.
WARNING: C:\Users\Admin\.gradle\caches\9.5.0\transforms\3bc3e8b59ac242766612a83882366de8\transformed\common-9.9.10-runtime.jar: R8: Expected stack map table for method with non-linear control flow. In later version of R8, the method may be assumed not reachable.
WARNING: C:\Users\Admin\.gradle\caches\9.5.0\transforms\3bc3e8b59ac242766612a83882366de8\transformed\common-9.9.10-runtime.jar: R8: Expected stack map table for method with non-linear control flow. In later version of R8, the method may be assumed not reachable.
WARNING: C:\Users\Admin\.gradle\caches\9.5.0\transforms\3bc3e8b59ac242766612a83882366de8\transformed\common-9.9.10-runtime.jar: R8: Expected stack map table for method with non-linear control flow. In later version of R8, the method may be assumed not reachable.
WARNING: C:\Users\Admin\.gradle\caches\9.5.0\transforms\3bc3e8b59ac242766612a83882366de8\transformed\common-9.9.10-runtime.jar: R8: Expected stack map table for method with non-linear control flow. In later version of R8, the method may be assumed not reachable.
WARNING: C:\Users\Admin\.gradle\caches\9.5.0\transforms\3bc3e8b59ac242766612a83882366de8\transformed\common-9.9.10-runtime.jar: R8: Expected stack map table for method with non-linear control flow. In later version of R8, the method may be assumed not reachable.
WARNING: C:\Users\Admin\.gradle\caches\9.5.0\transforms\3bc3e8b59ac242766612a83882366de8\transformed\common-9.9.10-runtime.jar: R8: Expected stack map table for method with non-linear control flow. In later version of R8, the method may be assumed not reachable.
WARNING: C:\Users\Admin\.gradle\caches\9.5.0\transforms\3bc3e8b59ac242766612a83882366de8\transformed\common-9.9.10-runtime.jar: R8: Expected stack map table for method with non-linear control flow. In later version of R8, the method may be assumed not reachable.
WARNING: C:\Users\Admin\.gradle\caches\9.5.0\transforms\3bc3e8b59ac242766612a83882366de8\transformed\common-9.9.10-runtime.jar: R8: Expected stack map table for method with non-linear control flow. In later version of R8, the method may be assumed not reachable.
WARNING: C:\Users\Admin\.gradle\caches\9.5.0\transforms\3bc3e8b59ac242766612a83882366de8\transformed\common-9.9.10-runtime.jar: R8: Expected stack map table for method with non-linear control flow. In later version of R8, the method may be assumed not reachable.
WARNING: C:\Users\Admin\.gradle\caches\9.5.0\transforms\3bc3e8b59ac242766612a83882366de8\transformed\common-9.9.10-runtime.jar: R8: Expected stack map table for method with non-linear control flow. In later version of R8, the method may be assumed not reachable.
WARNING: C:\Users\Admin\.gradle\caches\9.5.0\transforms\3bc3e8b59ac242766612a83882366de8\transformed\common-9.9.10-runtime.jar: R8: Expected stack map table for method with non-linear control flow. In later version of R8, the method may be assumed not reachable.
WARNING: C:\Users\Admin\.gradle\caches\9.5.0\transforms\3bc3e8b59ac242766612a83882366de8\transformed\common-9.9.10-runtime.jar: R8: Expected stack map table for method with non-linear control flow. In later version of R8, the method may be assumed not reachable.
WARNING: C:\Users\Admin\.gradle\caches\9.5.0\transforms\3bc3e8b59ac242766612a83882366de8\transformed\common-9.9.10-runtime.jar: R8: Expected stack map table for method with non-linear control flow. In later version of R8, the method may be assumed not reachable.
WARNING: C:\Users\Admin\.gradle\caches\9.5.0\transforms\3bc3e8b59ac242766612a83882366de8\transformed\common-9.9.10-runtime.jar: R8: Expected stack map table for method with non-linear control flow. In later version of R8, the method may be assumed not reachable.
WARNING: C:\Users\Admin\.gradle\caches\9.5.0\transforms\3bc3e8b59ac242766612a83882366de8\transformed\common-9.9.10-runtime.jar: R8: Expected stack map table for method with non-linear control flow. In later version of R8, the method may be assumed not reachable.
WARNING: C:\Users\Admin\.gradle\caches\9.5.0\transforms\3bc3e8b59ac242766612a83882366de8\transformed\common-9.9.10-runtime.jar: R8: Expected stack map table for method with non-linear control flow. In later version of R8, the method may be assumed not reachable.
WARNING: C:\Users\Admin\.gradle\caches\9.5.0\transforms\3bc3e8b59ac242766612a83882366de8\transformed\common-9.9.10-runtime.jar: R8: Expected stack map table for method with non-linear control flow. In later version of R8, the method may be assumed not reachable.
WARNING: C:\Users\Admin\.gradle\caches\9.5.0\transforms\3bc3e8b59ac242766612a83882366de8\transformed\common-9.9.10-runtime.jar: R8: Expected stack map table for method with non-linear control flow. In later version of R8, the method may be assumed not reachable.
WARNING: C:\Users\Admin\.gradle\caches\9.5.0\transforms\3bc3e8b59ac242766612a83882366de8\transformed\common-9.9.10-runtime.jar: R8: Expected stack map table for method with non-linear control flow. In later version of R8, the method may be assumed not reachable.
WARNING: C:\Users\Admin\.gradle\caches\9.5.0\transforms\3bc3e8b59ac242766612a83882366de8\transformed\common-9.9.10-runtime.jar: R8: Expected stack map table for method with non-linear control flow. In later version of R8, the method may be assumed not reachable.
WARNING: C:\Users\Admin\.gradle\caches\9.5.0\transforms\3bc3e8b59ac242766612a83882366de8\transformed\common-9.9.10-runtime.jar: R8: Expected stack map table for method with non-linear control flow. In later version of R8, the method may be assumed not reachable.
WARNING: C:\Users\Admin\.gradle\caches\9.5.0\transforms\3bc3e8b59ac242766612a83882366de8\transformed\common-9.9.10-runtime.jar: R8: Expected stack map table for method with non-linear control flow. In later version of R8, the method may be assumed not reachable.
WARNING: C:\Users\Admin\.gradle\caches\9.5.0\transforms\3bc3e8b59ac242766612a83882366de8\transformed\common-9.9.10-runtime.jar: R8: Expected stack map table for method with non-linear control flow. In later version of R8, the method may be assumed not reachable.
WARNING: C:\Users\Admin\.gradle\caches\9.5.0\transforms\3bc3e8b59ac242766612a83882366de8\transformed\common-9.9.10-runtime.jar: R8: Expected stack map table for method with non-linear control flow. In later version of R8, the method may be assumed not reachable.
WARNING: C:\Users\Admin\.gradle\caches\9.5.0\transforms\3bc3e8b59ac242766612a83882366de8\transformed\common-9.9.10-runtime.jar: R8: Expected stack map table for method with non-linear control flow. In later version of R8, the method may be assumed not reachable.
WARNING: C:\Users\Admin\.gradle\caches\9.5.0\transforms\3bc3e8b59ac242766612a83882366de8\transformed\common-9.9.10-runtime.jar: R8: Expected stack map table for method with non-linear control flow. In later version of R8, the method may be assumed not reachable.
WARNING: C:\Users\Admin\.gradle\caches\9.5.0\transforms\3bc3e8b59ac242766612a83882366de8\transformed\common-9.9.10-runtime.jar: R8: Expected stack map table for method with non-linear control flow. In later version of R8, the method may be assumed not reachable.
WARNING: C:\Users\Admin\.gradle\caches\9.5.0\transforms\3bc3e8b59ac242766612a83882366de8\transformed\common-9.9.10-runtime.jar: R8: Expected stack map table for method with non-linear control flow. In later version of R8, the method may be assumed not reachable.
WARNING: C:\Users\Admin\.gradle\caches\9.5.0\transforms\3bc3e8b59ac242766612a83882366de8\transformed\common-9.9.10-runtime.jar: R8: Expected stack map table for method with non-linear control flow. In later version of R8, the method may be assumed not reachable.
WARNING: C:\Users\Admin\.gradle\caches\9.5.0\transforms\3bc3e8b59ac242766612a83882366de8\transformed\common-9.9.10-runtime.jar: R8: Expected stack map table for method with non-linear control flow. In later version of R8, the method may be assumed not reachable.
WARNING: C:\Users\Admin\.gradle\caches\9.5.0\transforms\3bc3e8b59ac242766612a83882366de8\transformed\common-9.9.10-runtime.jar: R8: Expected stack map table for method with non-linear control flow. In later version of R8, the method may be assumed not reachable.
WARNING: C:\Users\Admin\.gradle\caches\9.5.0\transforms\3bc3e8b59ac242766612a83882366de8\transformed\common-9.9.10-runtime.jar: R8: Expected stack map table for method with non-linear control flow. In later version of R8, the method may be assumed not reachable.
WARNING: C:\Users\Admin\.gradle\caches\9.5.0\transforms\3bc3e8b59ac242766612a83882366de8\transformed\common-9.9.10-runtime.jar: R8: Expected stack map table for method with non-linear control flow. In later version of R8, the method may be assumed not reachable.
WARNING: C:\Users\Admin\.gradle\caches\9.5.0\transforms\3bc3e8b59ac242766612a83882366de8\transformed\common-9.9.10-runtime.jar: R8: Expected stack map table for method with non-linear control flow. In later version of R8, the method may be assumed not reachable.
WARNING: C:\Users\Admin\.gradle\caches\9.5.0\transforms\3bc3e8b59ac242766612a83882366de8\transformed\common-9.9.10-runtime.jar: R8: Expected stack map table for method with non-linear control flow. In later version of R8, the method may be assumed not reachable.
WARNING: C:\Users\Admin\.gradle\caches\9.5.0\transforms\3bc3e8b59ac242766612a83882366de8\transformed\common-9.9.10-runtime.jar: R8: Expected stack map table for method with non-linear control flow. In later version of R8, the method may be assumed not reachable.
WARNING: C:\Users\Admin\.gradle\caches\9.5.0\transforms\3bc3e8b59ac242766612a83882366de8\transformed\common-9.9.10-runtime.jar: R8: Expected stack map table for method with non-linear control flow. In later version of R8, the method may be assumed not reachable.
WARNING: C:\Users\Admin\.gradle\caches\9.5.0\transforms\3bc3e8b59ac242766612a83882366de8\transformed\common-9.9.10-runtime.jar: R8: Expected stack map table for method with non-linear control flow. In later version of R8, the method may be assumed not reachable.
WARNING: C:\Users\Admin\.gradle\caches\9.5.0\transforms\3bc3e8b59ac242766612a83882366de8\transformed\common-9.9.10-runtime.jar: R8: Expected stack map table for method with non-linear control flow. In later version of R8, the method may be assumed not reachable.
WARNING: C:\Users\Admin\.gradle\caches\9.5.0\transforms\3bc3e8b59ac242766612a83882366de8\transformed\common-9.9.10-runtime.jar: R8: Expected stack map table for method with non-linear control flow. In later version of R8, the method may be assumed not reachable.
WARNING: C:\Users\Admin\.gradle\caches\9.5.0\transforms\3bc3e8b59ac242766612a83882366de8\transformed\common-9.9.10-runtime.jar: R8: Expected stack map table for method with non-linear control flow. In later version of R8, the method may be assumed not reachable.
WARNING: C:\Users\Admin\.gradle\caches\9.5.0\transforms\3bc3e8b59ac242766612a83882366de8\transformed\common-9.9.10-runtime.jar: R8: Expected stack map table for method with non-linear control flow. In later version of R8, the method may be assumed not reachable.
WARNING: C:\Users\Admin\.gradle\caches\9.5.0\transforms\3bc3e8b59ac242766612a83882366de8\transformed\common-9.9.10-runtime.jar: R8: Expected stack map table for method with non-linear control flow. In later version of R8, the method may be assumed not reachable.
WARNING: C:\Users\Admin\.gradle\caches\9.5.0\transforms\3bc3e8b59ac242766612a83882366de8\transformed\common-9.9.10-runtime.jar: R8: Expected stack map table for method with non-linear control flow. In later version of R8, the method may be assumed not reachable.
WARNING: C:\Users\Admin\.gradle\caches\9.5.0\transforms\3bc3e8b59ac242766612a83882366de8\transformed\common-9.9.10-runtime.jar: R8: Expected stack map table for method with non-linear control flow. In later version of R8, the method may be assumed not reachable.
WARNING: C:\Users\Admin\.gradle\caches\9.5.0\transforms\3bc3e8b59ac242766612a83882366de8\transformed\common-9.9.10-runtime.jar: R8: Expected stack map table for method with non-linear control flow. In later version of R8, the method may be assumed not reachable.
WARNING: C:\Users\Admin\.gradle\caches\9.5.0\transforms\3bc3e8b59ac242766612a83882366de8\transformed\common-9.9.10-runtime.jar: R8: Expected stack map table for method with non-linear control flow. In later version of R8, the method may be assumed not reachable.
WARNING: C:\Users\Admin\.gradle\caches\9.5.0\transforms\3bc3e8b59ac242766612a83882366de8\transformed\common-9.9.10-runtime.jar: R8: Expected stack map table for method with non-linear control flow. In later version of R8, the method may be assumed not reachable.
WARNING: C:\Users\Admin\.gradle\caches\9.5.0\transforms\3bc3e8b59ac242766612a83882366de8\transformed\common-9.9.10-runtime.jar: R8: Expected stack map table for method with non-linear control flow. In later version of R8, the method may be assumed not reachable.
WARNING: C:\Users\Admin\.gradle\caches\9.5.0\transforms\3bc3e8b59ac242766612a83882366de8\transformed\common-9.9.10-runtime.jar: R8: Expected stack map table for method with non-linear control flow. In later version of R8, the method may be assumed not reachable.
WARNING: C:\Users\Admin\.gradle\caches\9.5.0\transforms\3bc3e8b59ac242766612a83882366de8\transformed\common-9.9.10-runtime.jar: R8: Expected stack map table for method with non-linear control flow. In later version of R8, the method may be assumed not reachable.
WARNING: C:\Users\Admin\.gradle\caches\9.5.0\transforms\3bc3e8b59ac242766612a83882366de8\transformed\common-9.9.10-runtime.jar: R8: Expected stack map table for method with non-linear control flow. In later version of R8, the method may be assumed not reachable.
WARNING: C:\Users\Admin\.gradle\caches\9.5.0\transforms\3bc3e8b59ac242766612a83882366de8\transformed\common-9.9.10-runtime.jar: R8: Expected stack map table for method with non-linear control flow. In later version of R8, the method may be assumed not reachable.
WARNING: C:\Users\Admin\.gradle\caches\9.5.0\transforms\3bc3e8b59ac242766612a83882366de8\transformed\common-9.9.10-runtime.jar: R8: Expected stack map table for method with non-linear control flow. In later version of R8, the method may be assumed not reachable.
WARNING: C:\Users\Admin\.gradle\caches\9.5.0\transforms\3bc3e8b59ac242766612a83882366de8\transformed\common-9.9.10-runtime.jar: R8: Expected stack map table for method with non-linear control flow. In later version of R8, the method may be assumed not reachable.
WARNING: C:\Users\Admin\.gradle\caches\9.5.0\transforms\3bc3e8b59ac242766612a83882366de8\transformed\common-9.9.10-runtime.jar: R8: Expected stack map table for method with non-linear control flow. In later version of R8, the method may be assumed not reachable.
WARNING: C:\Users\Admin\.gradle\caches\9.5.0\transforms\3bc3e8b59ac242766612a83882366de8\transformed\common-9.9.10-runtime.jar: R8: Expected stack map table for method with non-linear control flow. In later version of R8, the method may be assumed not reachable.
WARNING: C:\Users\Admin\.gradle\caches\9.5.0\transforms\3bc3e8b59ac242766612a83882366de8\transformed\common-9.9.10-runtime.jar: R8: Expected stack map table for method with non-linear control flow. In later version of R8, the method may be assumed not reachable.
WARNING: C:\Users\Admin\.gradle\caches\9.5.0\transforms\3bc3e8b59ac242766612a83882366de8\transformed\common-9.9.10-runtime.jar: R8: Expected stack map table for method with non-linear control flow. In later version of R8, the method may be assumed not reachable.
WARNING: C:\Users\Admin\.gradle\caches\9.5.0\transforms\3bc3e8b59ac242766612a83882366de8\transformed\common-9.9.10-runtime.jar: R8: Expected stack map table for method with non-linear control flow. In later version of R8, the method may be assumed not reachable.
WARNING: C:\Users\Admin\.gradle\caches\9.5.0\transforms\3bc3e8b59ac242766612a83882366de8\transformed\common-9.9.10-runtime.jar: R8: Expected stack map table for method with non-linear control flow. In later version of R8, the method may be assumed not reachable.
WARNING: C:\Users\Admin\.gradle\caches\9.5.0\transforms\3bc3e8b59ac242766612a83882366de8\transformed\common-9.9.10-runtime.jar: R8: Expected stack map table for method with non-linear control flow. In later version of R8, the method may be assumed not reachable.
WARNING: C:\Users\Admin\.gradle\caches\9.5.0\transforms\3bc3e8b59ac242766612a83882366de8\transformed\common-9.9.10-runtime.jar: R8: Expected stack map table for method with non-linear control flow. In later version of R8, the method may be assumed not reachable.
WARNING: C:\Users\Admin\.gradle\caches\9.5.0\transforms\3bc3e8b59ac242766612a83882366de8\transformed\common-9.9.10-runtime.jar: R8: Expected stack map table for method with non-linear control flow. In later version of R8, the method may be assumed not reachable.
WARNING: C:\Users\Admin\.gradle\caches\9.5.0\transforms\3bc3e8b59ac242766612a83882366de8\transformed\common-9.9.10-runtime.jar: R8: Expected stack map table for method with non-linear control flow. In later version of R8, the method may be assumed not reachable.
WARNING: C:\Users\Admin\.gradle\caches\9.5.0\transforms\3bc3e8b59ac242766612a83882366de8\transformed\common-9.9.10-runtime.jar: R8: Expected stack map table for method with non-linear control flow. In later version of R8, the method may be assumed not reachable.
WARNING: C:\Users\Admin\.gradle\caches\9.5.0\transforms\3bc3e8b59ac242766612a83882366de8\transformed\common-9.9.10-runtime.jar: R8: Expected stack map table for method with non-linear control flow. In later version of R8, the method may be assumed not reachable.
WARNING: C:\Users\Admin\.gradle\caches\9.5.0\transforms\3bc3e8b59ac242766612a83882366de8\transformed\common-9.9.10-runtime.jar: R8: Expected stack map table for method with non-linear control flow. In later version of R8, the method may be assumed not reachable.
WARNING: C:\Users\Admin\.gradle\caches\9.5.0\transforms\3bc3e8b59ac242766612a83882366de8\transformed\common-9.9.10-runtime.jar: R8: Expected stack map table for method with non-linear control flow. In later version of R8, the method may be assumed not reachable.
WARNING: C:\Users\Admin\.gradle\caches\9.5.0\transforms\3bc3e8b59ac242766612a83882366de8\transformed\common-9.9.10-runtime.jar: R8: Expected stack map table for method with non-linear control flow. In later version of R8, the method may be assumed not reachable.
WARNING: C:\Users\Admin\.gradle\caches\9.5.0\transforms\3bc3e8b59ac242766612a83882366de8\transformed\common-9.9.10-runtime.jar: R8: Expected stack map table for method with non-linear control flow. In later version of R8, the method may be assumed not reachable.
WARNING: C:\Users\Admin\.gradle\caches\9.5.0\transforms\3bc3e8b59ac242766612a83882366de8\transformed\common-9.9.10-runtime.jar: R8: Expected stack map table for method with non-linear control flow. In later version of R8, the method may be assumed not reachable.
WARNING: C:\Users\Admin\.gradle\caches\9.5.0\transforms\3bc3e8b59ac242766612a83882366de8\transformed\common-9.9.10-runtime.jar: R8: Expected stack map table for method with non-linear control flow. In later version of R8, the method may be assumed not reachable.
WARNING: C:\Users\Admin\.gradle\caches\9.5.0\transforms\3bc3e8b59ac242766612a83882366de8\transformed\common-9.9.10-runtime.jar: R8: Expected stack map table for method with non-linear control flow. In later version of R8, the method may be assumed not reachable.
WARNING: C:\Users\Admin\.gradle\caches\9.5.0\transforms\3bc3e8b59ac242766612a83882366de8\transformed\common-9.9.10-runtime.jar: R8: Expected stack map table for method with non-linear control flow. In later version of R8, the method may be assumed not reachable.
WARNING: C:\Users\Admin\.gradle\caches\9.5.0\transforms\3bc3e8b59ac242766612a83882366de8\transformed\common-9.9.10-runtime.jar: R8: Expected stack map table for method with non-linear control flow. In later version of R8, the method may be assumed not reachable.
WARNING: C:\Users\Admin\.gradle\caches\9.5.0\transforms\3bc3e8b59ac242766612a83882366de8\transformed\common-9.9.10-runtime.jar: R8: Expected stack map table for method with non-linear control flow. In later version of R8, the method may be assumed not reachable.
WARNING: C:\Users\Admin\.gradle\caches\9.5.0\transforms\3bc3e8b59ac242766612a83882366de8\transformed\common-9.9.10-runtime.jar: R8: Expected stack map table for method with non-linear control flow. In later version of R8, the method may be assumed not reachable.
WARNING: C:\Users\Admin\.gradle\caches\9.5.0\transforms\3bc3e8b59ac242766612a83882366de8\transformed\common-9.9.10-runtime.jar: R8: Expected stack map table for method with non-linear control flow. In later version of R8, the method may be assumed not reachable.
WARNING: C:\Users\Admin\.gradle\caches\9.5.0\transforms\3bc3e8b59ac242766612a83882366de8\transformed\common-9.9.10-runtime.jar: R8: Expected stack map table for method with non-linear control flow. In later version of R8, the method may be assumed not reachable.
WARNING: C:\Users\Admin\.gradle\caches\9.5.0\transforms\3bc3e8b59ac242766612a83882366de8\transformed\common-9.9.10-runtime.jar: R8: Expected stack map table for method with non-linear control flow. In later version of R8, the method may be assumed not reachable.
WARNING: C:\Users\Admin\.gradle\caches\9.5.0\transforms\3bc3e8b59ac242766612a83882366de8\transformed\common-9.9.10-runtime.jar: R8: Expected stack map table for method with non-linear control flow. In later version of R8, the method may be assumed not reachable.
WARNING: C:\Users\Admin\.gradle\caches\9.5.0\transforms\3bc3e8b59ac242766612a83882366de8\transformed\common-9.9.10-runtime.jar: R8: Expected stack map table for method with non-linear control flow. In later version of R8, the method may be assumed not reachable.
WARNING: C:\Users\Admin\.gradle\caches\9.5.0\transforms\3bc3e8b59ac242766612a83882366de8\transformed\common-9.9.10-runtime.jar: R8: Expected stack map table for method with non-linear control flow. In later version of R8, the method may be assumed not reachable.
WARNING: C:\Users\Admin\.gradle\caches\9.5.0\transforms\3bc3e8b59ac242766612a83882366de8\transformed\common-9.9.10-runtime.jar: R8: Expected stack map table for method with non-linear control flow. In later version of R8, the method may be assumed not reachable.
WARNING: C:\Users\Admin\.gradle\caches\9.5.0\transforms\3bc3e8b59ac242766612a83882366de8\transformed\common-9.9.10-runtime.jar: R8: Expected stack map table for method with non-linear control flow. In later version of R8, the method may be assumed not reachable.
WARNING: C:\Users\Admin\.gradle\caches\9.5.0\transforms\3bc3e8b59ac242766612a83882366de8\transformed\common-9.9.10-runtime.jar: R8: Expected stack map table for method with non-linear control flow. In later version of R8, the method may be assumed not reachable.
WARNING: C:\Users\Admin\.gradle\caches\9.5.0\transforms\3bc3e8b59ac242766612a83882366de8\transformed\common-9.9.10-runtime.jar: R8: Expected stack map table for method with non-linear control flow. In later version of R8, the method may be assumed not reachable.
WARNING: C:\Users\Admin\.gradle\caches\9.5.0\transforms\3bc3e8b59ac242766612a83882366de8\transformed\common-9.9.10-runtime.jar: R8: Expected stack map table for method with non-linear control flow. In later version of R8, the method may be assumed not reachable.
WARNING: C:\Users\Admin\.gradle\caches\9.5.0\transforms\3bc3e8b59ac242766612a83882366de8\transformed\common-9.9.10-runtime.jar: R8: Expected stack map table for method with non-linear control flow. In later version of R8, the method may be assumed not reachable.
WARNING: C:\Users\Admin\.gradle\caches\9.5.0\transforms\3bc3e8b59ac242766612a83882366de8\transformed\common-9.9.10-runtime.jar: R8: Expected stack map table for method with non-linear control flow. In later version of R8, the method may be assumed not reachable.
WARNING: C:\Users\Admin\.gradle\caches\9.5.0\transforms\3bc3e8b59ac242766612a83882366de8\transformed\common-9.9.10-runtime.jar: R8: Expected stack map table for method with non-linear control flow. In later version of R8, the method may be assumed not reachable.
WARNING: C:\Users\Admin\.gradle\caches\9.5.0\transforms\3bc3e8b59ac242766612a83882366de8\transformed\common-9.9.10-runtime.jar: R8: Expected stack map table for method with non-linear control flow. In later version of R8, the method may be assumed not reachable.
WARNING: C:\Users\Admin\.gradle\caches\9.5.0\transforms\3bc3e8b59ac242766612a83882366de8\transformed\common-9.9.10-runtime.jar: R8: Expected stack map table for method with non-linear control flow. In later version of R8, the method may be assumed not reachable.
WARNING: C:\Users\Admin\.gradle\caches\9.5.0\transforms\3bc3e8b59ac242766612a83882366de8\transformed\common-9.9.10-runtime.jar: R8: Expected stack map table for method with non-linear control flow. In later version of R8, the method may be assumed not reachable.
WARNING: C:\Users\Admin\.gradle\caches\9.5.0\transforms\3bc3e8b59ac242766612a83882366de8\transformed\common-9.9.10-runtime.jar: R8: Expected stack map table for method with non-linear control flow. In later version of R8, the method may be assumed not reachable.
WARNING: C:\Users\Admin\.gradle\caches\9.5.0\transforms\3bc3e8b59ac242766612a83882366de8\transformed\common-9.9.10-runtime.jar: R8: Expected stack map table for method with non-linear control flow. In later version of R8, the method may be assumed not reachable.
WARNING: C:\Users\Admin\.gradle\caches\9.5.0\transforms\3bc3e8b59ac242766612a83882366de8\transformed\common-9.9.10-runtime.jar: R8: Expected stack map table for method with non-linear control flow. In later version of R8, the method may be assumed not reachable.
WARNING: C:\Users\Admin\.gradle\caches\9.5.0\transforms\3bc3e8b59ac242766612a83882366de8\transformed\common-9.9.10-runtime.jar: R8: Expected stack map table for method with non-linear control flow. In later version of R8, the method may be assumed not reachable.
WARNING: C:\Users\Admin\.gradle\caches\9.5.0\transforms\3bc3e8b59ac242766612a83882366de8\transformed\common-9.9.10-runtime.jar: R8: Expected stack map table for method with non-linear control flow. In later version of R8, the method may be assumed not reachable.
WARNING: C:\Users\Admin\.gradle\caches\9.5.0\transforms\3bc3e8b59ac242766612a83882366de8\transformed\common-9.9.10-runtime.jar: R8: Expected stack map table for method with non-linear control flow. In later version of R8, the method may be assumed not reachable.
WARNING: C:\Users\Admin\.gradle\caches\9.5.0\transforms\3bc3e8b59ac242766612a83882366de8\transformed\common-9.9.10-runtime.jar: R8: Expected stack map table for method with non-linear control flow. In later version of R8, the method may be assumed not reachable.
WARNING: C:\Users\Admin\.gradle\caches\9.5.0\transforms\3bc3e8b59ac242766612a83882366de8\transformed\common-9.9.10-runtime.jar: R8: Expected stack map table for method with non-linear control flow. In later version of R8, the method may be assumed not reachable.
WARNING: C:\Users\Admin\.gradle\caches\9.5.0\transforms\3bc3e8b59ac242766612a83882366de8\transformed\common-9.9.10-runtime.jar: R8: Expected stack map table for method with non-linear control flow. In later version of R8, the method may be assumed not reachable.
WARNING: C:\Users\Admin\.gradle\caches\9.5.0\transforms\3bc3e8b59ac242766612a83882366de8\transformed\common-9.9.10-runtime.jar: R8: Expected stack map table for method with non-linear control flow. In later version of R8, the method may be assumed not reachable.
WARNING: C:\Users\Admin\.gradle\caches\9.5.0\transforms\3bc3e8b59ac242766612a83882366de8\transformed\common-9.9.10-runtime.jar: R8: Expected stack map table for method with non-linear control flow. In later version of R8, the method may be assumed not reachable.
WARNING: C:\Users\Admin\.gradle\caches\9.5.0\transforms\3bc3e8b59ac242766612a83882366de8\transformed\common-9.9.10-runtime.jar: R8: Expected stack map table for method with non-linear control flow. In later version of R8, the method may be assumed not reachable.
WARNING: C:\Users\Admin\.gradle\caches\9.5.0\transforms\3bc3e8b59ac242766612a83882366de8\transformed\common-9.9.10-runtime.jar: R8: Expected stack map table for method with non-linear control flow. In later version of R8, the method may be assumed not reachable.
WARNING: C:\Users\Admin\.gradle\caches\9.5.0\transforms\3bc3e8b59ac242766612a83882366de8\transformed\common-9.9.10-runtime.jar: R8: Expected stack map table for method with non-linear control flow. In later version of R8, the method may be assumed not reachable.
WARNING: C:\Users\Admin\.gradle\caches\9.5.0\transforms\3bc3e8b59ac242766612a83882366de8\transformed\common-9.9.10-runtime.jar: R8: Expected stack map table for method with non-linear control flow. In later version of R8, the method may be assumed not reachable.
WARNING: C:\Users\Admin\.gradle\caches\9.5.0\transforms\3bc3e8b59ac242766612a83882366de8\transformed\common-9.9.10-runtime.jar: R8: Expected stack map table for method with non-linear control flow. In later version of R8, the method may be assumed not reachable.
WARNING: C:\Users\Admin\.gradle\caches\9.5.0\transforms\3bc3e8b59ac242766612a83882366de8\transformed\common-9.9.10-runtime.jar: R8: Expected stack map table for method with non-linear control flow. In later version of R8, the method may be assumed not reachable.
WARNING: C:\Users\Admin\.gradle\caches\9.5.0\transforms\3bc3e8b59ac242766612a83882366de8\transformed\common-9.9.10-runtime.jar: R8: Expected stack map table for method with non-linear control flow. In later version of R8, the method may be assumed not reachable.
WARNING: C:\Users\Admin\.gradle\caches\9.5.0\transforms\3bc3e8b59ac242766612a83882366de8\transformed\common-9.9.10-runtime.jar: R8: Expected stack map table for method with non-linear control flow. In later version of R8, the method may be assumed not reachable.
WARNING: C:\Users\Admin\.gradle\caches\9.5.0\transforms\3bc3e8b59ac242766612a83882366de8\transformed\common-9.9.10-runtime.jar: R8: Expected stack map table for method with non-linear control flow. In later version of R8, the method may be assumed not reachable.
WARNING: C:\Users\Admin\.gradle\caches\9.5.0\transforms\3bc3e8b59ac242766612a83882366de8\transformed\common-9.9.10-runtime.jar: R8: Expected stack map table for method with non-linear control flow. In later version of R8, the method may be assumed not reachable.
WARNING: C:\Users\Admin\.gradle\caches\9.5.0\transforms\3bc3e8b59ac242766612a83882366de8\transformed\common-9.9.10-runtime.jar: R8: Expected stack map table for method with non-linear control flow. In later version of R8, the method may be assumed not reachable.
WARNING: C:\Users\Admin\.gradle\caches\9.5.0\transforms\3bc3e8b59ac242766612a83882366de8\transformed\common-9.9.10-runtime.jar: R8: Expected stack map table for method with non-linear control flow. In later version of R8, the method may be assumed not reachable.
WARNING: C:\Users\Admin\.gradle\caches\9.5.0\transforms\3bc3e8b59ac242766612a83882366de8\transformed\common-9.9.10-runtime.jar: R8: Expected stack map table for method with non-linear control flow. In later version of R8, the method may be assumed not reachable.
WARNING: C:\Users\Admin\.gradle\caches\9.5.0\transforms\3bc3e8b59ac242766612a83882366de8\transformed\common-9.9.10-runtime.jar: R8: Expected stack map table for method with non-linear control flow. In later version of R8, the method may be assumed not reachable.
WARNING: C:\Users\Admin\.gradle\caches\9.5.0\transforms\3bc3e8b59ac242766612a83882366de8\transformed\common-9.9.10-runtime.jar: R8: Expected stack map table for method with non-linear control flow. In later version of R8, the method may be assumed not reachable.
WARNING: C:\Users\Admin\.gradle\caches\9.5.0\transforms\3bc3e8b59ac242766612a83882366de8\transformed\common-9.9.10-runtime.jar: R8: Expected stack map table for method with non-linear control flow. In later version of R8, the method may be assumed not reachable.
WARNING: C:\Users\Admin\.gradle\caches\9.5.0\transforms\3bc3e8b59ac242766612a83882366de8\transformed\common-9.9.10-runtime.jar: R8: Expected stack map table for method with non-linear control flow. In later version of R8, the method may be assumed not reachable.
WARNING: C:\Users\Admin\.gradle\caches\9.5.0\transforms\3bc3e8b59ac242766612a83882366de8\transformed\common-9.9.10-runtime.jar: R8: Expected stack map table for method with non-linear control flow. In later version of R8, the method may be assumed not reachable.
WARNING: C:\Users\Admin\.gradle\caches\9.5.0\transforms\3bc3e8b59ac242766612a83882366de8\transformed\common-9.9.10-runtime.jar: R8: Expected stack map table for method with non-linear control flow. In later version of R8, the method may be assumed not reachable.
WARNING: C:\Users\Admin\.gradle\caches\9.5.0\transforms\3bc3e8b59ac242766612a83882366de8\transformed\common-9.9.10-runtime.jar: R8: Expected stack map table for method with non-linear control flow. In later version of R8, the method may be assumed not reachable.
WARNING: C:\Users\Admin\.gradle\caches\9.5.0\transforms\3bc3e8b59ac242766612a83882366de8\transformed\common-9.9.10-runtime.jar: R8: Expected stack map table for method with non-linear control flow. In later version of R8, the method may be assumed not reachable.
WARNING: C:\Users\Admin\.gradle\caches\9.5.0\transforms\3bc3e8b59ac242766612a83882366de8\transformed\common-9.9.10-runtime.jar: R8: Expected stack map table for method with non-linear control flow. In later version of R8, the method may be assumed not reachable.
WARNING: C:\Users\Admin\.gradle\caches\9.5.0\transforms\3bc3e8b59ac242766612a83882366de8\transformed\common-9.9.10-runtime.jar: R8: Expected stack map table for method with non-linear control flow. In later version of R8, the method may be assumed not reachable.
WARNING: C:\Users\Admin\.gradle\caches\9.5.0\transforms\3bc3e8b59ac242766612a83882366de8\transformed\common-9.9.10-runtime.jar: R8: Expected stack map table for method with non-linear control flow. In later version of R8, the method may be assumed not reachable.
WARNING: C:\Users\Admin\.gradle\caches\9.5.0\transforms\3bc3e8b59ac242766612a83882366de8\transformed\common-9.9.10-runtime.jar: R8: Expected stack map table for method with non-linear control flow. In later version of R8, the method may be assumed not reachable.
WARNING: C:\Users\Admin\.gradle\caches\9.5.0\transforms\3bc3e8b59ac242766612a83882366de8\transformed\common-9.9.10-runtime.jar: R8: Expected stack map table for method with non-linear control flow. In later version of R8, the method may be assumed not reachable.
WARNING: C:\Users\Admin\.gradle\caches\9.5.0\transforms\3bc3e8b59ac242766612a83882366de8\transformed\common-9.9.10-runtime.jar: R8: Expected stack map table for method with non-linear control flow. In later version of R8, the method may be assumed not reachable.
WARNING: C:\Users\Admin\.gradle\caches\9.5.0\transforms\3bc3e8b59ac242766612a83882366de8\transformed\common-9.9.10-runtime.jar: R8: Expected stack map table for method with non-linear control flow. In later version of R8, the method may be assumed not reachable.
WARNING: C:\Users\Admin\.gradle\caches\9.5.0\transforms\3bc3e8b59ac242766612a83882366de8\transformed\common-9.9.10-runtime.jar: R8: Expected stack map table for method with non-linear control flow. In later version of R8, the method may be assumed not reachable.
WARNING: C:\Users\Admin\.gradle\caches\9.5.0\transforms\3bc3e8b59ac242766612a83882366de8\transformed\common-9.9.10-runtime.jar: R8: Expected stack map table for method with non-linear control flow. In later version of R8, the method may be assumed not reachable.
WARNING: C:\Users\Admin\.gradle\caches\9.5.0\transforms\3bc3e8b59ac242766612a83882366de8\transformed\common-9.9.10-runtime.jar: R8: Expected stack map table for method with non-linear control flow. In later version of R8, the method may be assumed not reachable.
WARNING: C:\Users\Admin\.gradle\caches\9.5.0\transforms\3bc3e8b59ac242766612a83882366de8\transformed\common-9.9.10-runtime.jar: R8: Expected stack map table for method with non-linear control flow. In later version of R8, the method may be assumed not reachable.
WARNING: C:\Users\Admin\.gradle\caches\9.5.0\transforms\3bc3e8b59ac242766612a83882366de8\transformed\common-9.9.10-runtime.jar: R8: Expected stack map table for method with non-linear control flow. In later version of R8, the method may be assumed not reachable.
WARNING: C:\Users\Admin\.gradle\caches\9.5.0\transforms\3bc3e8b59ac242766612a83882366de8\transformed\common-9.9.10-runtime.jar: R8: Expected stack map table for method with non-linear control flow. In later version of R8, the method may be assumed not reachable.
WARNING: C:\Users\Admin\.gradle\caches\9.5.0\transforms\3bc3e8b59ac242766612a83882366de8\transformed\common-9.9.10-runtime.jar: R8: Expected stack map table for method with non-linear control flow. In later version of R8, the method may be assumed not reachable.
WARNING: C:\Users\Admin\.gradle\caches\9.5.0\transforms\3bc3e8b59ac242766612a83882366de8\transformed\common-9.9.10-runtime.jar: R8: Expected stack map table for method with non-linear control flow. In later version of R8, the method may be assumed not reachable.
WARNING: C:\Users\Admin\.gradle\caches\9.5.0\transforms\3bc3e8b59ac242766612a83882366de8\transformed\common-9.9.10-runtime.jar: R8: Expected stack map table for method with non-linear control flow. In later version of R8, the method may be assumed not reachable.
WARNING: C:\Users\Admin\.gradle\caches\9.5.0\transforms\3bc3e8b59ac242766612a83882366de8\transformed\common-9.9.10-runtime.jar: R8: Expected stack map table for method with non-linear control flow. In later version of R8, the method may be assumed not reachable.
WARNING: C:\Users\Admin\.gradle\caches\9.5.0\transforms\3bc3e8b59ac242766612a83882366de8\transformed\common-9.9.10-runtime.jar: R8: Expected stack map table for method with non-linear control flow. In later version of R8, the method may be assumed not reachable.
WARNING: C:\Users\Admin\.gradle\caches\9.5.0\transforms\3bc3e8b59ac242766612a83882366de8\transformed\common-9.9.10-runtime.jar: R8: Expected stack map table for method with non-linear control flow. In later version of R8, the method may be assumed not reachable.
WARNING: C:\Users\Admin\.gradle\caches\9.5.0\transforms\3bc3e8b59ac242766612a83882366de8\transformed\common-9.9.10-runtime.jar: R8: Expected stack map table for method with non-linear control flow. In later version of R8, the method may be assumed not reachable.
WARNING: C:\Users\Admin\.gradle\caches\9.5.0\transforms\3bc3e8b59ac242766612a83882366de8\transformed\common-9.9.10-runtime.jar: R8: Expected stack map table for method with non-linear control flow. In later version of R8, the method may be assumed not reachable.
WARNING: C:\Users\Admin\.gradle\caches\9.5.0\transforms\3bc3e8b59ac242766612a83882366de8\transformed\common-9.9.10-runtime.jar: R8: Expected stack map table for method with non-linear control flow. In later version of R8, the method may be assumed not reachable.
WARNING: C:\Users\Admin\.gradle\caches\9.5.0\transforms\3bc3e8b59ac242766612a83882366de8\transformed\common-9.9.10-runtime.jar: R8: Expected stack map table for method with non-linear control flow. In later version of R8, the method may be assumed not reachable.
WARNING: C:\Users\Admin\.gradle\caches\9.5.0\transforms\3bc3e8b59ac242766612a83882366de8\transformed\common-9.9.10-runtime.jar: R8: Expected stack map table for method with non-linear control flow. In later version of R8, the method may be assumed not reachable.
WARNING: C:\Users\Admin\.gradle\caches\9.5.0\transforms\3bc3e8b59ac242766612a83882366de8\transformed\common-9.9.10-runtime.jar: R8: Expected stack map table for method with non-linear control flow. In later version of R8, the method may be assumed not reachable.
WARNING: C:\Users\Admin\.gradle\caches\9.5.0\transforms\3bc3e8b59ac242766612a83882366de8\transformed\common-9.9.10-runtime.jar: R8: Expected stack map table for method with non-linear control flow. In later version of R8, the method may be assumed not reachable.
WARNING: C:\Users\Admin\.gradle\caches\9.5.0\transforms\3bc3e8b59ac242766612a83882366de8\transformed\common-9.9.10-runtime.jar: R8: Expected stack map table for method with non-linear control flow. In later version of R8, the method may be assumed not reachable.
WARNING: C:\Users\Admin\.gradle\caches\9.5.0\transforms\3bc3e8b59ac242766612a83882366de8\transformed\common-9.9.10-runtime.jar: R8: Expected stack map table for method with non-linear control flow. In later version of R8, the method may be assumed not reachable.
WARNING: C:\Users\Admin\.gradle\caches\9.5.0\transforms\3bc3e8b59ac242766612a83882366de8\transformed\common-9.9.10-runtime.jar: R8: Expected stack map table for method with non-linear control flow. In later version of R8, the method may be assumed not reachable.
WARNING: C:\Users\Admin\.gradle\caches\9.5.0\transforms\3bc3e8b59ac242766612a83882366de8\transformed\common-9.9.10-runtime.jar: R8: Expected stack map table for method with non-linear control flow. In later version of R8, the method may be assumed not reachable.
WARNING: C:\Users\Admin\.gradle\caches\9.5.0\transforms\3bc3e8b59ac242766612a83882366de8\transformed\common-9.9.10-runtime.jar: R8: Expected stack map table for method with non-linear control flow. In later version of R8, the method may be assumed not reachable.
WARNING: C:\Users\Admin\.gradle\caches\9.5.0\transforms\3bc3e8b59ac242766612a83882366de8\transformed\common-9.9.10-runtime.jar: R8: Expected stack map table for method with non-linear control flow. In later version of R8, the method may be assumed not reachable.
WARNING: C:\Users\Admin\.gradle\caches\9.5.0\transforms\3bc3e8b59ac242766612a83882366de8\transformed\common-9.9.10-runtime.jar: R8: Expected stack map table for method with non-linear control flow. In later version of R8, the method may be assumed not reachable.
WARNING: C:\Users\Admin\.gradle\caches\9.5.0\transforms\3bc3e8b59ac242766612a83882366de8\transformed\common-9.9.10-runtime.jar: R8: Expected stack map table for method with non-linear control flow. In later version of R8, the method may be assumed not reachable.
WARNING: C:\Users\Admin\.gradle\caches\9.5.0\transforms\3bc3e8b59ac242766612a83882366de8\transformed\common-9.9.10-runtime.jar: R8: Expected stack map table for method with non-linear control flow. In later version of R8, the method may be assumed not reachable.
WARNING: C:\Users\Admin\.gradle\caches\9.5.0\transforms\3bc3e8b59ac242766612a83882366de8\transformed\common-9.9.10-runtime.jar: R8: Expected stack map table for method with non-linear control flow. In later version of R8, the method may be assumed not reachable.
WARNING: C:\Users\Admin\.gradle\caches\9.5.0\transforms\3bc3e8b59ac242766612a83882366de8\transformed\common-9.9.10-runtime.jar: R8: Expected stack map table for method with non-linear control flow. In later version of R8, the method may be assumed not reachable.
WARNING: C:\Users\Admin\.gradle\caches\9.5.0\transforms\3bc3e8b59ac242766612a83882366de8\transformed\common-9.9.10-runtime.jar: R8: Expected stack map table for method with non-linear control flow. In later version of R8, the method may be assumed not reachable.
WARNING: C:\Users\Admin\.gradle\caches\9.5.0\transforms\3bc3e8b59ac242766612a83882366de8\transformed\common-9.9.10-runtime.jar: R8: Expected stack map table for method with non-linear control flow. In later version of R8, the method may be assumed not reachable.
WARNING: C:\Users\Admin\.gradle\caches\9.5.0\transforms\3bc3e8b59ac242766612a83882366de8\transformed\common-9.9.10-runtime.jar: R8: Expected stack map table for method with non-linear control flow. In later version of R8, the method may be assumed not reachable.
WARNING: C:\Users\Admin\.gradle\caches\9.5.0\transforms\3bc3e8b59ac242766612a83882366de8\transformed\common-9.9.10-runtime.jar: R8: Expected stack map table for method with non-linear control flow. In later version of R8, the method may be assumed not reachable.
WARNING: C:\Users\Admin\.gradle\caches\9.5.0\transforms\3bc3e8b59ac242766612a83882366de8\transformed\common-9.9.10-runtime.jar: R8: Expected stack map table for method with non-linear control flow. In later version of R8, the method may be assumed not reachable.
WARNING: C:\Users\Admin\.gradle\caches\9.5.0\transforms\3bc3e8b59ac242766612a83882366de8\transformed\common-9.9.10-runtime.jar: R8: Expected stack map table for method with non-linear control flow. In later version of R8, the method may be assumed not reachable.
WARNING: C:\Users\Admin\.gradle\caches\9.5.0\transforms\3bc3e8b59ac242766612a83882366de8\transformed\common-9.9.10-runtime.jar: R8: Expected stack map table for method with non-linear control flow. In later version of R8, the method may be assumed not reachable.
WARNING: C:\Users\Admin\.gradle\caches\9.5.0\transforms\3bc3e8b59ac242766612a83882366de8\transformed\common-9.9.10-runtime.jar: R8: Expected stack map table for method with non-linear control flow. In later version of R8, the method may be assumed not reachable.
WARNING: C:\Users\Admin\.gradle\caches\9.5.0\transforms\3bc3e8b59ac242766612a83882366de8\transformed\common-9.9.10-runtime.jar: R8: Expected stack map table for method with non-linear control flow. In later version of R8, the method may be assumed not reachable.
WARNING: C:\Users\Admin\.gradle\caches\9.5.0\transforms\3bc3e8b59ac242766612a83882366de8\transformed\common-9.9.10-runtime.jar: R8: Expected stack map table for method with non-linear control flow. In later version of R8, the method may be assumed not reachable.
WARNING: C:\Users\Admin\.gradle\caches\9.5.0\transforms\3bc3e8b59ac242766612a83882366de8\transformed\common-9.9.10-runtime.jar: R8: Expected stack map table for method with non-linear control flow. In later version of R8, the method may be assumed not reachable.
WARNING: C:\Users\Admin\.gradle\caches\9.5.0\transforms\3bc3e8b59ac242766612a83882366de8\transformed\common-9.9.10-runtime.jar: R8: Expected stack map table for method with non-linear control flow. In later version of R8, the method may be assumed not reachable.
WARNING: C:\Users\Admin\.gradle\caches\9.5.0\transforms\3bc3e8b59ac242766612a83882366de8\transformed\common-9.9.10-runtime.jar: R8: Expected stack map table for method with non-linear control flow. In later version of R8, the method may be assumed not reachable.
WARNING: C:\Users\Admin\.gradle\caches\9.5.0\transforms\3bc3e8b59ac242766612a83882366de8\transformed\common-9.9.10-runtime.jar: R8: Expected stack map table for method with non-linear control flow. In later version of R8, the method may be assumed not reachable.
WARNING: C:\Users\Admin\.gradle\caches\9.5.0\transforms\3bc3e8b59ac242766612a83882366de8\transformed\common-9.9.10-runtime.jar: R8: Expected stack map table for method with non-linear control flow. In later version of R8, the method may be assumed not reachable.
WARNING: C:\Users\Admin\.gradle\caches\9.5.0\transforms\3bc3e8b59ac242766612a83882366de8\transformed\common-9.9.10-runtime.jar: R8: Expected stack map table for method with non-linear control flow. In later version of R8, the method may be assumed not reachable.
WARNING: C:\Users\Admin\.gradle\caches\9.5.0\transforms\3bc3e8b59ac242766612a83882366de8\transformed\common-9.9.10-runtime.jar: R8: Expected stack map table for method with non-linear control flow. In later version of R8, the method may be assumed not reachable.
WARNING: C:\Users\Admin\.gradle\caches\9.5.0\transforms\3bc3e8b59ac242766612a83882366de8\transformed\common-9.9.10-runtime.jar: R8: Expected stack map table for method with non-linear control flow. In later version of R8, the method may be assumed not reachable.
WARNING: C:\Users\Admin\.gradle\caches\9.5.0\transforms\3bc3e8b59ac242766612a83882366de8\transformed\common-9.9.10-runtime.jar: R8: Expected stack map table for method with non-linear control flow. In later version of R8, the method may be assumed not reachable.
WARNING: C:\Users\Admin\.gradle\caches\9.5.0\transforms\3bc3e8b59ac242766612a83882366de8\transformed\common-9.9.10-runtime.jar: R8: Expected stack map table for method with non-linear control flow. In later version of R8, the method may be assumed not reachable.
WARNING: C:\Users\Admin\.gradle\caches\9.5.0\transforms\3bc3e8b59ac242766612a83882366de8\transformed\common-9.9.10-runtime.jar: R8: Expected stack map table for method with non-linear control flow. In later version of R8, the method may be assumed not reachable.
WARNING: C:\Users\Admin\.gradle\caches\9.5.0\transforms\3bc3e8b59ac242766612a83882366de8\transformed\common-9.9.10-runtime.jar: R8: Expected stack map table for method with non-linear control flow. In later version of R8, the method may be assumed not reachable.
WARNING: C:\Users\Admin\.gradle\caches\9.5.0\transforms\3bc3e8b59ac242766612a83882366de8\transformed\common-9.9.10-runtime.jar: R8: Expected stack map table for method with non-linear control flow. In later version of R8, the method may be assumed not reachable.
WARNING: C:\Users\Admin\.gradle\caches\9.5.0\transforms\3bc3e8b59ac242766612a83882366de8\transformed\common-9.9.10-runtime.jar: R8: Expected stack map table for method with non-linear control flow. In later version of R8, the method may be assumed not reachable.
WARNING: C:\Users\Admin\.gradle\caches\9.5.0\transforms\3bc3e8b59ac242766612a83882366de8\transformed\common-9.9.10-runtime.jar: R8: Expected stack map table for method with non-linear control flow. In later version of R8, the method may be assumed not reachable.
WARNING: C:\Users\Admin\.gradle\caches\9.5.0\transforms\3bc3e8b59ac242766612a83882366de8\transformed\common-9.9.10-runtime.jar: R8: Expected stack map table for method with non-linear control flow. In later version of R8, the method may be assumed not reachable.
WARNING: C:\Users\Admin\.gradle\caches\9.5.0\transforms\3bc3e8b59ac242766612a83882366de8\transformed\common-9.9.10-runtime.jar: R8: Expected stack map table for method with non-linear control flow. In later version of R8, the method may be assumed not reachable.
WARNING: C:\Users\Admin\.gradle\caches\9.5.0\transforms\3bc3e8b59ac242766612a83882366de8\transformed\common-9.9.10-runtime.jar: R8: Expected stack map table for method with non-linear control flow. In later version of R8, the method may be assumed not reachable.
WARNING: C:\Users\Admin\.gradle\caches\9.5.0\transforms\3bc3e8b59ac242766612a83882366de8\transformed\common-9.9.10-runtime.jar: R8: Expected stack map table for method with non-linear control flow. In later version of R8, the method may be assumed not reachable.
WARNING: C:\Users\Admin\.gradle\caches\9.5.0\transforms\3bc3e8b59ac242766612a83882366de8\transformed\common-9.9.10-runtime.jar: R8: Expected stack map table for method with non-linear control flow. In later version of R8, the method may be assumed not reachable.
WARNING: C:\Users\Admin\.gradle\caches\9.5.0\transforms\3bc3e8b59ac242766612a83882366de8\transformed\common-9.9.10-runtime.jar: R8: Expected stack map table for method with non-linear control flow. In later version of R8, the method may be assumed not reachable.
WARNING: C:\Users\Admin\.gradle\caches\9.5.0\transforms\3bc3e8b59ac242766612a83882366de8\transformed\common-9.9.10-runtime.jar: R8: Expected stack map table for method with non-linear control flow. In later version of R8, the method may be assumed not reachable.
WARNING: C:\Users\Admin\.gradle\caches\9.5.0\transforms\3bc3e8b59ac242766612a83882366de8\transformed\common-9.9.10-runtime.jar: R8: Expected stack map table for method with non-linear control flow. In later version of R8, the method may be assumed not reachable.
WARNING: C:\Users\Admin\.gradle\caches\9.5.0\transforms\3bc3e8b59ac242766612a83882366de8\transformed\common-9.9.10-runtime.jar: R8: Expected stack map table for method with non-linear control flow. In later version of R8, the method may be assumed not reachable.
WARNING: C:\Users\Admin\.gradle\caches\9.5.0\transforms\3bc3e8b59ac242766612a83882366de8\transformed\common-9.9.10-runtime.jar: R8: Expected stack map table for method with non-linear control flow. In later version of R8, the method may be assumed not reachable.
WARNING: C:\Users\Admin\.gradle\caches\9.5.0\transforms\3bc3e8b59ac242766612a83882366de8\transformed\common-9.9.10-runtime.jar: R8: Expected stack map table for method with non-linear control flow. In later version of R8, the method may be assumed not reachable.
WARNING: C:\Users\Admin\.gradle\caches\9.5.0\transforms\3bc3e8b59ac242766612a83882366de8\transformed\common-9.9.10-runtime.jar: R8: Expected stack map table for method with non-linear control flow. In later version of R8, the method may be assumed not reachable.
WARNING: C:\Users\Admin\.gradle\caches\9.5.0\transforms\3bc3e8b59ac242766612a83882366de8\transformed\common-9.9.10-runtime.jar: R8: Expected stack map table for method with non-linear control flow. In later version of R8, the method may be assumed not reachable.
WARNING: C:\Users\Admin\.gradle\caches\9.5.0\transforms\3bc3e8b59ac242766612a83882366de8\transformed\common-9.9.10-runtime.jar: R8: Expected stack map table for method with non-linear control flow. In later version of R8, the method may be assumed not reachable.
WARNING: C:\Users\Admin\.gradle\caches\9.5.0\transforms\3bc3e8b59ac242766612a83882366de8\transformed\common-9.9.10-runtime.jar: R8: Expected stack map table for method with non-linear control flow. In later version of R8, the method may be assumed not reachable.
WARNING: C:\Users\Admin\.gradle\caches\9.5.0\transforms\3bc3e8b59ac242766612a83882366de8\transformed\common-9.9.10-runtime.jar: R8: Expected stack map table for method with non-linear control flow. In later version of R8, the method may be assumed not reachable.
WARNING: C:\Users\Admin\.gradle\caches\9.5.0\transforms\3bc3e8b59ac242766612a83882366de8\transformed\common-9.9.10-runtime.jar: R8: Expected stack map table for method with non-linear control flow. In later version of R8, the method may be assumed not reachable.
WARNING: C:\Users\Admin\.gradle\caches\9.5.0\transforms\3bc3e8b59ac242766612a83882366de8\transformed\common-9.9.10-runtime.jar: R8: Expected stack map table for method with non-linear control flow. In later version of R8, the method may be assumed not reachable.
WARNING: C:\Users\Admin\.gradle\caches\9.5.0\transforms\3bc3e8b59ac242766612a83882366de8\transformed\common-9.9.10-runtime.jar: R8: Expected stack map table for method with non-linear control flow. In later version of R8, the method may be assumed not reachable.
WARNING: C:\Users\Admin\.gradle\caches\9.5.0\transforms\3bc3e8b59ac242766612a83882366de8\transformed\common-9.9.10-runtime.jar: R8: Expected stack map table for method with non-linear control flow. In later version of R8, the method may be assumed not reachable.
WARNING: C:\Users\Admin\.gradle\caches\9.5.0\transforms\3bc3e8b59ac242766612a83882366de8\transformed\common-9.9.10-runtime.jar: R8: Expected stack map table for method with non-linear control flow. In later version of R8, the method may be assumed not reachable.
WARNING: C:\Users\Admin\.gradle\caches\9.5.0\transforms\3bc3e8b59ac242766612a83882366de8\transformed\common-9.9.10-runtime.jar: R8: Expected stack map table for method with non-linear control flow. In later version of R8, the method may be assumed not reachable.
WARNING: C:\Users\Admin\.gradle\caches\9.5.0\transforms\3bc3e8b59ac242766612a83882366de8\transformed\common-9.9.10-runtime.jar: R8: Expected stack map table for method with non-linear control flow. In later version of R8, the method may be assumed not reachable.
WARNING: C:\Users\Admin\.gradle\caches\9.5.0\transforms\3bc3e8b59ac242766612a83882366de8\transformed\common-9.9.10-runtime.jar: R8: Expected stack map table for method with non-linear control flow. In later version of R8, the method may be assumed not reachable.
WARNING: C:\Users\Admin\.gradle\caches\9.5.0\transforms\3bc3e8b59ac242766612a83882366de8\transformed\common-9.9.10-runtime.jar: R8: Expected stack map table for method with non-linear control flow. In later version of R8, the method may be assumed not reachable.
WARNING: C:\Users\Admin\.gradle\caches\9.5.0\transforms\3bc3e8b59ac242766612a83882366de8\transformed\common-9.9.10-runtime.jar: R8: Expected stack map table for method with non-linear control flow. In later version of R8, the method may be assumed not reachable.
WARNING: C:\Users\Admin\.gradle\caches\9.5.0\transforms\3bc3e8b59ac242766612a83882366de8\transformed\common-9.9.10-runtime.jar: R8: Expected stack map table for method with non-linear control flow. In later version of R8, the method may be assumed not reachable.
WARNING: C:\Users\Admin\.gradle\caches\9.5.0\transforms\3bc3e8b59ac242766612a83882366de8\transformed\common-9.9.10-runtime.jar: R8: Expected stack map table for method with non-linear control flow. In later version of R8, the method may be assumed not reachable.
WARNING: C:\Users\Admin\.gradle\caches\9.5.0\transforms\3bc3e8b59ac242766612a83882366de8\transformed\common-9.9.10-runtime.jar: R8: Expected stack map table for method with non-linear control flow. In later version of R8, the method may be assumed not reachable.
WARNING: C:\Users\Admin\.gradle\caches\9.5.0\transforms\3bc3e8b59ac242766612a83882366de8\transformed\common-9.9.10-runtime.jar: R8: Expected stack map table for method with non-linear control flow. In later version of R8, the method may be assumed not reachable.
WARNING: C:\Users\Admin\.gradle\caches\9.5.0\transforms\3bc3e8b59ac242766612a83882366de8\transformed\common-9.9.10-runtime.jar: R8: Expected stack map table for method with non-linear control flow. In later version of R8, the method may be assumed not reachable.
WARNING: C:\Users\Admin\.gradle\caches\9.5.0\transforms\3bc3e8b59ac242766612a83882366de8\transformed\common-9.9.10-runtime.jar: R8: Expected stack map table for method with non-linear control flow. In later version of R8, the method may be assumed not reachable.
WARNING: C:\Users\Admin\.gradle\caches\9.5.0\transforms\3bc3e8b59ac242766612a83882366de8\transformed\common-9.9.10-runtime.jar: R8: Expected stack map table for method with non-linear control flow. In later version of R8, the method may be assumed not reachable.
WARNING: C:\Users\Admin\.gradle\caches\9.5.0\transforms\3bc3e8b59ac242766612a83882366de8\transformed\common-9.9.10-runtime.jar: R8: Expected stack map table for method with non-linear control flow. In later version of R8, the method may be assumed not reachable.
WARNING: C:\Users\Admin\.gradle\caches\9.5.0\transforms\3bc3e8b59ac242766612a83882366de8\transformed\common-9.9.10-runtime.jar: R8: Expected stack map table for method with non-linear control flow. In later version of R8, the method may be assumed not reachable.
WARNING: C:\Users\Admin\.gradle\caches\9.5.0\transforms\3bc3e8b59ac242766612a83882366de8\transformed\common-9.9.10-runtime.jar: R8: Expected stack map table for method with non-linear control flow. In later version of R8, the method may be assumed not reachable.
WARNING: C:\Users\Admin\.gradle\caches\9.5.0\transforms\3bc3e8b59ac242766612a83882366de8\transformed\common-9.9.10-runtime.jar: R8: Expected stack map table for method with non-linear control flow. In later version of R8, the method may be assumed not reachable.
WARNING: C:\Users\Admin\.gradle\caches\9.5.0\transforms\3bc3e8b59ac242766612a83882366de8\transformed\common-9.9.10-runtime.jar: R8: Expected stack map table for method with non-linear control flow. In later version of R8, the method may be assumed not reachable.
WARNING: C:\Users\Admin\.gradle\caches\9.5.0\transforms\3bc3e8b59ac242766612a83882366de8\transformed\common-9.9.10-runtime.jar: R8: Expected stack map table for method with non-linear control flow. In later version of R8, the method may be assumed not reachable.
WARNING: C:\Users\Admin\.gradle\caches\9.5.0\transforms\3bc3e8b59ac242766612a83882366de8\transformed\common-9.9.10-runtime.jar: R8: Expected stack map table for method with non-linear control flow. In later version of R8, the method may be assumed not reachable.
WARNING: C:\Users\Admin\.gradle\caches\9.5.0\transforms\3bc3e8b59ac242766612a83882366de8\transformed\common-9.9.10-runtime.jar: R8: Expected stack map table for method with non-linear control flow. In later version of R8, the method may be assumed not reachable.
WARNING: C:\Users\Admin\.gradle\caches\9.5.0\transforms\3bc3e8b59ac242766612a83882366de8\transformed\common-9.9.10-runtime.jar: R8: Expected stack map table for method with non-linear control flow. In later version of R8, the method may be assumed not reachable.
WARNING: C:\Users\Admin\.gradle\caches\9.5.0\transforms\3bc3e8b59ac242766612a83882366de8\transformed\common-9.9.10-runtime.jar: R8: Expected stack map table for method with non-linear control flow. In later version of R8, the method may be assumed not reachable.
WARNING: C:\Users\Admin\.gradle\caches\9.5.0\transforms\3bc3e8b59ac242766612a83882366de8\transformed\common-9.9.10-runtime.jar: R8: Expected stack map table for method with non-linear control flow. In later version of R8, the method may be assumed not reachable.
WARNING: C:\Users\Admin\.gradle\caches\9.5.0\transforms\3bc3e8b59ac242766612a83882366de8\transformed\common-9.9.10-runtime.jar: R8: Expected stack map table for method with non-linear control flow. In later version of R8, the method may be assumed not reachable.
WARNING: C:\Users\Admin\.gradle\caches\9.5.0\transforms\3bc3e8b59ac242766612a83882366de8\transformed\common-9.9.10-runtime.jar: R8: Expected stack map table for method with non-linear control flow. In later version of R8, the method may be assumed not reachable.
WARNING: C:\Users\Admin\.gradle\caches\9.5.0\transforms\3bc3e8b59ac242766612a83882366de8\transformed\common-9.9.10-runtime.jar: R8: Expected stack map table for method with non-linear control flow. In later version of R8, the method may be assumed not reachable.
WARNING: C:\Users\Admin\.gradle\caches\9.5.0\transforms\3bc3e8b59ac242766612a83882366de8\transformed\common-9.9.10-runtime.jar: R8: Expected stack map table for method with non-linear control flow. In later version of R8, the method may be assumed not reachable.
WARNING: C:\Users\Admin\.gradle\caches\9.5.0\transforms\3bc3e8b59ac242766612a83882366de8\transformed\common-9.9.10-runtime.jar: R8: Expected stack map table for method with non-linear control flow. In later version of R8, the method may be assumed not reachable.
WARNING: C:\Users\Admin\.gradle\caches\9.5.0\transforms\3bc3e8b59ac242766612a83882366de8\transformed\common-9.9.10-runtime.jar: R8: Expected stack map table for method with non-linear control flow. In later version of R8, the method may be assumed not reachable.
WARNING: C:\Users\Admin\.gradle\caches\9.5.0\transforms\3bc3e8b59ac242766612a83882366de8\transformed\common-9.9.10-runtime.jar: R8: Expected stack map table for method with non-linear control flow. In later version of R8, the method may be assumed not reachable.
WARNING: C:\Users\Admin\.gradle\caches\9.5.0\transforms\3bc3e8b59ac242766612a83882366de8\transformed\common-9.9.10-runtime.jar: R8: Expected stack map table for method with non-linear control flow. In later version of R8, the method may be assumed not reachable.
WARNING: C:\Users\Admin\.gradle\caches\9.5.0\transforms\3bc3e8b59ac242766612a83882366de8\transformed\common-9.9.10-runtime.jar: R8: Expected stack map table for method with non-linear control flow. In later version of R8, the method may be assumed not reachable.
WARNING: C:\Users\Admin\.gradle\caches\9.5.0\transforms\3bc3e8b59ac242766612a83882366de8\transformed\common-9.9.10-runtime.jar: R8: Expected stack map table for method with non-linear control flow. In later version of R8, the method may be assumed not reachable.
WARNING: C:\Users\Admin\.gradle\caches\9.5.0\transforms\3bc3e8b59ac242766612a83882366de8\transformed\common-9.9.10-runtime.jar: R8: Expected stack map table for method with non-linear control flow. In later version of R8, the method may be assumed not reachable.
WARNING: C:\Users\Admin\.gradle\caches\9.5.0\transforms\3bc3e8b59ac242766612a83882366de8\transformed\common-9.9.10-runtime.jar: R8: Expected stack map table for method with non-linear control flow. In later version of R8, the method may be assumed not reachable.
WARNING: C:\Users\Admin\.gradle\caches\9.5.0\transforms\3bc3e8b59ac242766612a83882366de8\transformed\common-9.9.10-runtime.jar: R8: Expected stack map table for method with non-linear control flow. In later version of R8, the method may be assumed not reachable.
WARNING: C:\Users\Admin\.gradle\caches\9.5.0\transforms\3bc3e8b59ac242766612a83882366de8\transformed\common-9.9.10-runtime.jar: R8: Expected stack map table for method with non-linear control flow. In later version of R8, the method may be assumed not reachable.
WARNING: C:\Users\Admin\.gradle\caches\9.5.0\transforms\3bc3e8b59ac242766612a83882366de8\transformed\common-9.9.10-runtime.jar: R8: Expected stack map table for method with non-linear control flow. In later version of R8, the method may be assumed not reachable.
WARNING: C:\Users\Admin\.gradle\caches\9.5.0\transforms\3bc3e8b59ac242766612a83882366de8\transformed\common-9.9.10-runtime.jar: R8: Expected stack map table for method with non-linear control flow. In later version of R8, the method may be assumed not reachable.
WARNING: C:\Users\Admin\.gradle\caches\9.5.0\transforms\3bc3e8b59ac242766612a83882366de8\transformed\common-9.9.10-runtime.jar: R8: Expected stack map table for method with non-linear control flow. In later version of R8, the method may be assumed not reachable.
WARNING: C:\Users\Admin\.gradle\caches\9.5.0\transforms\3bc3e8b59ac242766612a83882366de8\transformed\common-9.9.10-runtime.jar: R8: Expected stack map table for method with non-linear control flow. In later version of R8, the method may be assumed not reachable.
WARNING: C:\Users\Admin\.gradle\caches\9.5.0\transforms\3bc3e8b59ac242766612a83882366de8\transformed\common-9.9.10-runtime.jar: R8: Expected stack map table for method with non-linear control flow. In later version of R8, the method may be assumed not reachable.
WARNING: C:\Users\Admin\.gradle\caches\9.5.0\transforms\3bc3e8b59ac242766612a83882366de8\transformed\common-9.9.10-runtime.jar: R8: Expected stack map table for method with non-linear control flow. In later version of R8, the method may be assumed not reachable.
WARNING: C:\Users\Admin\.gradle\caches\9.5.0\transforms\3bc3e8b59ac242766612a83882366de8\transformed\common-9.9.10-runtime.jar: R8: Expected stack map table for method with non-linear control flow. In later version of R8, the method may be assumed not reachable.
WARNING: C:\Users\Admin\.gradle\caches\9.5.0\transforms\3bc3e8b59ac242766612a83882366de8\transformed\common-9.9.10-runtime.jar: R8: Expected stack map table for method with non-linear control flow. In later version of R8, the method may be assumed not reachable.
WARNING: C:\Users\Admin\.gradle\caches\9.5.0\transforms\3bc3e8b59ac242766612a83882366de8\transformed\common-9.9.10-runtime.jar: R8: Expected stack map table for method with non-linear control flow. In later version of R8, the method may be assumed not reachable.
WARNING: C:\Users\Admin\.gradle\caches\9.5.0\transforms\3bc3e8b59ac242766612a83882366de8\transformed\common-9.9.10-runtime.jar: R8: Expected stack map table for method with non-linear control flow. In later version of R8, the method may be assumed not reachable.
WARNING: C:\Users\Admin\.gradle\caches\9.5.0\transforms\3bc3e8b59ac242766612a83882366de8\transformed\common-9.9.10-runtime.jar: R8: Expected stack map table for method with non-linear control flow. In later version of R8, the method may be assumed not reachable.
WARNING: C:\Users\Admin\.gradle\caches\9.5.0\transforms\3bc3e8b59ac242766612a83882366de8\transformed\common-9.9.10-runtime.jar: R8: Expected stack map table for method with non-linear control flow. In later version of R8, the method may be assumed not reachable.
WARNING: C:\Users\Admin\.gradle\caches\9.5.0\transforms\3bc3e8b59ac242766612a83882366de8\transformed\common-9.9.10-runtime.jar: R8: Expected stack map table for method with non-linear control flow. In later version of R8, the method may be assumed not reachable.
WARNING: C:\Users\Admin\.gradle\caches\9.5.0\transforms\3bc3e8b59ac242766612a83882366de8\transformed\common-9.9.10-runtime.jar: R8: Expected stack map table for method with non-linear control flow. In later version of R8, the method may be assumed not reachable.
WARNING: C:\Users\Admin\.gradle\caches\9.5.0\transforms\3bc3e8b59ac242766612a83882366de8\transformed\common-9.9.10-runtime.jar: R8: Expected stack map table for method with non-linear control flow. In later version of R8, the method may be assumed not reachable.
WARNING: C:\Users\Admin\.gradle\caches\9.5.0\transforms\3bc3e8b59ac242766612a83882366de8\transformed\common-9.9.10-runtime.jar: R8: Expected stack map table for method with non-linear control flow. In later version of R8, the method may be assumed not reachable.
WARNING: C:\Users\Admin\.gradle\caches\9.5.0\transforms\3bc3e8b59ac242766612a83882366de8\transformed\common-9.9.10-runtime.jar: R8: Expected stack map table for method with non-linear control flow. In later version of R8, the method may be assumed not reachable.
WARNING: C:\Users\Admin\.gradle\caches\9.5.0\transforms\3bc3e8b59ac242766612a83882366de8\transformed\common-9.9.10-runtime.jar: R8: Expected stack map table for method with non-linear control flow. In later version of R8, the method may be assumed not reachable.
WARNING: C:\Users\Admin\.gradle\caches\9.5.0\transforms\3bc3e8b59ac242766612a83882366de8\transformed\common-9.9.10-runtime.jar: R8: Expected stack map table for method with non-linear control flow. In later version of R8, the method may be assumed not reachable.
WARNING: C:\Users\Admin\.gradle\caches\9.5.0\transforms\3bc3e8b59ac242766612a83882366de8\transformed\common-9.9.10-runtime.jar: R8: Expected stack map table for method with non-linear control flow. In later version of R8, the method may be assumed not reachable.
WARNING: C:\Users\Admin\.gradle\caches\9.5.0\transforms\3bc3e8b59ac242766612a83882366de8\transformed\common-9.9.10-runtime.jar: R8: Expected stack map table for method with non-linear control flow. In later version of R8, the method may be assumed not reachable.
WARNING: C:\Users\Admin\.gradle\caches\9.5.0\transforms\3bc3e8b59ac242766612a83882366de8\transformed\common-9.9.10-runtime.jar: R8: Expected stack map table for method with non-linear control flow. In later version of R8, the method may be assumed not reachable.
WARNING: C:\Users\Admin\.gradle\caches\9.5.0\transforms\3bc3e8b59ac242766612a83882366de8\transformed\common-9.9.10-runtime.jar: R8: Expected stack map table for method with non-linear control flow. In later version of R8, the method may be assumed not reachable.
WARNING: C:\Users\Admin\.gradle\caches\9.5.0\transforms\3bc3e8b59ac242766612a83882366de8\transformed\common-9.9.10-runtime.jar: R8: Expected stack map table for method with non-linear control flow. In later version of R8, the method may be assumed not reachable.
WARNING: C:\Users\Admin\.gradle\caches\9.5.0\transforms\3bc3e8b59ac242766612a83882366de8\transformed\common-9.9.10-runtime.jar: R8: Expected stack map table for method with non-linear control flow. In later version of R8, the method may be assumed not reachable.
WARNING: C:\Users\Admin\.gradle\caches\9.5.0\transforms\3bc3e8b59ac242766612a83882366de8\transformed\common-9.9.10-runtime.jar: R8: Expected stack map table for method with non-linear control flow. In later version of R8, the method may be assumed not reachable.
WARNING: C:\Users\Admin\.gradle\caches\9.5.0\transforms\3bc3e8b59ac242766612a83882366de8\transformed\common-9.9.10-runtime.jar: R8: Expected stack map table for method with non-linear control flow. In later version of R8, the method may be assumed not reachable.
WARNING: C:\Users\Admin\.gradle\caches\9.5.0\transforms\3bc3e8b59ac242766612a83882366de8\transformed\common-9.9.10-runtime.jar: R8: Expected stack map table for method with non-linear control flow. In later version of R8, the method may be assumed not reachable.
WARNING: C:\Users\Admin\.gradle\caches\9.5.0\transforms\3bc3e8b59ac242766612a83882366de8\transformed\common-9.9.10-runtime.jar: R8: Expected stack map table for method with non-linear control flow. In later version of R8, the method may be assumed not reachable.
WARNING: C:\Users\Admin\.gradle\caches\9.5.0\transforms\3bc3e8b59ac242766612a83882366de8\transformed\common-9.9.10-runtime.jar: R8: Expected stack map table for method with non-linear control flow. In later version of R8, the method may be assumed not reachable.
WARNING: C:\Users\Admin\.gradle\caches\9.5.0\transforms\3bc3e8b59ac242766612a83882366de8\transformed\common-9.9.10-runtime.jar: R8: Expected stack map table for method with non-linear control flow. In later version of R8, the method may be assumed not reachable.
WARNING: C:\Users\Admin\.gradle\caches\9.5.0\transforms\3bc3e8b59ac242766612a83882366de8\transformed\common-9.9.10-runtime.jar: R8: Expected stack map table for method with non-linear control flow. In later version of R8, the method may be assumed not reachable.
WARNING: C:\Users\Admin\.gradle\caches\9.5.0\transforms\3bc3e8b59ac242766612a83882366de8\transformed\common-9.9.10-runtime.jar: R8: Expected stack map table for method with non-linear control flow. In later version of R8, the method may be assumed not reachable.
WARNING: C:\Users\Admin\.gradle\caches\9.5.0\transforms\3bc3e8b59ac242766612a83882366de8\transformed\common-9.9.10-runtime.jar: R8: Expected stack map table for method with non-linear control flow. In later version of R8, the method may be assumed not reachable.
WARNING: C:\Users\Admin\.gradle\caches\9.5.0\transforms\3bc3e8b59ac242766612a83882366de8\transformed\common-9.9.10-runtime.jar: R8: Expected stack map table for method with non-linear control flow. In later version of R8, the method may be assumed not reachable.
WARNING: C:\Users\Admin\.gradle\caches\9.5.0\transforms\3bc3e8b59ac242766612a83882366de8\transformed\common-9.9.10-runtime.jar: R8: Expected stack map table for method with non-linear control flow. In later version of R8, the method may be assumed not reachable.
WARNING: C:\Users\Admin\.gradle\caches\9.5.0\transforms\3bc3e8b59ac242766612a83882366de8\transformed\common-9.9.10-runtime.jar: R8: Expected stack map table for method with non-linear control flow. In later version of R8, the method may be assumed not reachable.
WARNING: C:\Users\Admin\.gradle\caches\9.5.0\transforms\3bc3e8b59ac242766612a83882366de8\transformed\common-9.9.10-runtime.jar: R8: Expected stack map table for method with non-linear control flow. In later version of R8, the method may be assumed not reachable.
WARNING: C:\Users\Admin\.gradle\caches\9.5.0\transforms\3bc3e8b59ac242766612a83882366de8\transformed\common-9.9.10-runtime.jar: R8: Expected stack map table for method with non-linear control flow. In later version of R8, the method may be assumed not reachable.
WARNING: C:\Users\Admin\.gradle\caches\9.5.0\transforms\3bc3e8b59ac242766612a83882366de8\transformed\common-9.9.10-runtime.jar: R8: Expected stack map table for method with non-linear control flow. In later version of R8, the method may be assumed not reachable.
WARNING: C:\Users\Admin\.gradle\caches\9.5.0\transforms\3bc3e8b59ac242766612a83882366de8\transformed\common-9.9.10-runtime.jar: R8: Expected stack map table for method with non-linear control flow. In later version of R8, the method may be assumed not reachable.
WARNING: C:\Users\Admin\.gradle\caches\9.5.0\transforms\3bc3e8b59ac242766612a83882366de8\transformed\common-9.9.10-runtime.jar: R8: Expected stack map table for method with non-linear control flow. In later version of R8, the method may be assumed not reachable.
WARNING: C:\Users\Admin\.gradle\caches\9.5.0\transforms\3bc3e8b59ac242766612a83882366de8\transformed\common-9.9.10-runtime.jar: R8: Expected stack map table for method with non-linear control flow. In later version of R8, the method may be assumed not reachable.
WARNING: C:\Users\Admin\.gradle\caches\9.5.0\transforms\3bc3e8b59ac242766612a83882366de8\transformed\common-9.9.10-runtime.jar: R8: Expected stack map table for method with non-linear control flow. In later version of R8, the method may be assumed not reachable.
WARNING: C:\Users\Admin\.gradle\caches\9.5.0\transforms\3bc3e8b59ac242766612a83882366de8\transformed\common-9.9.10-runtime.jar: R8: Expected stack map table for method with non-linear control flow. In later version of R8, the method may be assumed not reachable.
WARNING: C:\Users\Admin\.gradle\caches\9.5.0\transforms\3bc3e8b59ac242766612a83882366de8\transformed\common-9.9.10-runtime.jar: R8: Expected stack map table for method with non-linear control flow. In later version of R8, the method may be assumed not reachable.
WARNING: C:\Users\Admin\.gradle\caches\9.5.0\transforms\3bc3e8b59ac242766612a83882366de8\transformed\common-9.9.10-runtime.jar: R8: Expected stack map table for method with non-linear control flow. In later version of R8, the method may be assumed not reachable.
WARNING: C:\Users\Admin\.gradle\caches\9.5.0\transforms\3bc3e8b59ac242766612a83882366de8\transformed\common-9.9.10-runtime.jar: R8: Expected stack map table for method with non-linear control flow. In later version of R8, the method may be assumed not reachable.
WARNING: C:\Users\Admin\.gradle\caches\9.5.0\transforms\3bc3e8b59ac242766612a83882366de8\transformed\common-9.9.10-runtime.jar: R8: Expected stack map table for method with non-linear control flow. In later version of R8, the method may be assumed not reachable.
WARNING: C:\Users\Admin\.gradle\caches\9.5.0\transforms\3bc3e8b59ac242766612a83882366de8\transformed\common-9.9.10-runtime.jar: R8: Expected stack map table for method with non-linear control flow. In later version of R8, the method may be assumed not reachable.
WARNING: C:\Users\Admin\.gradle\caches\9.5.0\transforms\3bc3e8b59ac242766612a83882366de8\transformed\common-9.9.10-runtime.jar: R8: Expected stack map table for method with non-linear control flow. In later version of R8, the method may be assumed not reachable.
WARNING: C:\Users\Admin\.gradle\caches\9.5.0\transforms\3bc3e8b59ac242766612a83882366de8\transformed\common-9.9.10-runtime.jar: R8: Expected stack map table for method with non-linear control flow. In later version of R8, the method may be assumed not reachable.
WARNING: C:\Users\Admin\.gradle\caches\9.5.0\transforms\3bc3e8b59ac242766612a83882366de8\transformed\common-9.9.10-runtime.jar: R8: Expected stack map table for method with non-linear control flow. In later version of R8, the method may be assumed not reachable.
WARNING: C:\Users\Admin\.gradle\caches\9.5.0\transforms\3bc3e8b59ac242766612a83882366de8\transformed\common-9.9.10-runtime.jar: R8: Expected stack map table for method with non-linear control flow. In later version of R8, the method may be assumed not reachable.
WARNING: C:\Users\Admin\.gradle\caches\9.5.0\transforms\3bc3e8b59ac242766612a83882366de8\transformed\common-9.9.10-runtime.jar: R8: Expected stack map table for method with non-linear control flow. In later version of R8, the method may be assumed not reachable.
WARNING: C:\Users\Admin\.gradle\caches\9.5.0\transforms\3bc3e8b59ac242766612a83882366de8\transformed\common-9.9.10-runtime.jar: R8: Expected stack map table for method with non-linear control flow. In later version of R8, the method may be assumed not reachable.
WARNING: C:\Users\Admin\.gradle\caches\9.5.0\transforms\3bc3e8b59ac242766612a83882366de8\transformed\common-9.9.10-runtime.jar: R8: Expected stack map table for method with non-linear control flow. In later version of R8, the method may be assumed not reachable.
WARNING: C:\Users\Admin\.gradle\caches\9.5.0\transforms\3bc3e8b59ac242766612a83882366de8\transformed\common-9.9.10-runtime.jar: R8: Expected stack map table for method with non-linear control flow. In later version of R8, the method may be assumed not reachable.
WARNING: C:\Users\Admin\.gradle\caches\9.5.0\transforms\3bc3e8b59ac242766612a83882366de8\transformed\common-9.9.10-runtime.jar: R8: Expected stack map table for method with non-linear control flow. In later version of R8, the method may be assumed not reachable.
WARNING: C:\Users\Admin\.gradle\caches\9.5.0\transforms\3bc3e8b59ac242766612a83882366de8\transformed\common-9.9.10-runtime.jar: R8: Expected stack map table for method with non-linear control flow. In later version of R8, the method may be assumed not reachable.
WARNING: C:\Users\Admin\.gradle\caches\9.5.0\transforms\3bc3e8b59ac242766612a83882366de8\transformed\common-9.9.10-runtime.jar: R8: Expected stack map table for method with non-linear control flow. In later version of R8, the method may be assumed not reachable.
WARNING: C:\Users\Admin\.gradle\caches\9.5.0\transforms\3bc3e8b59ac242766612a83882366de8\transformed\common-9.9.10-runtime.jar: R8: Expected stack map table for method with non-linear control flow. In later version of R8, the method may be assumed not reachable.
WARNING: C:\Users\Admin\.gradle\caches\9.5.0\transforms\3bc3e8b59ac242766612a83882366de8\transformed\common-9.9.10-runtime.jar: R8: Expected stack map table for method with non-linear control flow. In later version of R8, the method may be assumed not reachable.
WARNING: C:\Users\Admin\.gradle\caches\9.5.0\transforms\3bc3e8b59ac242766612a83882366de8\transformed\common-9.9.10-runtime.jar: R8: Expected stack map table for method with non-linear control flow. In later version of R8, the method may be assumed not reachable.
WARNING: C:\Users\Admin\.gradle\caches\9.5.0\transforms\3bc3e8b59ac242766612a83882366de8\transformed\common-9.9.10-runtime.jar: R8: Expected stack map table for method with non-linear control flow. In later version of R8, the method may be assumed not reachable.
WARNING: C:\Users\Admin\.gradle\caches\9.5.0\transforms\3bc3e8b59ac242766612a83882366de8\transformed\common-9.9.10-runtime.jar: R8: Expected stack map table for method with non-linear control flow. In later version of R8, the method may be assumed not reachable.
WARNING: C:\Users\Admin\.gradle\caches\9.5.0\transforms\3bc3e8b59ac242766612a83882366de8\transformed\common-9.9.10-runtime.jar: R8: Expected stack map table for method with non-linear control flow. In later version of R8, the method may be assumed not reachable.
WARNING: C:\Users\Admin\.gradle\caches\9.5.0\transforms\3bc3e8b59ac242766612a83882366de8\transformed\common-9.9.10-runtime.jar: R8: Expected stack map table for method with non-linear control flow. In later version of R8, the method may be assumed not reachable.
WARNING: C:\Users\Admin\.gradle\caches\9.5.0\transforms\3bc3e8b59ac242766612a83882366de8\transformed\common-9.9.10-runtime.jar: R8: Expected stack map table for method with non-linear control flow. In later version of R8, the method may be assumed not reachable.
WARNING: C:\Users\Admin\.gradle\caches\9.5.0\transforms\3bc3e8b59ac242766612a83882366de8\transformed\common-9.9.10-runtime.jar: R8: Expected stack map table for method with non-linear control flow. In later version of R8, the method may be assumed not reachable.
WARNING: C:\Users\Admin\.gradle\caches\9.5.0\transforms\3bc3e8b59ac242766612a83882366de8\transformed\common-9.9.10-runtime.jar: R8: Expected stack map table for method with non-linear control flow. In later version of R8, the method may be assumed not reachable.
WARNING: C:\Users\Admin\.gradle\caches\9.5.0\transforms\3bc3e8b59ac242766612a83882366de8\transformed\common-9.9.10-runtime.jar: R8: Expected stack map table for method with non-linear control flow. In later version of R8, the method may be assumed not reachable.
WARNING: C:\Users\Admin\.gradle\caches\9.5.0\transforms\3bc3e8b59ac242766612a83882366de8\transformed\common-9.9.10-runtime.jar: R8: Expected stack map table for method with non-linear control flow. In later version of R8, the method may be assumed not reachable.
WARNING: C:\Users\Admin\.gradle\caches\9.5.0\transforms\3bc3e8b59ac242766612a83882366de8\transformed\common-9.9.10-runtime.jar: R8: Expected stack map table for method with non-linear control flow. In later version of R8, the method may be assumed not reachable.
WARNING: C:\Users\Admin\.gradle\caches\9.5.0\transforms\3bc3e8b59ac242766612a83882366de8\transformed\common-9.9.10-runtime.jar: R8: Expected stack map table for method with non-linear control flow. In later version of R8, the method may be assumed not reachable.
WARNING: C:\Users\Admin\.gradle\caches\9.5.0\transforms\3bc3e8b59ac242766612a83882366de8\transformed\common-9.9.10-runtime.jar: R8: Expected stack map table for method with non-linear control flow. In later version of R8, the method may be assumed not reachable.
WARNING: C:\Users\Admin\.gradle\caches\9.5.0\transforms\3bc3e8b59ac242766612a83882366de8\transformed\common-9.9.10-runtime.jar: R8: Expected stack map table for method with non-linear control flow. In later version of R8, the method may be assumed not reachable.
WARNING: C:\Users\Admin\.gradle\caches\9.5.0\transforms\3bc3e8b59ac242766612a83882366de8\transformed\common-9.9.10-runtime.jar: R8: Expected stack map table for method with non-linear control flow. In later version of R8, the method may be assumed not reachable.
WARNING: C:\Users\Admin\.gradle\caches\9.5.0\transforms\3bc3e8b59ac242766612a83882366de8\transformed\common-9.9.10-runtime.jar: R8: Expected stack map table for method with non-linear control flow. In later version of R8, the method may be assumed not reachable.
WARNING: C:\Users\Admin\.gradle\caches\9.5.0\transforms\3bc3e8b59ac242766612a83882366de8\transformed\common-9.9.10-runtime.jar: R8: Expected stack map table for method with non-linear control flow. In later version of R8, the method may be assumed not reachable.
WARNING: C:\Users\Admin\.gradle\caches\9.5.0\transforms\3bc3e8b59ac242766612a83882366de8\transformed\common-9.9.10-runtime.jar: R8: Expected stack map table for method with non-linear control flow. In later version of R8, the method may be assumed not reachable.
WARNING: C:\Users\Admin\.gradle\caches\9.5.0\transforms\3bc3e8b59ac242766612a83882366de8\transformed\common-9.9.10-runtime.jar: R8: Expected stack map table for method with non-linear control flow. In later version of R8, the method may be assumed not reachable.
WARNING: C:\Users\Admin\.gradle\caches\9.5.0\transforms\3bc3e8b59ac242766612a83882366de8\transformed\common-9.9.10-runtime.jar: R8: Expected stack map table for method with non-linear control flow. In later version of R8, the method may be assumed not reachable.
WARNING: C:\Users\Admin\.gradle\caches\9.5.0\transforms\3bc3e8b59ac242766612a83882366de8\transformed\common-9.9.10-runtime.jar: R8: Expected stack map table for method with non-linear control flow. In later version of R8, the method may be assumed not reachable.
WARNING: C:\Users\Admin\.gradle\caches\9.5.0\transforms\3bc3e8b59ac242766612a83882366de8\transformed\common-9.9.10-runtime.jar: R8: Expected stack map table for method with non-linear control flow. In later version of R8, the method may be assumed not reachable.
WARNING: C:\Users\Admin\.gradle\caches\9.5.0\transforms\3bc3e8b59ac242766612a83882366de8\transformed\common-9.9.10-runtime.jar: R8: Expected stack map table for method with non-linear control flow. In later version of R8, the method may be assumed not reachable.
WARNING: C:\Users\Admin\.gradle\caches\9.5.0\transforms\3bc3e8b59ac242766612a83882366de8\transformed\common-9.9.10-runtime.jar: R8: Expected stack map table for method with non-linear control flow. In later version of R8, the method may be assumed not reachable.
WARNING: C:\Users\Admin\.gradle\caches\9.5.0\transforms\3bc3e8b59ac242766612a83882366de8\transformed\common-9.9.10-runtime.jar: R8: Expected stack map table for method with non-linear control flow. In later version of R8, the method may be assumed not reachable.
WARNING: C:\Users\Admin\.gradle\caches\9.5.0\transforms\3bc3e8b59ac242766612a83882366de8\transformed\common-9.9.10-runtime.jar: R8: Expected stack map table for method with non-linear control flow. In later version of R8, the method may be assumed not reachable.
WARNING: C:\Users\Admin\.gradle\caches\9.5.0\transforms\3bc3e8b59ac242766612a83882366de8\transformed\common-9.9.10-runtime.jar: R8: Expected stack map table for method with non-linear control flow. In later version of R8, the method may be assumed not reachable.
WARNING: C:\Users\Admin\.gradle\caches\9.5.0\transforms\3bc3e8b59ac242766612a83882366de8\transformed\common-9.9.10-runtime.jar: R8: Expected stack map table for method with non-linear control flow. In later version of R8, the method may be assumed not reachable.
WARNING: C:\Users\Admin\.gradle\caches\9.5.0\transforms\3bc3e8b59ac242766612a83882366de8\transformed\common-9.9.10-runtime.jar: R8: Expected stack map table for method with non-linear control flow. In later version of R8, the method may be assumed not reachable.
WARNING: C:\Users\Admin\.gradle\caches\9.5.0\transforms\3bc3e8b59ac242766612a83882366de8\transformed\common-9.9.10-runtime.jar: R8: Expected stack map table for method with non-linear control flow. In later version of R8, the method may be assumed not reachable.
WARNING: C:\Users\Admin\.gradle\caches\9.5.0\transforms\3bc3e8b59ac242766612a83882366de8\transformed\common-9.9.10-runtime.jar: R8: Expected stack map table for method with non-linear control flow. In later version of R8, the method may be assumed not reachable.
WARNING: C:\Users\Admin\.gradle\caches\9.5.0\transforms\3bc3e8b59ac242766612a83882366de8\transformed\common-9.9.10-runtime.jar: R8: Expected stack map table for method with non-linear control flow. In later version of R8, the method may be assumed not reachable.
WARNING: C:\Users\Admin\.gradle\caches\9.5.0\transforms\3bc3e8b59ac242766612a83882366de8\transformed\common-9.9.10-runtime.jar: R8: Expected stack map table for method with non-linear control flow. In later version of R8, the method may be assumed not reachable.
WARNING: C:\Users\Admin\.gradle\caches\9.5.0\transforms\3bc3e8b59ac242766612a83882366de8\transformed\common-9.9.10-runtime.jar: R8: Expected stack map table for method with non-linear control flow. In later version of R8, the method may be assumed not reachable.
WARNING: C:\Users\Admin\.gradle\caches\9.5.0\transforms\3bc3e8b59ac242766612a83882366de8\transformed\common-9.9.10-runtime.jar: R8: Expected stack map table for method with non-linear control flow. In later version of R8, the method may be assumed not reachable.
WARNING: C:\Users\Admin\.gradle\caches\9.5.0\transforms\3bc3e8b59ac242766612a83882366de8\transformed\common-9.9.10-runtime.jar: R8: Expected stack map table for method with non-linear control flow. In later version of R8, the method may be assumed not reachable.
WARNING: C:\Users\Admin\.gradle\caches\9.5.0\transforms\3bc3e8b59ac242766612a83882366de8\transformed\common-9.9.10-runtime.jar: R8: Expected stack map table for method with non-linear control flow. In later version of R8, the method may be assumed not reachable.
WARNING: C:\Users\Admin\.gradle\caches\9.5.0\transforms\3bc3e8b59ac242766612a83882366de8\transformed\common-9.9.10-runtime.jar: R8: Expected stack map table for method with non-linear control flow. In later version of R8, the method may be assumed not reachable.
WARNING: C:\Users\Admin\.gradle\caches\9.5.0\transforms\3bc3e8b59ac242766612a83882366de8\transformed\common-9.9.10-runtime.jar: R8: Expected stack map table for method with non-linear control flow. In later version of R8, the method may be assumed not reachable.
WARNING: C:\Users\Admin\.gradle\caches\9.5.0\transforms\3bc3e8b59ac242766612a83882366de8\transformed\common-9.9.10-runtime.jar: R8: Expected stack map table for method with non-linear control flow. In later version of R8, the method may be assumed not reachable.
WARNING: C:\Users\Admin\.gradle\caches\9.5.0\transforms\3bc3e8b59ac242766612a83882366de8\transformed\common-9.9.10-runtime.jar: R8: Expected stack map table for method with non-linear control flow. In later version of R8, the method may be assumed not reachable.
WARNING: C:\Users\Admin\.gradle\caches\9.5.0\transforms\3bc3e8b59ac242766612a83882366de8\transformed\common-9.9.10-runtime.jar: R8: Expected stack map table for method with non-linear control flow. In later version of R8, the method may be assumed not reachable.
WARNING: C:\Users\Admin\.gradle\caches\9.5.0\transforms\3bc3e8b59ac242766612a83882366de8\transformed\common-9.9.10-runtime.jar: R8: Expected stack map table for method with non-linear control flow. In later version of R8, the method may be assumed not reachable.
WARNING: C:\Users\Admin\.gradle\caches\9.5.0\transforms\3bc3e8b59ac242766612a83882366de8\transformed\common-9.9.10-runtime.jar: R8: Expected stack map table for method with non-linear control flow. In later version of R8, the method may be assumed not reachable.
WARNING: C:\Users\Admin\.gradle\caches\9.5.0\transforms\3bc3e8b59ac242766612a83882366de8\transformed\common-9.9.10-runtime.jar: R8: Expected stack map table for method with non-linear control flow. In later version of R8, the method may be assumed not reachable.
WARNING: C:\Users\Admin\.gradle\caches\9.5.0\transforms\3bc3e8b59ac242766612a83882366de8\transformed\common-9.9.10-runtime.jar: R8: Expected stack map table for method with non-linear control flow. In later version of R8, the method may be assumed not reachable.
WARNING: C:\Users\Admin\.gradle\caches\9.5.0\transforms\3bc3e8b59ac242766612a83882366de8\transformed\common-9.9.10-runtime.jar: R8: Expected stack map table for method with non-linear control flow. In later version of R8, the method may be assumed not reachable.
WARNING: C:\Users\Admin\.gradle\caches\9.5.0\transforms\3bc3e8b59ac242766612a83882366de8\transformed\common-9.9.10-runtime.jar: R8: Expected stack map table for method with non-linear control flow. In later version of R8, the method may be assumed not reachable.
WARNING: C:\Users\Admin\.gradle\caches\9.5.0\transforms\3bc3e8b59ac242766612a83882366de8\transformed\common-9.9.10-runtime.jar: R8: Expected stack map table for method with non-linear control flow. In later version of R8, the method may be assumed not reachable.
WARNING: C:\Users\Admin\.gradle\caches\9.5.0\transforms\3bc3e8b59ac242766612a83882366de8\transformed\common-9.9.10-runtime.jar: R8: Expected stack map table for method with non-linear control flow. In later version of R8, the method may be assumed not reachable.
WARNING: C:\Users\Admin\.gradle\caches\9.5.0\transforms\3bc3e8b59ac242766612a83882366de8\transformed\common-9.9.10-runtime.jar: R8: Expected stack map table for method with non-linear control flow. In later version of R8, the method may be assumed not reachable.
WARNING: C:\Users\Admin\.gradle\caches\9.5.0\transforms\3bc3e8b59ac242766612a83882366de8\transformed\common-9.9.10-runtime.jar: R8: Expected stack map table for method with non-linear control flow. In later version of R8, the method may be assumed not reachable.
WARNING: C:\Users\Admin\.gradle\caches\9.5.0\transforms\3bc3e8b59ac242766612a83882366de8\transformed\common-9.9.10-runtime.jar: R8: Expected stack map table for method with non-linear control flow. In later version of R8, the method may be assumed not reachable.
WARNING: C:\Users\Admin\.gradle\caches\9.5.0\transforms\3bc3e8b59ac242766612a83882366de8\transformed\common-9.9.10-runtime.jar: R8: Expected stack map table for method with non-linear control flow. In later version of R8, the method may be assumed not reachable.
WARNING: C:\Users\Admin\.gradle\caches\9.5.0\transforms\3bc3e8b59ac242766612a83882366de8\transformed\common-9.9.10-runtime.jar: R8: Expected stack map table for method with non-linear control flow. In later version of R8, the method may be assumed not reachable.
WARNING: C:\Users\Admin\.gradle\caches\9.5.0\transforms\3bc3e8b59ac242766612a83882366de8\transformed\common-9.9.10-runtime.jar: R8: Expected stack map table for method with non-linear control flow. In later version of R8, the method may be assumed not reachable.
WARNING: C:\Users\Admin\.gradle\caches\9.5.0\transforms\3bc3e8b59ac242766612a83882366de8\transformed\common-9.9.10-runtime.jar: R8: Expected stack map table for method with non-linear control flow. In later version of R8, the method may be assumed not reachable.
WARNING: C:\Users\Admin\.gradle\caches\9.5.0\transforms\3bc3e8b59ac242766612a83882366de8\transformed\common-9.9.10-runtime.jar: R8: Expected stack map table for method with non-linear control flow. In later version of R8, the method may be assumed not reachable.
WARNING: C:\Users\Admin\.gradle\caches\9.5.0\transforms\3bc3e8b59ac242766612a83882366de8\transformed\common-9.9.10-runtime.jar: R8: Expected stack map table for method with non-linear control flow. In later version of R8, the method may be assumed not reachable.
WARNING: C:\Users\Admin\.gradle\caches\9.5.0\transforms\3bc3e8b59ac242766612a83882366de8\transformed\common-9.9.10-runtime.jar: R8: Expected stack map table for method with non-linear control flow. In later version of R8, the method may be assumed not reachable.
WARNING: C:\Users\Admin\.gradle\caches\9.5.0\transforms\3bc3e8b59ac242766612a83882366de8\transformed\common-9.9.10-runtime.jar: R8: Expected stack map table for method with non-linear control flow. In later version of R8, the method may be assumed not reachable.
WARNING: C:\Users\Admin\.gradle\caches\9.5.0\transforms\3bc3e8b59ac242766612a83882366de8\transformed\common-9.9.10-runtime.jar: R8: Expected stack map table for method with non-linear control flow. In later version of R8, the method may be assumed not reachable.
WARNING: C:\Users\Admin\.gradle\caches\9.5.0\transforms\3bc3e8b59ac242766612a83882366de8\transformed\common-9.9.10-runtime.jar: R8: Expected stack map table for method with non-linear control flow. In later version of R8, the method may be assumed not reachable.
WARNING: C:\Users\Admin\.gradle\caches\9.5.0\transforms\3bc3e8b59ac242766612a83882366de8\transformed\common-9.9.10-runtime.jar: R8: Expected stack map table for method with non-linear control flow. In later version of R8, the method may be assumed not reachable.
WARNING: C:\Users\Admin\.gradle\caches\9.5.0\transforms\3bc3e8b59ac242766612a83882366de8\transformed\common-9.9.10-runtime.jar: R8: Expected stack map table for method with non-linear control flow. In later version of R8, the method may be assumed not reachable.
WARNING: C:\Users\Admin\.gradle\caches\9.5.0\transforms\3bc3e8b59ac242766612a83882366de8\transformed\common-9.9.10-runtime.jar: R8: Expected stack map table for method with non-linear control flow. In later version of R8, the method may be assumed not reachable.
WARNING: C:\Users\Admin\.gradle\caches\9.5.0\transforms\3bc3e8b59ac242766612a83882366de8\transformed\common-9.9.10-runtime.jar: R8: Expected stack map table for method with non-linear control flow. In later version of R8, the method may be assumed not reachable.
WARNING: C:\Users\Admin\.gradle\caches\9.5.0\transforms\3bc3e8b59ac242766612a83882366de8\transformed\common-9.9.10-runtime.jar: R8: Expected stack map table for method with non-linear control flow. In later version of R8, the method may be assumed not reachable.
WARNING: C:\Users\Admin\.gradle\caches\9.5.0\transforms\3bc3e8b59ac242766612a83882366de8\transformed\common-9.9.10-runtime.jar: R8: Expected stack map table for method with non-linear control flow. In later version of R8, the method may be assumed not reachable.
WARNING: C:\Users\Admin\.gradle\caches\9.5.0\transforms\3bc3e8b59ac242766612a83882366de8\transformed\common-9.9.10-runtime.jar: R8: Expected stack map table for method with non-linear control flow. In later version of R8, the method may be assumed not reachable.
WARNING: C:\Users\Admin\.gradle\caches\9.5.0\transforms\3bc3e8b59ac242766612a83882366de8\transformed\common-9.9.10-runtime.jar: R8: Expected stack map table for method with non-linear control flow. In later version of R8, the method may be assumed not reachable.
WARNING: C:\Users\Admin\.gradle\caches\9.5.0\transforms\3bc3e8b59ac242766612a83882366de8\transformed\common-9.9.10-runtime.jar: R8: Expected stack map table for method with non-linear control flow. In later version of R8, the method may be assumed not reachable.
WARNING: C:\Users\Admin\.gradle\caches\9.5.0\transforms\3bc3e8b59ac242766612a83882366de8\transformed\common-9.9.10-runtime.jar: R8: Expected stack map table for method with non-linear control flow. In later version of R8, the method may be assumed not reachable.
WARNING: C:\Users\Admin\.gradle\caches\9.5.0\transforms\3bc3e8b59ac242766612a83882366de8\transformed\common-9.9.10-runtime.jar: R8: Expected stack map table for method with non-linear control flow. In later version of R8, the method may be assumed not reachable.
WARNING: C:\Users\Admin\.gradle\caches\9.5.0\transforms\3bc3e8b59ac242766612a83882366de8\transformed\common-9.9.10-runtime.jar: R8: Expected stack map table for method with non-linear control flow. In later version of R8, the method may be assumed not reachable.
WARNING: C:\Users\Admin\.gradle\caches\9.5.0\transforms\3bc3e8b59ac242766612a83882366de8\transformed\common-9.9.10-runtime.jar: R8: Expected stack map table for method with non-linear control flow. In later version of R8, the method may be assumed not reachable.
WARNING: C:\Users\Admin\.gradle\caches\9.5.0\transforms\3bc3e8b59ac242766612a83882366de8\transformed\common-9.9.10-runtime.jar: R8: Expected stack map table for method with non-linear control flow. In later version of R8, the method may be assumed not reachable.
WARNING: C:\Users\Admin\.gradle\caches\9.5.0\transforms\3bc3e8b59ac242766612a83882366de8\transformed\common-9.9.10-runtime.jar: R8: Expected stack map table for method with non-linear control flow. In later version of R8, the method may be assumed not reachable.
WARNING: C:\Users\Admin\.gradle\caches\9.5.0\transforms\3bc3e8b59ac242766612a83882366de8\transformed\common-9.9.10-runtime.jar: R8: Expected stack map table for method with non-linear control flow. In later version of R8, the method may be assumed not reachable.
WARNING: C:\Users\Admin\.gradle\caches\9.5.0\transforms\3bc3e8b59ac242766612a83882366de8\transformed\common-9.9.10-runtime.jar: R8: Expected stack map table for method with non-linear control flow. In later version of R8, the method may be assumed not reachable.
WARNING: C:\Users\Admin\.gradle\caches\9.5.0\transforms\3bc3e8b59ac242766612a83882366de8\transformed\common-9.9.10-runtime.jar: R8: Expected stack map table for method with non-linear control flow. In later version of R8, the method may be assumed not reachable.
WARNING: C:\Users\Admin\.gradle\caches\9.5.0\transforms\3bc3e8b59ac242766612a83882366de8\transformed\common-9.9.10-runtime.jar: R8: Expected stack map table for method with non-linear control flow. In later version of R8, the method may be assumed not reachable.
WARNING: C:\Users\Admin\.gradle\caches\9.5.0\transforms\3bc3e8b59ac242766612a83882366de8\transformed\common-9.9.10-runtime.jar: R8: Expected stack map table for method with non-linear control flow. In later version of R8, the method may be assumed not reachable.
WARNING: C:\Users\Admin\.gradle\caches\9.5.0\transforms\3bc3e8b59ac242766612a83882366de8\transformed\common-9.9.10-runtime.jar: R8: Expected stack map table for method with non-linear control flow. In later version of R8, the method may be assumed not reachable.
WARNING: C:\Users\Admin\.gradle\caches\9.5.0\transforms\3bc3e8b59ac242766612a83882366de8\transformed\common-9.9.10-runtime.jar: R8: Expected stack map table for method with non-linear control flow. In later version of R8, the method may be assumed not reachable.
WARNING: C:\Users\Admin\.gradle\caches\9.5.0\transforms\3bc3e8b59ac242766612a83882366de8\transformed\common-9.9.10-runtime.jar: R8: Expected stack map table for method with non-linear control flow. In later version of R8, the method may be assumed not reachable.
WARNING: C:\Users\Admin\.gradle\caches\9.5.0\transforms\3bc3e8b59ac242766612a83882366de8\transformed\common-9.9.10-runtime.jar: R8: Expected stack map table for method with non-linear control flow. In later version of R8, the method may be assumed not reachable.
WARNING: C:\Users\Admin\.gradle\caches\9.5.0\transforms\3bc3e8b59ac242766612a83882366de8\transformed\common-9.9.10-runtime.jar: R8: Expected stack map table for method with non-linear control flow. In later version of R8, the method may be assumed not reachable.
WARNING: C:\Users\Admin\.gradle\caches\9.5.0\transforms\3bc3e8b59ac242766612a83882366de8\transformed\common-9.9.10-runtime.jar: R8: Expected stack map table for method with non-linear control flow. In later version of R8, the method may be assumed not reachable.
WARNING: C:\Users\Admin\.gradle\caches\9.5.0\transforms\3bc3e8b59ac242766612a83882366de8\transformed\common-9.9.10-runtime.jar: R8: Expected stack map table for method with non-linear control flow. In later version of R8, the method may be assumed not reachable.
WARNING: C:\Users\Admin\.gradle\caches\9.5.0\transforms\3bc3e8b59ac242766612a83882366de8\transformed\common-9.9.10-runtime.jar: R8: Expected stack map table for method with non-linear control flow. In later version of R8, the method may be assumed not reachable.
WARNING: C:\Users\Admin\.gradle\caches\9.5.0\transforms\3bc3e8b59ac242766612a83882366de8\transformed\common-9.9.10-runtime.jar: R8: Expected stack map table for method with non-linear control flow. In later version of R8, the method may be assumed not reachable.
WARNING: C:\Users\Admin\.gradle\caches\9.5.0\transforms\3bc3e8b59ac242766612a83882366de8\transformed\common-9.9.10-runtime.jar: R8: Expected stack map table for method with non-linear control flow. In later version of R8, the method may be assumed not reachable.
WARNING: C:\Users\Admin\.gradle\caches\9.5.0\transforms\3bc3e8b59ac242766612a83882366de8\transformed\common-9.9.10-runtime.jar: R8: Expected stack map table for method with non-linear control flow. In later version of R8, the method may be assumed not reachable.
WARNING: C:\Users\Admin\.gradle\caches\9.5.0\transforms\3bc3e8b59ac242766612a83882366de8\transformed\common-9.9.10-runtime.jar: R8: Expected stack map table for method with non-linear control flow. In later version of R8, the method may be assumed not reachable.
WARNING: C:\Users\Admin\.gradle\caches\9.5.0\transforms\3bc3e8b59ac242766612a83882366de8\transformed\common-9.9.10-runtime.jar: R8: Expected stack map table for method with non-linear control flow. In later version of R8, the method may be assumed not reachable.
WARNING: C:\Users\Admin\.gradle\caches\9.5.0\transforms\3bc3e8b59ac242766612a83882366de8\transformed\common-9.9.10-runtime.jar: R8: Expected stack map table for method with non-linear control flow. In later version of R8, the method may be assumed not reachable.
WARNING: C:\Users\Admin\.gradle\caches\9.5.0\transforms\3bc3e8b59ac242766612a83882366de8\transformed\common-9.9.10-runtime.jar: R8: Expected stack map table for method with non-linear control flow. In later version of R8, the method may be assumed not reachable.
WARNING: C:\Users\Admin\.gradle\caches\9.5.0\transforms\3bc3e8b59ac242766612a83882366de8\transformed\common-9.9.10-runtime.jar: R8: Expected stack map table for method with non-linear control flow. In later version of R8, the method may be assumed not reachable.
WARNING: C:\Users\Admin\.gradle\caches\9.5.0\transforms\3bc3e8b59ac242766612a83882366de8\transformed\common-9.9.10-runtime.jar: R8: Expected stack map table for method with non-linear control flow. In later version of R8, the method may be assumed not reachable.
WARNING: C:\Users\Admin\.gradle\caches\9.5.0\transforms\3bc3e8b59ac242766612a83882366de8\transformed\common-9.9.10-runtime.jar: R8: Expected stack map table for method with non-linear control flow. In later version of R8, the method may be assumed not reachable.
WARNING: C:\Users\Admin\.gradle\caches\9.5.0\transforms\3bc3e8b59ac242766612a83882366de8\transformed\common-9.9.10-runtime.jar: R8: Expected stack map table for method with non-linear control flow. In later version of R8, the method may be assumed not reachable.
WARNING: C:\Users\Admin\.gradle\caches\9.5.0\transforms\3bc3e8b59ac242766612a83882366de8\transformed\common-9.9.10-runtime.jar: R8: Expected stack map table for method with non-linear control flow. In later version of R8, the method may be assumed not reachable.
WARNING: C:\Users\Admin\.gradle\caches\9.5.0\transforms\3bc3e8b59ac242766612a83882366de8\transformed\common-9.9.10-runtime.jar: R8: Expected stack map table for method with non-linear control flow. In later version of R8, the method may be assumed not reachable.
WARNING: C:\Users\Admin\.gradle\caches\9.5.0\transforms\3bc3e8b59ac242766612a83882366de8\transformed\common-9.9.10-runtime.jar: R8: Expected stack map table for method with non-linear control flow. In later version of R8, the method may be assumed not reachable.
WARNING: C:\Users\Admin\.gradle\caches\9.5.0\transforms\3bc3e8b59ac242766612a83882366de8\transformed\common-9.9.10-runtime.jar: R8: Expected stack map table for method with non-linear control flow. In later version of R8, the method may be assumed not reachable.
WARNING: C:\Users\Admin\.gradle\caches\9.5.0\transforms\3bc3e8b59ac242766612a83882366de8\transformed\common-9.9.10-runtime.jar: R8: Expected stack map table for method with non-linear control flow. In later version of R8, the method may be assumed not reachable.
WARNING: C:\Users\Admin\.gradle\caches\9.5.0\transforms\3bc3e8b59ac242766612a83882366de8\transformed\common-9.9.10-runtime.jar: R8: Expected stack map table for method with non-linear control flow. In later version of R8, the method may be assumed not reachable.
WARNING: C:\Users\Admin\.gradle\caches\9.5.0\transforms\3bc3e8b59ac242766612a83882366de8\transformed\common-9.9.10-runtime.jar: R8: Expected stack map table for method with non-linear control flow. In later version of R8, the method may be assumed not reachable.
WARNING: C:\Users\Admin\.gradle\caches\9.5.0\transforms\3bc3e8b59ac242766612a83882366de8\transformed\common-9.9.10-runtime.jar: R8: Expected stack map table for method with non-linear control flow. In later version of R8, the method may be assumed not reachable.
WARNING: C:\Users\Admin\.gradle\caches\9.5.0\transforms\3bc3e8b59ac242766612a83882366de8\transformed\common-9.9.10-runtime.jar: R8: Expected stack map table for method with non-linear control flow. In later version of R8, the method may be assumed not reachable.
WARNING: C:\Users\Admin\.gradle\caches\9.5.0\transforms\3bc3e8b59ac242766612a83882366de8\transformed\common-9.9.10-runtime.jar: R8: Expected stack map table for method with non-linear control flow. In later version of R8, the method may be assumed not reachable.
WARNING: C:\Users\Admin\.gradle\caches\9.5.0\transforms\3bc3e8b59ac242766612a83882366de8\transformed\common-9.9.10-runtime.jar: R8: Expected stack map table for method with non-linear control flow. In later version of R8, the method may be assumed not reachable.
WARNING: C:\Users\Admin\.gradle\caches\9.5.0\transforms\3bc3e8b59ac242766612a83882366de8\transformed\common-9.9.10-runtime.jar: R8: Expected stack map table for method with non-linear control flow. In later version of R8, the method may be assumed not reachable.
WARNING: C:\Users\Admin\.gradle\caches\9.5.0\transforms\3bc3e8b59ac242766612a83882366de8\transformed\common-9.9.10-runtime.jar: R8: Expected stack map table for method with non-linear control flow. In later version of R8, the method may be assumed not reachable.
WARNING: C:\Users\Admin\.gradle\caches\9.5.0\transforms\3bc3e8b59ac242766612a83882366de8\transformed\common-9.9.10-runtime.jar: R8: Expected stack map table for method with non-linear control flow. In later version of R8, the method may be assumed not reachable.
WARNING: C:\Users\Admin\.gradle\caches\9.5.0\transforms\3bc3e8b59ac242766612a83882366de8\transformed\common-9.9.10-runtime.jar: R8: Expected stack map table for method with non-linear control flow. In later version of R8, the method may be assumed not reachable.
WARNING: C:\Users\Admin\.gradle\caches\9.5.0\transforms\3bc3e8b59ac242766612a83882366de8\transformed\common-9.9.10-runtime.jar: R8: Expected stack map table for method with non-linear control flow. In later version of R8, the method may be assumed not reachable.
WARNING: C:\Users\Admin\.gradle\caches\9.5.0\transforms\3bc3e8b59ac242766612a83882366de8\transformed\common-9.9.10-runtime.jar: R8: Expected stack map table for method with non-linear control flow. In later version of R8, the method may be assumed not reachable.
WARNING: C:\Users\Admin\.gradle\caches\9.5.0\transforms\3bc3e8b59ac242766612a83882366de8\transformed\common-9.9.10-runtime.jar: R8: Expected stack map table for method with non-linear control flow. In later version of R8, the method may be assumed not reachable.
WARNING: C:\Users\Admin\.gradle\caches\9.5.0\transforms\3bc3e8b59ac242766612a83882366de8\transformed\common-9.9.10-runtime.jar: R8: Expected stack map table for method with non-linear control flow. In later version of R8, the method may be assumed not reachable.
WARNING: C:\Users\Admin\.gradle\caches\9.5.0\transforms\3bc3e8b59ac242766612a83882366de8\transformed\common-9.9.10-runtime.jar: R8: Expected stack map table for method with non-linear control flow. In later version of R8, the method may be assumed not reachable.
WARNING: C:\Users\Admin\.gradle\caches\9.5.0\transforms\3bc3e8b59ac242766612a83882366de8\transformed\common-9.9.10-runtime.jar: R8: Expected stack map table for method with non-linear control flow. In later version of R8, the method may be assumed not reachable.
WARNING: C:\Users\Admin\.gradle\caches\9.5.0\transforms\3bc3e8b59ac242766612a83882366de8\transformed\common-9.9.10-runtime.jar: R8: Expected stack map table for method with non-linear control flow. In later version of R8, the method may be assumed not reachable.
WARNING: C:\Users\Admin\.gradle\caches\9.5.0\transforms\3bc3e8b59ac242766612a83882366de8\transformed\common-9.9.10-runtime.jar: R8: Expected stack map table for method with non-linear control flow. In later version of R8, the method may be assumed not reachable.
WARNING: C:\Users\Admin\.gradle\caches\9.5.0\transforms\3bc3e8b59ac242766612a83882366de8\transformed\common-9.9.10-runtime.jar: R8: Expected stack map table for method with non-linear control flow. In later version of R8, the method may be assumed not reachable.
WARNING: C:\Users\Admin\.gradle\caches\9.5.0\transforms\3bc3e8b59ac242766612a83882366de8\transformed\common-9.9.10-runtime.jar: R8: Expected stack map table for method with non-linear control flow. In later version of R8, the method may be assumed not reachable.
WARNING: C:\Users\Admin\.gradle\caches\9.5.0\transforms\3bc3e8b59ac242766612a83882366de8\transformed\common-9.9.10-runtime.jar: R8: Expected stack map table for method with non-linear control flow. In later version of R8, the method may be assumed not reachable.
WARNING: C:\Users\Admin\.gradle\caches\9.5.0\transforms\3bc3e8b59ac242766612a83882366de8\transformed\common-9.9.10-runtime.jar: R8: Expected stack map table for method with non-linear control flow. In later version of R8, the method may be assumed not reachable.
WARNING: C:\Users\Admin\.gradle\caches\9.5.0\transforms\3bc3e8b59ac242766612a83882366de8\transformed\common-9.9.10-runtime.jar: R8: Expected stack map table for method with non-linear control flow. In later version of R8, the method may be assumed not reachable.
WARNING: C:\Users\Admin\.gradle\caches\9.5.0\transforms\3bc3e8b59ac242766612a83882366de8\transformed\common-9.9.10-runtime.jar: R8: Expected stack map table for method with non-linear control flow. In later version of R8, the method may be assumed not reachable.
WARNING: C:\Users\Admin\.gradle\caches\9.5.0\transforms\3bc3e8b59ac242766612a83882366de8\transformed\common-9.9.10-runtime.jar: R8: Expected stack map table for method with non-linear control flow. In later version of R8, the method may be assumed not reachable.
WARNING: C:\Users\Admin\.gradle\caches\9.5.0\transforms\3bc3e8b59ac242766612a83882366de8\transformed\common-9.9.10-runtime.jar: R8: Expected stack map table for method with non-linear control flow. In later version of R8, the method may be assumed not reachable.
WARNING: C:\Users\Admin\.gradle\caches\9.5.0\transforms\3bc3e8b59ac242766612a83882366de8\transformed\common-9.9.10-runtime.jar: R8: Expected stack map table for method with non-linear control flow. In later version of R8, the method may be assumed not reachable.
WARNING: C:\Users\Admin\.gradle\caches\9.5.0\transforms\3bc3e8b59ac242766612a83882366de8\transformed\common-9.9.10-runtime.jar: R8: Expected stack map table for method with non-linear control flow. In later version of R8, the method may be assumed not reachable.
WARNING: C:\Users\Admin\.gradle\caches\9.5.0\transforms\3bc3e8b59ac242766612a83882366de8\transformed\common-9.9.10-runtime.jar: R8: Expected stack map table for method with non-linear control flow. In later version of R8, the method may be assumed not reachable.
WARNING: C:\Users\Admin\.gradle\caches\9.5.0\transforms\3bc3e8b59ac242766612a83882366de8\transformed\common-9.9.10-runtime.jar: R8: Expected stack map table for method with non-linear control flow. In later version of R8, the method may be assumed not reachable.
WARNING: C:\Users\Admin\.gradle\caches\9.5.0\transforms\3bc3e8b59ac242766612a83882366de8\transformed\common-9.9.10-runtime.jar: R8: Expected stack map table for method with non-linear control flow. In later version of R8, the method may be assumed not reachable.
WARNING: C:\Users\Admin\.gradle\caches\9.5.0\transforms\3bc3e8b59ac242766612a83882366de8\transformed\common-9.9.10-runtime.jar: R8: Expected stack map table for method with non-linear control flow. In later version of R8, the method may be assumed not reachable.
WARNING: C:\Users\Admin\.gradle\caches\9.5.0\transforms\3bc3e8b59ac242766612a83882366de8\transformed\common-9.9.10-runtime.jar: R8: Expected stack map table for method with non-linear control flow. In later version of R8, the method may be assumed not reachable.
WARNING: C:\Users\Admin\.gradle\caches\9.5.0\transforms\3bc3e8b59ac242766612a83882366de8\transformed\common-9.9.10-runtime.jar: R8: Expected stack map table for method with non-linear control flow. In later version of R8, the method may be assumed not reachable.
WARNING: C:\Users\Admin\.gradle\caches\9.5.0\transforms\3bc3e8b59ac242766612a83882366de8\transformed\common-9.9.10-runtime.jar: R8: Expected stack map table for method with non-linear control flow. In later version of R8, the method may be assumed not reachable.
WARNING: C:\Users\Admin\.gradle\caches\9.5.0\transforms\3bc3e8b59ac242766612a83882366de8\transformed\common-9.9.10-runtime.jar: R8: Expected stack map table for method with non-linear control flow. In later version of R8, the method may be assumed not reachable.
WARNING: C:\Users\Admin\.gradle\caches\9.5.0\transforms\3bc3e8b59ac242766612a83882366de8\transformed\common-9.9.10-runtime.jar: R8: Expected stack map table for method with non-linear control flow. In later version of R8, the method may be assumed not reachable.
WARNING: C:\Users\Admin\.gradle\caches\9.5.0\transforms\3bc3e8b59ac242766612a83882366de8\transformed\common-9.9.10-runtime.jar: R8: Expected stack map table for method with non-linear control flow. In later version of R8, the method may be assumed not reachable.
WARNING: C:\Users\Admin\.gradle\caches\9.5.0\transforms\3bc3e8b59ac242766612a83882366de8\transformed\common-9.9.10-runtime.jar: R8: Expected stack map table for method with non-linear control flow. In later version of R8, the method may be assumed not reachable.
WARNING: C:\Users\Admin\.gradle\caches\9.5.0\transforms\3bc3e8b59ac242766612a83882366de8\transformed\common-9.9.10-runtime.jar: R8: Expected stack map table for method with non-linear control flow. In later version of R8, the method may be assumed not reachable.
WARNING: C:\Users\Admin\.gradle\caches\9.5.0\transforms\3bc3e8b59ac242766612a83882366de8\transformed\common-9.9.10-runtime.jar: R8: Expected stack map table for method with non-linear control flow. In later version of R8, the method may be assumed not reachable.
WARNING: C:\Users\Admin\.gradle\caches\9.5.0\transforms\3bc3e8b59ac242766612a83882366de8\transformed\common-9.9.10-runtime.jar: R8: Expected stack map table for method with non-linear control flow. In later version of R8, the method may be assumed not reachable.
WARNING: C:\Users\Admin\.gradle\caches\9.5.0\transforms\3bc3e8b59ac242766612a83882366de8\transformed\common-9.9.10-runtime.jar: R8: Expected stack map table for method with non-linear control flow. In later version of R8, the method may be assumed not reachable.
WARNING: C:\Users\Admin\.gradle\caches\9.5.0\transforms\3bc3e8b59ac242766612a83882366de8\transformed\common-9.9.10-runtime.jar: R8: Expected stack map table for method with non-linear control flow. In later version of R8, the method may be assumed not reachable.
WARNING: C:\Users\Admin\.gradle\caches\9.5.0\transforms\3bc3e8b59ac242766612a83882366de8\transformed\common-9.9.10-runtime.jar: R8: Expected stack map table for method with non-linear control flow. In later version of R8, the method may be assumed not reachable.
WARNING: C:\Users\Admin\.gradle\caches\9.5.0\transforms\3bc3e8b59ac242766612a83882366de8\transformed\common-9.9.10-runtime.jar: R8: Expected stack map table for method with non-linear control flow. In later version of R8, the method may be assumed not reachable.
WARNING: C:\Users\Admin\.gradle\caches\9.5.0\transforms\3bc3e8b59ac242766612a83882366de8\transformed\common-9.9.10-runtime.jar: R8: Expected stack map table for method with non-linear control flow. In later version of R8, the method may be assumed not reachable.
WARNING: C:\Users\Admin\.gradle\caches\9.5.0\transforms\3bc3e8b59ac242766612a83882366de8\transformed\common-9.9.10-runtime.jar: R8: Expected stack map table for method with non-linear control flow. In later version of R8, the method may be assumed not reachable.
WARNING: C:\Users\Admin\.gradle\caches\9.5.0\transforms\3bc3e8b59ac242766612a83882366de8\transformed\common-9.9.10-runtime.jar: R8: Expected stack map table for method with non-linear control flow. In later version of R8, the method may be assumed not reachable.
WARNING: C:\Users\Admin\.gradle\caches\9.5.0\transforms\3bc3e8b59ac242766612a83882366de8\transformed\common-9.9.10-runtime.jar: R8: Expected stack map table for method with non-linear control flow. In later version of R8, the method may be assumed not reachable.
WARNING: C:\Users\Admin\.gradle\caches\9.5.0\transforms\3bc3e8b59ac242766612a83882366de8\transformed\common-9.9.10-runtime.jar: R8: Expected stack map table for method with non-linear control flow. In later version of R8, the method may be assumed not reachable.
WARNING: C:\Users\Admin\.gradle\caches\9.5.0\transforms\3bc3e8b59ac242766612a83882366de8\transformed\common-9.9.10-runtime.jar: R8: Expected stack map table for method with non-linear control flow. In later version of R8, the method may be assumed not reachable.
WARNING: C:\Users\Admin\.gradle\caches\9.5.0\transforms\3bc3e8b59ac242766612a83882366de8\transformed\common-9.9.10-runtime.jar: R8: Expected stack map table for method with non-linear control flow. In later version of R8, the method may be assumed not reachable.
WARNING: C:\Users\Admin\.gradle\caches\9.5.0\transforms\3bc3e8b59ac242766612a83882366de8\transformed\common-9.9.10-runtime.jar: R8: Expected stack map table for method with non-linear control flow. In later version of R8, the method may be assumed not reachable.
WARNING: C:\Users\Admin\.gradle\caches\9.5.0\transforms\3bc3e8b59ac242766612a83882366de8\transformed\common-9.9.10-runtime.jar: R8: Expected stack map table for method with non-linear control flow. In later version of R8, the method may be assumed not reachable.
WARNING: C:\Users\Admin\.gradle\caches\9.5.0\transforms\3bc3e8b59ac242766612a83882366de8\transformed\common-9.9.10-runtime.jar: R8: Expected stack map table for method with non-linear control flow. In later version of R8, the method may be assumed not reachable.
WARNING: C:\Users\Admin\.gradle\caches\9.5.0\transforms\3bc3e8b59ac242766612a83882366de8\transformed\common-9.9.10-runtime.jar: R8: Expected stack map table for method with non-linear control flow. In later version of R8, the method may be assumed not reachable.
WARNING: C:\Users\Admin\.gradle\caches\9.5.0\transforms\3bc3e8b59ac242766612a83882366de8\transformed\common-9.9.10-runtime.jar: R8: Expected stack map table for method with non-linear control flow. In later version of R8, the method may be assumed not reachable.
WARNING: C:\Users\Admin\.gradle\caches\9.5.0\transforms\3bc3e8b59ac242766612a83882366de8\transformed\common-9.9.10-runtime.jar: R8: Expected stack map table for method with non-linear control flow. In later version of R8, the method may be assumed not reachable.
WARNING: C:\Users\Admin\.gradle\caches\9.5.0\transforms\3bc3e8b59ac242766612a83882366de8\transformed\common-9.9.10-runtime.jar: R8: Expected stack map table for method with non-linear control flow. In later version of R8, the method may be assumed not reachable.
WARNING: C:\Users\Admin\.gradle\caches\9.5.0\transforms\3bc3e8b59ac242766612a83882366de8\transformed\common-9.9.10-runtime.jar: R8: Expected stack map table for method with non-linear control flow. In later version of R8, the method may be assumed not reachable.
WARNING: C:\Users\Admin\.gradle\caches\9.5.0\transforms\3bc3e8b59ac242766612a83882366de8\transformed\common-9.9.10-runtime.jar: R8: Expected stack map table for method with non-linear control flow. In later version of R8, the method may be assumed not reachable.
WARNING: C:\Users\Admin\.gradle\caches\9.5.0\transforms\3bc3e8b59ac242766612a83882366de8\transformed\common-9.9.10-runtime.jar: R8: Expected stack map table for method with non-linear control flow. In later version of R8, the method may be assumed not reachable.
WARNING: C:\Users\Admin\.gradle\caches\9.5.0\transforms\3bc3e8b59ac242766612a83882366de8\transformed\common-9.9.10-runtime.jar: R8: Expected stack map table for method with non-linear control flow. In later version of R8, the method may be assumed not reachable.
WARNING: C:\Users\Admin\.gradle\caches\9.5.0\transforms\3bc3e8b59ac242766612a83882366de8\transformed\common-9.9.10-runtime.jar: R8: Expected stack map table for method with non-linear control flow. In later version of R8, the method may be assumed not reachable.
WARNING: C:\Users\Admin\.gradle\caches\9.5.0\transforms\3bc3e8b59ac242766612a83882366de8\transformed\common-9.9.10-runtime.jar: R8: Expected stack map table for method with non-linear control flow. In later version of R8, the method may be assumed not reachable.
WARNING: C:\Users\Admin\.gradle\caches\9.5.0\transforms\3bc3e8b59ac242766612a83882366de8\transformed\common-9.9.10-runtime.jar: R8: Expected stack map table for method with non-linear control flow. In later version of R8, the method may be assumed not reachable.
WARNING: C:\Users\Admin\.gradle\caches\9.5.0\transforms\3bc3e8b59ac242766612a83882366de8\transformed\common-9.9.10-runtime.jar: R8: Expected stack map table for method with non-linear control flow. In later version of R8, the method may be assumed not reachable.
WARNING: C:\Users\Admin\.gradle\caches\9.5.0\transforms\3bc3e8b59ac242766612a83882366de8\transformed\common-9.9.10-runtime.jar: R8: Expected stack map table for method with non-linear control flow. In later version of R8, the method may be assumed not reachable.
WARNING: C:\Users\Admin\.gradle\caches\9.5.0\transforms\3bc3e8b59ac242766612a83882366de8\transformed\common-9.9.10-runtime.jar: R8: Expected stack map table for method with non-linear control flow. In later version of R8, the method may be assumed not reachable.
WARNING: C:\Users\Admin\.gradle\caches\9.5.0\transforms\3bc3e8b59ac242766612a83882366de8\transformed\common-9.9.10-runtime.jar: R8: Expected stack map table for method with non-linear control flow. In later version of R8, the method may be assumed not reachable.
WARNING: C:\Users\Admin\.gradle\caches\9.5.0\transforms\3bc3e8b59ac242766612a83882366de8\transformed\common-9.9.10-runtime.jar: R8: Expected stack map table for method with non-linear control flow. In later version of R8, the method may be assumed not reachable.
WARNING: C:\Users\Admin\.gradle\caches\9.5.0\transforms\3bc3e8b59ac242766612a83882366de8\transformed\common-9.9.10-runtime.jar: R8: Expected stack map table for method with non-linear control flow. In later version of R8, the method may be assumed not reachable.
WARNING: C:\Users\Admin\.gradle\caches\9.5.0\transforms\3bc3e8b59ac242766612a83882366de8\transformed\common-9.9.10-runtime.jar: R8: Expected stack map table for method with non-linear control flow. In later version of R8, the method may be assumed not reachable.
WARNING: C:\Users\Admin\.gradle\caches\9.5.0\transforms\3bc3e8b59ac242766612a83882366de8\transformed\common-9.9.10-runtime.jar: R8: Expected stack map table for method with non-linear control flow. In later version of R8, the method may be assumed not reachable.
WARNING: C:\Users\Admin\.gradle\caches\9.5.0\transforms\3bc3e8b59ac242766612a83882366de8\transformed\common-9.9.10-runtime.jar: R8: Expected stack map table for method with non-linear control flow. In later version of R8, the method may be assumed not reachable.
WARNING: C:\Users\Admin\.gradle\caches\9.5.0\transforms\3bc3e8b59ac242766612a83882366de8\transformed\common-9.9.10-runtime.jar: R8: Expected stack map table for method with non-linear control flow. In later version of R8, the method may be assumed not reachable.
WARNING: C:\Users\Admin\.gradle\caches\9.5.0\transforms\3bc3e8b59ac242766612a83882366de8\transformed\common-9.9.10-runtime.jar: R8: Expected stack map table for method with non-linear control flow. In later version of R8, the method may be assumed not reachable.
WARNING: C:\Users\Admin\.gradle\caches\9.5.0\transforms\3bc3e8b59ac242766612a83882366de8\transformed\common-9.9.10-runtime.jar: R8: Expected stack map table for method with non-linear control flow. In later version of R8, the method may be assumed not reachable.
WARNING: C:\Users\Admin\.gradle\caches\9.5.0\transforms\3bc3e8b59ac242766612a83882366de8\transformed\common-9.9.10-runtime.jar: R8: Expected stack map table for method with non-linear control flow. In later version of R8, the method may be assumed not reachable.
WARNING: C:\Users\Admin\.gradle\caches\9.5.0\transforms\3bc3e8b59ac242766612a83882366de8\transformed\common-9.9.10-runtime.jar: R8: Expected stack map table for method with non-linear control flow. In later version of R8, the method may be assumed not reachable.
WARNING: C:\Users\Admin\.gradle\caches\9.5.0\transforms\3bc3e8b59ac242766612a83882366de8\transformed\common-9.9.10-runtime.jar: R8: Expected stack map table for method with non-linear control flow. In later version of R8, the method may be assumed not reachable.
WARNING: C:\Users\Admin\.gradle\caches\9.5.0\transforms\3bc3e8b59ac242766612a83882366de8\transformed\common-9.9.10-runtime.jar: R8: Expected stack map table for method with non-linear control flow. In later version of R8, the method may be assumed not reachable.
WARNING: C:\Users\Admin\.gradle\caches\9.5.0\transforms\3bc3e8b59ac242766612a83882366de8\transformed\common-9.9.10-runtime.jar: R8: Expected stack map table for method with non-linear control flow. In later version of R8, the method may be assumed not reachable.
WARNING: C:\Users\Admin\.gradle\caches\9.5.0\transforms\3bc3e8b59ac242766612a83882366de8\transformed\common-9.9.10-runtime.jar: R8: Expected stack map table for method with non-linear control flow. In later version of R8, the method may be assumed not reachable.
WARNING: C:\Users\Admin\.gradle\caches\9.5.0\transforms\3bc3e8b59ac242766612a83882366de8\transformed\common-9.9.10-runtime.jar: R8: Expected stack map table for method with non-linear control flow. In later version of R8, the method may be assumed not reachable.
WARNING: C:\Users\Admin\.gradle\caches\9.5.0\transforms\3bc3e8b59ac242766612a83882366de8\transformed\common-9.9.10-runtime.jar: R8: Expected stack map table for method with non-linear control flow. In later version of R8, the method may be assumed not reachable.
WARNING: C:\Users\Admin\.gradle\caches\9.5.0\transforms\3bc3e8b59ac242766612a83882366de8\transformed\common-9.9.10-runtime.jar: R8: Expected stack map table for method with non-linear control flow. In later version of R8, the method may be assumed not reachable.
WARNING: C:\Users\Admin\.gradle\caches\9.5.0\transforms\3bc3e8b59ac242766612a83882366de8\transformed\common-9.9.10-runtime.jar: R8: Expected stack map table for method with non-linear control flow. In later version of R8, the method may be assumed not reachable.
WARNING: C:\Users\Admin\.gradle\caches\9.5.0\transforms\3bc3e8b59ac242766612a83882366de8\transformed\common-9.9.10-runtime.jar: R8: Expected stack map table for method with non-linear control flow. In later version of R8, the method may be assumed not reachable.
WARNING: C:\Users\Admin\.gradle\caches\9.5.0\transforms\3bc3e8b59ac242766612a83882366de8\transformed\common-9.9.10-runtime.jar: R8: Expected stack map table for method with non-linear control flow. In later version of R8, the method may be assumed not reachable.
WARNING: C:\Users\Admin\.gradle\caches\9.5.0\transforms\3bc3e8b59ac242766612a83882366de8\transformed\common-9.9.10-runtime.jar: R8: Expected stack map table for method with non-linear control flow. In later version of R8, the method may be assumed not reachable.
WARNING: C:\Users\Admin\.gradle\caches\9.5.0\transforms\3bc3e8b59ac242766612a83882366de8\transformed\common-9.9.10-runtime.jar: R8: Expected stack map table for method with non-linear control flow. In later version of R8, the method may be assumed not reachable.
WARNING: C:\Users\Admin\.gradle\caches\9.5.0\transforms\3bc3e8b59ac242766612a83882366de8\transformed\common-9.9.10-runtime.jar: R8: Expected stack map table for method with non-linear control flow. In later version of R8, the method may be assumed not reachable.
WARNING: C:\Users\Admin\.gradle\caches\9.5.0\transforms\3bc3e8b59ac242766612a83882366de8\transformed\common-9.9.10-runtime.jar: R8: Expected stack map table for method with non-linear control flow. In later version of R8, the method may be assumed not reachable.
WARNING: C:\Users\Admin\.gradle\caches\9.5.0\transforms\3bc3e8b59ac242766612a83882366de8\transformed\common-9.9.10-runtime.jar: R8: Expected stack map table for method with non-linear control flow. In later version of R8, the method may be assumed not reachable.
WARNING: C:\Users\Admin\.gradle\caches\9.5.0\transforms\3bc3e8b59ac242766612a83882366de8\transformed\common-9.9.10-runtime.jar: R8: Expected stack map table for method with non-linear control flow. In later version of R8, the method may be assumed not reachable.
WARNING: C:\Users\Admin\.gradle\caches\9.5.0\transforms\3bc3e8b59ac242766612a83882366de8\transformed\common-9.9.10-runtime.jar: R8: Expected stack map table for method with non-linear control flow. In later version of R8, the method may be assumed not reachable.
WARNING: C:\Users\Admin\.gradle\caches\9.5.0\transforms\3bc3e8b59ac242766612a83882366de8\transformed\common-9.9.10-runtime.jar: R8: Expected stack map table for method with non-linear control flow. In later version of R8, the method may be assumed not reachable.
WARNING: C:\Users\Admin\.gradle\caches\9.5.0\transforms\3bc3e8b59ac242766612a83882366de8\transformed\common-9.9.10-runtime.jar: R8: Expected stack map table for method with non-linear control flow. In later version of R8, the method may be assumed not reachable.
WARNING: C:\Users\Admin\.gradle\caches\9.5.0\transforms\3bc3e8b59ac242766612a83882366de8\transformed\common-9.9.10-runtime.jar: R8: Expected stack map table for method with non-linear control flow. In later version of R8, the method may be assumed not reachable.
WARNING: C:\Users\Admin\.gradle\caches\9.5.0\transforms\3bc3e8b59ac242766612a83882366de8\transformed\common-9.9.10-runtime.jar: R8: Expected stack map table for method with non-linear control flow. In later version of R8, the method may be assumed not reachable.
WARNING: C:\Users\Admin\.gradle\caches\9.5.0\transforms\3bc3e8b59ac242766612a83882366de8\transformed\common-9.9.10-runtime.jar: R8: Expected stack map table for method with non-linear control flow. In later version of R8, the method may be assumed not reachable.
WARNING: C:\Users\Admin\.gradle\caches\9.5.0\transforms\3bc3e8b59ac242766612a83882366de8\transformed\common-9.9.10-runtime.jar: R8: Expected stack map table for method with non-linear control flow. In later version of R8, the method may be assumed not reachable.
WARNING: C:\Users\Admin\.gradle\caches\9.5.0\transforms\3bc3e8b59ac242766612a83882366de8\transformed\common-9.9.10-runtime.jar: R8: Expected stack map table for method with non-linear control flow. In later version of R8, the method may be assumed not reachable.
WARNING: C:\Users\Admin\.gradle\caches\9.5.0\transforms\3bc3e8b59ac242766612a83882366de8\transformed\common-9.9.10-runtime.jar: R8: Expected stack map table for method with non-linear control flow. In later version of R8, the method may be assumed not reachable.
WARNING: C:\Users\Admin\.gradle\caches\9.5.0\transforms\3bc3e8b59ac242766612a83882366de8\transformed\common-9.9.10-runtime.jar: R8: Expected stack map table for method with non-linear control flow. In later version of R8, the method may be assumed not reachable.
WARNING: C:\Users\Admin\.gradle\caches\9.5.0\transforms\3bc3e8b59ac242766612a83882366de8\transformed\common-9.9.10-runtime.jar: R8: Expected stack map table for method with non-linear control flow. In later version of R8, the method may be assumed not reachable.
WARNING: C:\Users\Admin\.gradle\caches\9.5.0\transforms\3bc3e8b59ac242766612a83882366de8\transformed\common-9.9.10-runtime.jar: R8: Expected stack map table for method with non-linear control flow. In later version of R8, the method may be assumed not reachable.
WARNING: C:\Users\Admin\.gradle\caches\9.5.0\transforms\3bc3e8b59ac242766612a83882366de8\transformed\common-9.9.10-runtime.jar: R8: Expected stack map table for method with non-linear control flow. In later version of R8, the method may be assumed not reachable.
WARNING: C:\Users\Admin\.gradle\caches\9.5.0\transforms\3bc3e8b59ac242766612a83882366de8\transformed\common-9.9.10-runtime.jar: R8: Expected stack map table for method with non-linear control flow. In later version of R8, the method may be assumed not reachable.
WARNING: C:\Users\Admin\.gradle\caches\9.5.0\transforms\3bc3e8b59ac242766612a83882366de8\transformed\common-9.9.10-runtime.jar: R8: Expected stack map table for method with non-linear control flow. In later version of R8, the method may be assumed not reachable.
WARNING: C:\Users\Admin\.gradle\caches\9.5.0\transforms\3bc3e8b59ac242766612a83882366de8\transformed\common-9.9.10-runtime.jar: R8: Expected stack map table for method with non-linear control flow. In later version of R8, the method may be assumed not reachable.
WARNING: C:\Users\Admin\.gradle\caches\9.5.0\transforms\3bc3e8b59ac242766612a83882366de8\transformed\common-9.9.10-runtime.jar: R8: Expected stack map table for method with non-linear control flow. In later version of R8, the method may be assumed not reachable.
WARNING: C:\Users\Admin\.gradle\caches\9.5.0\transforms\3bc3e8b59ac242766612a83882366de8\transformed\common-9.9.10-runtime.jar: R8: Expected stack map table for method with non-linear control flow. In later version of R8, the method may be assumed not reachable.
WARNING: C:\Users\Admin\.gradle\caches\9.5.0\transforms\3bc3e8b59ac242766612a83882366de8\transformed\common-9.9.10-runtime.jar: R8: Expected stack map table for method with non-linear control flow. In later version of R8, the method may be assumed not reachable.
WARNING: C:\Users\Admin\.gradle\caches\9.5.0\transforms\3bc3e8b59ac242766612a83882366de8\transformed\common-9.9.10-runtime.jar: R8: Expected stack map table for method with non-linear control flow. In later version of R8, the method may be assumed not reachable.
WARNING: C:\Users\Admin\.gradle\caches\9.5.0\transforms\3bc3e8b59ac242766612a83882366de8\transformed\common-9.9.10-runtime.jar: R8: Expected stack map table for method with non-linear control flow. In later version of R8, the method may be assumed not reachable.
WARNING: C:\Users\Admin\.gradle\caches\9.5.0\transforms\3bc3e8b59ac242766612a83882366de8\transformed\common-9.9.10-runtime.jar: R8: Expected stack map table for method with non-linear control flow. In later version of R8, the method may be assumed not reachable.
WARNING: C:\Users\Admin\.gradle\caches\9.5.0\transforms\3bc3e8b59ac242766612a83882366de8\transformed\common-9.9.10-runtime.jar: R8: Expected stack map table for method with non-linear control flow. In later version of R8, the method may be assumed not reachable.
WARNING: C:\Users\Admin\.gradle\caches\9.5.0\transforms\3bc3e8b59ac242766612a83882366de8\transformed\common-9.9.10-runtime.jar: R8: Expected stack map table for method with non-linear control flow. In later version of R8, the method may be assumed not reachable.
WARNING: C:\Users\Admin\.gradle\caches\9.5.0\transforms\3bc3e8b59ac242766612a83882366de8\transformed\common-9.9.10-runtime.jar: R8: Expected stack map table for method with non-linear control flow. In later version of R8, the method may be assumed not reachable.
WARNING: C:\Users\Admin\.gradle\caches\9.5.0\transforms\3bc3e8b59ac242766612a83882366de8\transformed\common-9.9.10-runtime.jar: R8: Expected stack map table for method with non-linear control flow. In later version of R8, the method may be assumed not reachable.
WARNING: C:\Users\Admin\.gradle\caches\9.5.0\transforms\3bc3e8b59ac242766612a83882366de8\transformed\common-9.9.10-runtime.jar: R8: Expected stack map table for method with non-linear control flow. In later version of R8, the method may be assumed not reachable.
WARNING: C:\Users\Admin\.gradle\caches\9.5.0\transforms\3bc3e8b59ac242766612a83882366de8\transformed\common-9.9.10-runtime.jar: R8: Expected stack map table for method with non-linear control flow. In later version of R8, the method may be assumed not reachable.
WARNING: C:\Users\Admin\.gradle\caches\9.5.0\transforms\3bc3e8b59ac242766612a83882366de8\transformed\common-9.9.10-runtime.jar: R8: Expected stack map table for method with non-linear control flow. In later version of R8, the method may be assumed not reachable.
WARNING: C:\Users\Admin\.gradle\caches\9.5.0\transforms\3bc3e8b59ac242766612a83882366de8\transformed\common-9.9.10-runtime.jar: R8: Expected stack map table for method with non-linear control flow. In later version of R8, the method may be assumed not reachable.
WARNING: C:\Users\Admin\.gradle\caches\9.5.0\transforms\3bc3e8b59ac242766612a83882366de8\transformed\common-9.9.10-runtime.jar: R8: Expected stack map table for method with non-linear control flow. In later version of R8, the method may be assumed not reachable.
WARNING: C:\Users\Admin\.gradle\caches\9.5.0\transforms\3bc3e8b59ac242766612a83882366de8\transformed\common-9.9.10-runtime.jar: R8: Expected stack map table for method with non-linear control flow. In later version of R8, the method may be assumed not reachable.
WARNING: C:\Users\Admin\.gradle\caches\9.5.0\transforms\3bc3e8b59ac242766612a83882366de8\transformed\common-9.9.10-runtime.jar: R8: Expected stack map table for method with non-linear control flow. In later version of R8, the method may be assumed not reachable.
WARNING: C:\Users\Admin\.gradle\caches\9.5.0\transforms\3bc3e8b59ac242766612a83882366de8\transformed\common-9.9.10-runtime.jar: R8: Expected stack map table for method with non-linear control flow. In later version of R8, the method may be assumed not reachable.
WARNING: C:\Users\Admin\.gradle\caches\9.5.0\transforms\3bc3e8b59ac242766612a83882366de8\transformed\common-9.9.10-runtime.jar: R8: Expected stack map table for method with non-linear control flow. In later version of R8, the method may be assumed not reachable.
WARNING: C:\Users\Admin\.gradle\caches\9.5.0\transforms\3bc3e8b59ac242766612a83882366de8\transformed\common-9.9.10-runtime.jar: R8: Expected stack map table for method with non-linear control flow. In later version of R8, the method may be assumed not reachable.
WARNING: C:\Users\Admin\.gradle\caches\9.5.0\transforms\3bc3e8b59ac242766612a83882366de8\transformed\common-9.9.10-runtime.jar: R8: Expected stack map table for method with non-linear control flow. In later version of R8, the method may be assumed not reachable.
WARNING: C:\Users\Admin\.gradle\caches\9.5.0\transforms\3bc3e8b59ac242766612a83882366de8\transformed\common-9.9.10-runtime.jar: R8: Expected stack map table for method with non-linear control flow. In later version of R8, the method may be assumed not reachable.
WARNING: C:\Users\Admin\.gradle\caches\9.5.0\transforms\3bc3e8b59ac242766612a83882366de8\transformed\common-9.9.10-runtime.jar: R8: Expected stack map table for method with non-linear control flow. In later version of R8, the method may be assumed not reachable.
WARNING: C:\Users\Admin\.gradle\caches\9.5.0\transforms\3bc3e8b59ac242766612a83882366de8\transformed\common-9.9.10-runtime.jar: R8: Expected stack map table for method with non-linear control flow. In later version of R8, the method may be assumed not reachable.
WARNING: C:\Users\Admin\.gradle\caches\9.5.0\transforms\3bc3e8b59ac242766612a83882366de8\transformed\common-9.9.10-runtime.jar: R8: Expected stack map table for method with non-linear control flow. In later version of R8, the method may be assumed not reachable.
WARNING: C:\Users\Admin\.gradle\caches\9.5.0\transforms\3bc3e8b59ac242766612a83882366de8\transformed\common-9.9.10-runtime.jar: R8: Expected stack map table for method with non-linear control flow. In later version of R8, the method may be assumed not reachable.
WARNING: C:\Users\Admin\.gradle\caches\9.5.0\transforms\3bc3e8b59ac242766612a83882366de8\transformed\common-9.9.10-runtime.jar: R8: Expected stack map table for method with non-linear control flow. In later version of R8, the method may be assumed not reachable.
WARNING: C:\Users\Admin\.gradle\caches\9.5.0\transforms\3bc3e8b59ac242766612a83882366de8\transformed\common-9.9.10-runtime.jar: R8: Expected stack map table for method with non-linear control flow. In later version of R8, the method may be assumed not reachable.
WARNING: C:\Users\Admin\.gradle\caches\9.5.0\transforms\3bc3e8b59ac242766612a83882366de8\transformed\common-9.9.10-runtime.jar: R8: Expected stack map table for method with non-linear control flow. In later version of R8, the method may be assumed not reachable.
WARNING: C:\Users\Admin\.gradle\caches\9.5.0\transforms\3bc3e8b59ac242766612a83882366de8\transformed\common-9.9.10-runtime.jar: R8: Expected stack map table for method with non-linear control flow. In later version of R8, the method may be assumed not reachable.
WARNING: C:\Users\Admin\.gradle\caches\9.5.0\transforms\3bc3e8b59ac242766612a83882366de8\transformed\common-9.9.10-runtime.jar: R8: Expected stack map table for method with non-linear control flow. In later version of R8, the method may be assumed not reachable.
WARNING: C:\Users\Admin\.gradle\caches\9.5.0\transforms\3bc3e8b59ac242766612a83882366de8\transformed\common-9.9.10-runtime.jar: R8: Expected stack map table for method with non-linear control flow. In later version of R8, the method may be assumed not reachable.
WARNING: C:\Users\Admin\.gradle\caches\9.5.0\transforms\3bc3e8b59ac242766612a83882366de8\transformed\common-9.9.10-runtime.jar: R8: Expected stack map table for method with non-linear control flow. In later version of R8, the method may be assumed not reachable.
WARNING: C:\Users\Admin\.gradle\caches\9.5.0\transforms\3bc3e8b59ac242766612a83882366de8\transformed\common-9.9.10-runtime.jar: R8: Expected stack map table for method with non-linear control flow. In later version of R8, the method may be assumed not reachable.
WARNING: C:\Users\Admin\.gradle\caches\9.5.0\transforms\3bc3e8b59ac242766612a83882366de8\transformed\common-9.9.10-runtime.jar: R8: Expected stack map table for method with non-linear control flow. In later version of R8, the method may be assumed not reachable.
WARNING: C:\Users\Admin\.gradle\caches\9.5.0\transforms\3bc3e8b59ac242766612a83882366de8\transformed\common-9.9.10-runtime.jar: R8: Expected stack map table for method with non-linear control flow. In later version of R8, the method may be assumed not reachable.
WARNING: C:\Users\Admin\.gradle\caches\9.5.0\transforms\3bc3e8b59ac242766612a83882366de8\transformed\common-9.9.10-runtime.jar: R8: Expected stack map table for method with non-linear control flow. In later version of R8, the method may be assumed not reachable.
WARNING: C:\Users\Admin\.gradle\caches\9.5.0\transforms\3bc3e8b59ac242766612a83882366de8\transformed\common-9.9.10-runtime.jar: R8: Expected stack map table for method with non-linear control flow. In later version of R8, the method may be assumed not reachable.
WARNING: C:\Users\Admin\.gradle\caches\9.5.0\transforms\3bc3e8b59ac242766612a83882366de8\transformed\common-9.9.10-runtime.jar: R8: Expected stack map table for method with non-linear control flow. In later version of R8, the method may be assumed not reachable.
WARNING: C:\Users\Admin\.gradle\caches\9.5.0\transforms\3bc3e8b59ac242766612a83882366de8\transformed\common-9.9.10-runtime.jar: R8: Expected stack map table for method with non-linear control flow. In later version of R8, the method may be assumed not reachable.
WARNING: C:\Users\Admin\.gradle\caches\9.5.0\transforms\3bc3e8b59ac242766612a83882366de8\transformed\common-9.9.10-runtime.jar: R8: Expected stack map table for method with non-linear control flow. In later version of R8, the method may be assumed not reachable.
WARNING: C:\Users\Admin\.gradle\caches\9.5.0\transforms\3bc3e8b59ac242766612a83882366de8\transformed\common-9.9.10-runtime.jar: R8: Expected stack map table for method with non-linear control flow. In later version of R8, the method may be assumed not reachable.
WARNING: C:\Users\Admin\.gradle\caches\9.5.0\transforms\3bc3e8b59ac242766612a83882366de8\transformed\common-9.9.10-runtime.jar: R8: Expected stack map table for method with non-linear control flow. In later version of R8, the method may be assumed not reachable.
WARNING: C:\Users\Admin\.gradle\caches\9.5.0\transforms\3bc3e8b59ac242766612a83882366de8\transformed\common-9.9.10-runtime.jar: R8: Expected stack map table for method with non-linear control flow. In later version of R8, the method may be assumed not reachable.
WARNING: C:\Users\Admin\.gradle\caches\9.5.0\transforms\3bc3e8b59ac242766612a83882366de8\transformed\common-9.9.10-runtime.jar: R8: Expected stack map table for method with non-linear control flow. In later version of R8, the method may be assumed not reachable.
WARNING: C:\Users\Admin\.gradle\caches\9.5.0\transforms\3bc3e8b59ac242766612a83882366de8\transformed\common-9.9.10-runtime.jar: R8: Expected stack map table for method with non-linear control flow. In later version of R8, the method may be assumed not reachable.
WARNING: C:\Users\Admin\.gradle\caches\9.5.0\transforms\3bc3e8b59ac242766612a83882366de8\transformed\common-9.9.10-runtime.jar: R8: Expected stack map table for method with non-linear control flow. In later version of R8, the method may be assumed not reachable.
WARNING: C:\Users\Admin\.gradle\caches\9.5.0\transforms\3bc3e8b59ac242766612a83882366de8\transformed\common-9.9.10-runtime.jar: R8: Expected stack map table for method with non-linear control flow. In later version of R8, the method may be assumed not reachable.
WARNING: C:\Users\Admin\.gradle\caches\9.5.0\transforms\3bc3e8b59ac242766612a83882366de8\transformed\common-9.9.10-runtime.jar: R8: Expected stack map table for method with non-linear control flow. In later version of R8, the method may be assumed not reachable.
WARNING: C:\Users\Admin\.gradle\caches\9.5.0\transforms\3bc3e8b59ac242766612a83882366de8\transformed\common-9.9.10-runtime.jar: R8: Expected stack map table for method with non-linear control flow. In later version of R8, the method may be assumed not reachable.
WARNING: C:\Users\Admin\.gradle\caches\9.5.0\transforms\3bc3e8b59ac242766612a83882366de8\transformed\common-9.9.10-runtime.jar: R8: Expected stack map table for method with non-linear control flow. In later version of R8, the method may be assumed not reachable.
WARNING: C:\Users\Admin\.gradle\caches\9.5.0\transforms\3bc3e8b59ac242766612a83882366de8\transformed\common-9.9.10-runtime.jar: R8: Expected stack map table for method with non-linear control flow. In later version of R8, the method may be assumed not reachable.
WARNING: C:\Users\Admin\.gradle\caches\9.5.0\transforms\3bc3e8b59ac242766612a83882366de8\transformed\common-9.9.10-runtime.jar: R8: Expected stack map table for method with non-linear control flow. In later version of R8, the method may be assumed not reachable.
WARNING: C:\Users\Admin\.gradle\caches\9.5.0\transforms\3bc3e8b59ac242766612a83882366de8\transformed\common-9.9.10-runtime.jar: R8: Expected stack map table for method with non-linear control flow. In later version of R8, the method may be assumed not reachable.
WARNING: C:\Users\Admin\.gradle\caches\9.5.0\transforms\3bc3e8b59ac242766612a83882366de8\transformed\common-9.9.10-runtime.jar: R8: Expected stack map table for method with non-linear control flow. In later version of R8, the method may be assumed not reachable.
WARNING: C:\Users\Admin\.gradle\caches\9.5.0\transforms\3bc3e8b59ac242766612a83882366de8\transformed\common-9.9.10-runtime.jar: R8: Expected stack map table for method with non-linear control flow. In later version of R8, the method may be assumed not reachable.
WARNING: C:\Users\Admin\.gradle\caches\9.5.0\transforms\3bc3e8b59ac242766612a83882366de8\transformed\common-9.9.10-runtime.jar: R8: Expected stack map table for method with non-linear control flow. In later version of R8, the method may be assumed not reachable.
WARNING: C:\Users\Admin\.gradle\caches\9.5.0\transforms\3bc3e8b59ac242766612a83882366de8\transformed\common-9.9.10-runtime.jar: R8: Expected stack map table for method with non-linear control flow. In later version of R8, the method may be assumed not reachable.
WARNING: C:\Users\Admin\.gradle\caches\9.5.0\transforms\3bc3e8b59ac242766612a83882366de8\transformed\common-9.9.10-runtime.jar: R8: Expected stack map table for method with non-linear control flow. In later version of R8, the method may be assumed not reachable.
WARNING: C:\Users\Admin\.gradle\caches\9.5.0\transforms\3bc3e8b59ac242766612a83882366de8\transformed\common-9.9.10-runtime.jar: R8: Expected stack map table for method with non-linear control flow. In later version of R8, the method may be assumed not reachable.
WARNING: C:\Users\Admin\.gradle\caches\9.5.0\transforms\3bc3e8b59ac242766612a83882366de8\transformed\common-9.9.10-runtime.jar: R8: Expected stack map table for method with non-linear control flow. In later version of R8, the method may be assumed not reachable.
WARNING: C:\Users\Admin\.gradle\caches\9.5.0\transforms\3bc3e8b59ac242766612a83882366de8\transformed\common-9.9.10-runtime.jar: R8: Expected stack map table for method with non-linear control flow. In later version of R8, the method may be assumed not reachable.
WARNING: C:\Users\Admin\.gradle\caches\9.5.0\transforms\3bc3e8b59ac242766612a83882366de8\transformed\common-9.9.10-runtime.jar: R8: Expected stack map table for method with non-linear control flow. In later version of R8, the method may be assumed not reachable.
WARNING: C:\Users\Admin\.gradle\caches\9.5.0\transforms\3bc3e8b59ac242766612a83882366de8\transformed\common-9.9.10-runtime.jar: R8: Expected stack map table for method with non-linear control flow. In later version of R8, the method may be assumed not reachable.
WARNING: C:\Users\Admin\.gradle\caches\9.5.0\transforms\3bc3e8b59ac242766612a83882366de8\transformed\common-9.9.10-runtime.jar: R8: Expected stack map table for method with non-linear control flow. In later version of R8, the method may be assumed not reachable.
WARNING: C:\Users\Admin\.gradle\caches\9.5.0\transforms\3bc3e8b59ac242766612a83882366de8\transformed\common-9.9.10-runtime.jar: R8: Expected stack map table for method with non-linear control flow. In later version of R8, the method may be assumed not reachable.
WARNING: C:\Users\Admin\.gradle\caches\9.5.0\transforms\3bc3e8b59ac242766612a83882366de8\transformed\common-9.9.10-runtime.jar: R8: Expected stack map table for method with non-linear control flow. In later version of R8, the method may be assumed not reachable.
WARNING: C:\Users\Admin\.gradle\caches\9.5.0\transforms\3bc3e8b59ac242766612a83882366de8\transformed\common-9.9.10-runtime.jar: R8: Expected stack map table for method with non-linear control flow. In later version of R8, the method may be assumed not reachable.
WARNING: C:\Users\Admin\.gradle\caches\9.5.0\transforms\3bc3e8b59ac242766612a83882366de8\transformed\common-9.9.10-runtime.jar: R8: Expected stack map table for method with non-linear control flow. In later version of R8, the method may be assumed not reachable.
WARNING: C:\Users\Admin\.gradle\caches\9.5.0\transforms\3bc3e8b59ac242766612a83882366de8\transformed\common-9.9.10-runtime.jar: R8: Expected stack map table for method with non-linear control flow. In later version of R8, the method may be assumed not reachable.
WARNING: C:\Users\Admin\.gradle\caches\9.5.0\transforms\3bc3e8b59ac242766612a83882366de8\transformed\common-9.9.10-runtime.jar: R8: Expected stack map table for method with non-linear control flow. In later version of R8, the method may be assumed not reachable.
WARNING: C:\Users\Admin\.gradle\caches\9.5.0\transforms\3bc3e8b59ac242766612a83882366de8\transformed\common-9.9.10-runtime.jar: R8: Expected stack map table for method with non-linear control flow. In later version of R8, the method may be assumed not reachable.
WARNING: C:\Users\Admin\.gradle\caches\9.5.0\transforms\3bc3e8b59ac242766612a83882366de8\transformed\common-9.9.10-runtime.jar: R8: Expected stack map table for method with non-linear control flow. In later version of R8, the method may be assumed not reachable.
WARNING: C:\Users\Admin\.gradle\caches\9.5.0\transforms\3bc3e8b59ac242766612a83882366de8\transformed\common-9.9.10-runtime.jar: R8: Expected stack map table for method with non-linear control flow. In later version of R8, the method may be assumed not reachable.
WARNING: C:\Users\Admin\.gradle\caches\9.5.0\transforms\3bc3e8b59ac242766612a83882366de8\transformed\common-9.9.10-runtime.jar: R8: Expected stack map table for method with non-linear control flow. In later version of R8, the method may be assumed not reachable.
WARNING: C:\Users\Admin\.gradle\caches\9.5.0\transforms\3bc3e8b59ac242766612a83882366de8\transformed\common-9.9.10-runtime.jar: R8: Expected stack map table for method with non-linear control flow. In later version of R8, the method may be assumed not reachable.
WARNING: C:\Users\Admin\.gradle\caches\9.5.0\transforms\3bc3e8b59ac242766612a83882366de8\transformed\common-9.9.10-runtime.jar: R8: Expected stack map table for method with non-linear control flow. In later version of R8, the method may be assumed not reachable.
WARNING: C:\Users\Admin\.gradle\caches\9.5.0\transforms\3bc3e8b59ac242766612a83882366de8\transformed\common-9.9.10-runtime.jar: R8: Expected stack map table for method with non-linear control flow. In later version of R8, the method may be assumed not reachable.
WARNING: C:\Users\Admin\.gradle\caches\9.5.0\transforms\3bc3e8b59ac242766612a83882366de8\transformed\common-9.9.10-runtime.jar: R8: Expected stack map table for method with non-linear control flow. In later version of R8, the method may be assumed not reachable.
WARNING: C:\Users\Admin\.gradle\caches\9.5.0\transforms\3bc3e8b59ac242766612a83882366de8\transformed\common-9.9.10-runtime.jar: R8: Expected stack map table for method with non-linear control flow. In later version of R8, the method may be assumed not reachable.
WARNING: C:\Users\Admin\.gradle\caches\9.5.0\transforms\3bc3e8b59ac242766612a83882366de8\transformed\common-9.9.10-runtime.jar: R8: Expected stack map table for method with non-linear control flow. In later version of R8, the method may be assumed not reachable.
WARNING: C:\Users\Admin\.gradle\caches\9.5.0\transforms\3bc3e8b59ac242766612a83882366de8\transformed\common-9.9.10-runtime.jar: R8: Expected stack map table for method with non-linear control flow. In later version of R8, the method may be assumed not reachable.
WARNING: C:\Users\Admin\.gradle\caches\9.5.0\transforms\3bc3e8b59ac242766612a83882366de8\transformed\common-9.9.10-runtime.jar: R8: Expected stack map table for method with non-linear control flow. In later version of R8, the method may be assumed not reachable.
WARNING: C:\Users\Admin\.gradle\caches\9.5.0\transforms\3bc3e8b59ac242766612a83882366de8\transformed\common-9.9.10-runtime.jar: R8: Expected stack map table for method with non-linear control flow. In later version of R8, the method may be assumed not reachable.
WARNING: C:\Users\Admin\.gradle\caches\9.5.0\transforms\3bc3e8b59ac242766612a83882366de8\transformed\common-9.9.10-runtime.jar: R8: Expected stack map table for method with non-linear control flow. In later version of R8, the method may be assumed not reachable.
WARNING: C:\Users\Admin\.gradle\caches\9.5.0\transforms\3bc3e8b59ac242766612a83882366de8\transformed\common-9.9.10-runtime.jar: R8: Expected stack map table for method with non-linear control flow. In later version of R8, the method may be assumed not reachable.
WARNING: C:\Users\Admin\.gradle\caches\9.5.0\transforms\3bc3e8b59ac242766612a83882366de8\transformed\common-9.9.10-runtime.jar: R8: Expected stack map table for method with non-linear control flow. In later version of R8, the method may be assumed not reachable.
WARNING: C:\Users\Admin\.gradle\caches\9.5.0\transforms\3bc3e8b59ac242766612a83882366de8\transformed\common-9.9.10-runtime.jar: R8: Expected stack map table for method with non-linear control flow. In later version of R8, the method may be assumed not reachable.
WARNING: C:\Users\Admin\.gradle\caches\9.5.0\transforms\3bc3e8b59ac242766612a83882366de8\transformed\common-9.9.10-runtime.jar: R8: Expected stack map table for method with non-linear control flow. In later version of R8, the method may be assumed not reachable.
WARNING: C:\Users\Admin\.gradle\caches\9.5.0\transforms\3bc3e8b59ac242766612a83882366de8\transformed\common-9.9.10-runtime.jar: R8: Expected stack map table for method with non-linear control flow. In later version of R8, the method may be assumed not reachable.
WARNING: C:\Users\Admin\.gradle\caches\9.5.0\transforms\3bc3e8b59ac242766612a83882366de8\transformed\common-9.9.10-runtime.jar: R8: Expected stack map table for method with non-linear control flow. In later version of R8, the method may be assumed not reachable.
WARNING: C:\Users\Admin\.gradle\caches\9.5.0\transforms\3bc3e8b59ac242766612a83882366de8\transformed\common-9.9.10-runtime.jar: R8: Expected stack map table for method with non-linear control flow. In later version of R8, the method may be assumed not reachable.
WARNING: C:\Users\Admin\.gradle\caches\9.5.0\transforms\3bc3e8b59ac242766612a83882366de8\transformed\common-9.9.10-runtime.jar: R8: Expected stack map table for method with non-linear control flow. In later version of R8, the method may be assumed not reachable.
WARNING: C:\Users\Admin\.gradle\caches\9.5.0\transforms\3bc3e8b59ac242766612a83882366de8\transformed\common-9.9.10-runtime.jar: R8: Expected stack map table for method with non-linear control flow. In later version of R8, the method may be assumed not reachable.
WARNING: C:\Users\Admin\.gradle\caches\9.5.0\transforms\3bc3e8b59ac242766612a83882366de8\transformed\common-9.9.10-runtime.jar: R8: Expected stack map table for method with non-linear control flow. In later version of R8, the method may be assumed not reachable.
WARNING: C:\Users\Admin\.gradle\caches\9.5.0\transforms\3bc3e8b59ac242766612a83882366de8\transformed\common-9.9.10-runtime.jar: R8: Expected stack map table for method with non-linear control flow. In later version of R8, the method may be assumed not reachable.
WARNING: C:\Users\Admin\.gradle\caches\9.5.0\transforms\3bc3e8b59ac242766612a83882366de8\transformed\common-9.9.10-runtime.jar: R8: Expected stack map table for method with non-linear control flow. In later version of R8, the method may be assumed not reachable.
WARNING: C:\Users\Admin\.gradle\caches\9.5.0\transforms\3bc3e8b59ac242766612a83882366de8\transformed\common-9.9.10-runtime.jar: R8: Expected stack map table for method with non-linear control flow. In later version of R8, the method may be assumed not reachable.
WARNING: C:\Users\Admin\.gradle\caches\9.5.0\transforms\3bc3e8b59ac242766612a83882366de8\transformed\common-9.9.10-runtime.jar: R8: Expected stack map table for method with non-linear control flow. In later version of R8, the method may be assumed not reachable.
WARNING: C:\Users\Admin\.gradle\caches\9.5.0\transforms\3bc3e8b59ac242766612a83882366de8\transformed\common-9.9.10-runtime.jar: R8: Expected stack map table for method with non-linear control flow. In later version of R8, the method may be assumed not reachable.
WARNING: C:\Users\Admin\.gradle\caches\9.5.0\transforms\3bc3e8b59ac242766612a83882366de8\transformed\common-9.9.10-runtime.jar: R8: Expected stack map table for method with non-linear control flow. In later version of R8, the method may be assumed not reachable.
WARNING: C:\Users\Admin\.gradle\caches\9.5.0\transforms\3bc3e8b59ac242766612a83882366de8\transformed\common-9.9.10-runtime.jar: R8: Expected stack map table for method with non-linear control flow. In later version of R8, the method may be assumed not reachable.
WARNING: C:\Users\Admin\.gradle\caches\9.5.0\transforms\3bc3e8b59ac242766612a83882366de8\transformed\common-9.9.10-runtime.jar: R8: Expected stack map table for method with non-linear control flow. In later version of R8, the method may be assumed not reachable.
WARNING: C:\Users\Admin\.gradle\caches\9.5.0\transforms\3bc3e8b59ac242766612a83882366de8\transformed\common-9.9.10-runtime.jar: R8: Expected stack map table for method with non-linear control flow. In later version of R8, the method may be assumed not reachable.
WARNING: C:\Users\Admin\.gradle\caches\9.5.0\transforms\3bc3e8b59ac242766612a83882366de8\transformed\common-9.9.10-runtime.jar: R8: Expected stack map table for method with non-linear control flow. In later version of R8, the method may be assumed not reachable.
WARNING: C:\Users\Admin\.gradle\caches\9.5.0\transforms\3bc3e8b59ac242766612a83882366de8\transformed\common-9.9.10-runtime.jar: R8: Expected stack map table for method with non-linear control flow. In later version of R8, the method may be assumed not reachable.
WARNING: C:\Users\Admin\.gradle\caches\9.5.0\transforms\3bc3e8b59ac242766612a83882366de8\transformed\common-9.9.10-runtime.jar: R8: Expected stack map table for method with non-linear control flow. In later version of R8, the method may be assumed not reachable.
WARNING: C:\Users\Admin\.gradle\caches\9.5.0\transforms\3bc3e8b59ac242766612a83882366de8\transformed\common-9.9.10-runtime.jar: R8: Expected stack map table for method with non-linear control flow. In later version of R8, the method may be assumed not reachable.
WARNING: C:\Users\Admin\.gradle\caches\9.5.0\transforms\3bc3e8b59ac242766612a83882366de8\transformed\common-9.9.10-runtime.jar: R8: Expected stack map table for method with non-linear control flow. In later version of R8, the method may be assumed not reachable.
WARNING: C:\Users\Admin\.gradle\caches\9.5.0\transforms\3bc3e8b59ac242766612a83882366de8\transformed\common-9.9.10-runtime.jar: R8: Expected stack map table for method with non-linear control flow. In later version of R8, the method may be assumed not reachable.
WARNING: C:\Users\Admin\.gradle\caches\9.5.0\transforms\3bc3e8b59ac242766612a83882366de8\transformed\common-9.9.10-runtime.jar: R8: Expected stack map table for method with non-linear control flow. In later version of R8, the method may be assumed not reachable.
WARNING: C:\Users\Admin\.gradle\caches\9.5.0\transforms\3bc3e8b59ac242766612a83882366de8\transformed\common-9.9.10-runtime.jar: R8: Expected stack map table for method with non-linear control flow. In later version of R8, the method may be assumed not reachable.
WARNING: C:\Users\Admin\.gradle\caches\9.5.0\transforms\3bc3e8b59ac242766612a83882366de8\transformed\common-9.9.10-runtime.jar: R8: Expected stack map table for method with non-linear control flow. In later version of R8, the method may be assumed not reachable.
WARNING: C:\Users\Admin\.gradle\caches\9.5.0\transforms\3bc3e8b59ac242766612a83882366de8\transformed\common-9.9.10-runtime.jar: R8: Expected stack map table for method with non-linear control flow. In later version of R8, the method may be assumed not reachable.
WARNING: C:\Users\Admin\.gradle\caches\9.5.0\transforms\3bc3e8b59ac242766612a83882366de8\transformed\common-9.9.10-runtime.jar: R8: Expected stack map table for method with non-linear control flow. In later version of R8, the method may be assumed not reachable.
WARNING: C:\Users\Admin\.gradle\caches\9.5.0\transforms\3bc3e8b59ac242766612a83882366de8\transformed\common-9.9.10-runtime.jar: R8: Expected stack map table for method with non-linear control flow. In later version of R8, the method may be assumed not reachable.
WARNING: C:\Users\Admin\.gradle\caches\9.5.0\transforms\3bc3e8b59ac242766612a83882366de8\transformed\common-9.9.10-runtime.jar: R8: Expected stack map table for method with non-linear control flow. In later version of R8, the method may be assumed not reachable.
WARNING: C:\Users\Admin\.gradle\caches\9.5.0\transforms\3bc3e8b59ac242766612a83882366de8\transformed\common-9.9.10-runtime.jar: R8: Expected stack map table for method with non-linear control flow. In later version of R8, the method may be assumed not reachable.
WARNING: C:\Users\Admin\.gradle\caches\9.5.0\transforms\3bc3e8b59ac242766612a83882366de8\transformed\common-9.9.10-runtime.jar: R8: Expected stack map table for method with non-linear control flow. In later version of R8, the method may be assumed not reachable.
WARNING: C:\Users\Admin\.gradle\caches\9.5.0\transforms\3bc3e8b59ac242766612a83882366de8\transformed\common-9.9.10-runtime.jar: R8: Expected stack map table for method with non-linear control flow. In later version of R8, the method may be assumed not reachable.
WARNING: C:\Users\Admin\.gradle\caches\9.5.0\transforms\3bc3e8b59ac242766612a83882366de8\transformed\common-9.9.10-runtime.jar: R8: Expected stack map table for method with non-linear control flow. In later version of R8, the method may be assumed not reachable.
WARNING: C:\Users\Admin\.gradle\caches\9.5.0\transforms\3bc3e8b59ac242766612a83882366de8\transformed\common-9.9.10-runtime.jar: R8: Expected stack map table for method with non-linear control flow. In later version of R8, the method may be assumed not reachable.
WARNING: C:\Users\Admin\.gradle\caches\9.5.0\transforms\3bc3e8b59ac242766612a83882366de8\transformed\common-9.9.10-runtime.jar: R8: Expected stack map table for method with non-linear control flow. In later version of R8, the method may be assumed not reachable.
WARNING: C:\Users\Admin\.gradle\caches\9.5.0\transforms\3bc3e8b59ac242766612a83882366de8\transformed\common-9.9.10-runtime.jar: R8: Expected stack map table for method with non-linear control flow. In later version of R8, the method may be assumed not reachable.
WARNING: C:\Users\Admin\.gradle\caches\9.5.0\transforms\3bc3e8b59ac242766612a83882366de8\transformed\common-9.9.10-runtime.jar: R8: Expected stack map table for method with non-linear control flow. In later version of R8, the method may be assumed not reachable.
WARNING: C:\Users\Admin\.gradle\caches\9.5.0\transforms\3bc3e8b59ac242766612a83882366de8\transformed\common-9.9.10-runtime.jar: R8: Expected stack map table for method with non-linear control flow. In later version of R8, the method may be assumed not reachable.
WARNING: C:\Users\Admin\.gradle\caches\9.5.0\transforms\3bc3e8b59ac242766612a83882366de8\transformed\common-9.9.10-runtime.jar: R8: Expected stack map table for method with non-linear control flow. In later version of R8, the method may be assumed not reachable.
WARNING: C:\Users\Admin\.gradle\caches\9.5.0\transforms\3bc3e8b59ac242766612a83882366de8\transformed\common-9.9.10-runtime.jar: R8: Expected stack map table for method with non-linear control flow. In later version of R8, the method may be assumed not reachable.
WARNING: C:\Users\Admin\.gradle\caches\9.5.0\transforms\3bc3e8b59ac242766612a83882366de8\transformed\common-9.9.10-runtime.jar: R8: Expected stack map table for method with non-linear control flow. In later version of R8, the method may be assumed not reachable.
WARNING: C:\Users\Admin\.gradle\caches\9.5.0\transforms\3bc3e8b59ac242766612a83882366de8\transformed\common-9.9.10-runtime.jar: R8: Expected stack map table for method with non-linear control flow. In later version of R8, the method may be assumed not reachable.
WARNING: C:\Users\Admin\.gradle\caches\9.5.0\transforms\3bc3e8b59ac242766612a83882366de8\transformed\common-9.9.10-runtime.jar: R8: Expected stack map table for method with non-linear control flow. In later version of R8, the method may be assumed not reachable.
WARNING: C:\Users\Admin\.gradle\caches\9.5.0\transforms\3bc3e8b59ac242766612a83882366de8\transformed\common-9.9.10-runtime.jar: R8: Expected stack map table for method with non-linear control flow. In later version of R8, the method may be assumed not reachable.
WARNING: C:\Users\Admin\.gradle\caches\9.5.0\transforms\3bc3e8b59ac242766612a83882366de8\transformed\common-9.9.10-runtime.jar: R8: Expected stack map table for method with non-linear control flow. In later version of R8, the method may be assumed not reachable.
WARNING: C:\Users\Admin\.gradle\caches\9.5.0\transforms\3bc3e8b59ac242766612a83882366de8\transformed\common-9.9.10-runtime.jar: R8: Expected stack map table for method with non-linear control flow. In later version of R8, the method may be assumed not reachable.
WARNING: C:\Users\Admin\.gradle\caches\9.5.0\transforms\3bc3e8b59ac242766612a83882366de8\transformed\common-9.9.10-runtime.jar: R8: Expected stack map table for method with non-linear control flow. In later version of R8, the method may be assumed not reachable.
WARNING: C:\Users\Admin\.gradle\caches\9.5.0\transforms\3bc3e8b59ac242766612a83882366de8\transformed\common-9.9.10-runtime.jar: R8: Expected stack map table for method with non-linear control flow. In later version of R8, the method may be assumed not reachable.
WARNING: C:\Users\Admin\.gradle\caches\9.5.0\transforms\3bc3e8b59ac242766612a83882366de8\transformed\common-9.9.10-runtime.jar: R8: Expected stack map table for method with non-linear control flow. In later version of R8, the method may be assumed not reachable.
WARNING: C:\Users\Admin\.gradle\caches\9.5.0\transforms\3bc3e8b59ac242766612a83882366de8\transformed\common-9.9.10-runtime.jar: R8: Expected stack map table for method with non-linear control flow. In later version of R8, the method may be assumed not reachable.
WARNING: C:\Users\Admin\.gradle\caches\9.5.0\transforms\3bc3e8b59ac242766612a83882366de8\transformed\common-9.9.10-runtime.jar: R8: Expected stack map table for method with non-linear control flow. In later version of R8, the method may be assumed not reachable.
WARNING: C:\Users\Admin\.gradle\caches\9.5.0\transforms\3bc3e8b59ac242766612a83882366de8\transformed\common-9.9.10-runtime.jar: R8: Expected stack map table for method with non-linear control flow. In later version of R8, the method may be assumed not reachable.
WARNING: C:\Users\Admin\.gradle\caches\9.5.0\transforms\3bc3e8b59ac242766612a83882366de8\transformed\common-9.9.10-runtime.jar: R8: Expected stack map table for method with non-linear control flow. In later version of R8, the method may be assumed not reachable.
WARNING: C:\Users\Admin\.gradle\caches\9.5.0\transforms\3bc3e8b59ac242766612a83882366de8\transformed\common-9.9.10-runtime.jar: R8: Expected stack map table for method with non-linear control flow. In later version of R8, the method may be assumed not reachable.
WARNING: C:\Users\Admin\.gradle\caches\9.5.0\transforms\3bc3e8b59ac242766612a83882366de8\transformed\common-9.9.10-runtime.jar: R8: Expected stack map table for method with non-linear control flow. In later version of R8, the method may be assumed not reachable.
WARNING: C:\Users\Admin\.gradle\caches\9.5.0\transforms\3bc3e8b59ac242766612a83882366de8\transformed\common-9.9.10-runtime.jar: R8: Expected stack map table for method with non-linear control flow. In later version of R8, the method may be assumed not reachable.
WARNING: C:\Users\Admin\.gradle\caches\9.5.0\transforms\3bc3e8b59ac242766612a83882366de8\transformed\common-9.9.10-runtime.jar: R8: Expected stack map table for method with non-linear control flow. In later version of R8, the method may be assumed not reachable.
WARNING: C:\Users\Admin\.gradle\caches\9.5.0\transforms\3bc3e8b59ac242766612a83882366de8\transformed\common-9.9.10-runtime.jar: R8: Expected stack map table for method with non-linear control flow. In later version of R8, the method may be assumed not reachable.
WARNING: C:\Users\Admin\.gradle\caches\9.5.0\transforms\3bc3e8b59ac242766612a83882366de8\transformed\common-9.9.10-runtime.jar: R8: Expected stack map table for method with non-linear control flow. In later version of R8, the method may be assumed not reachable.
WARNING: C:\Users\Admin\.gradle\caches\9.5.0\transforms\3bc3e8b59ac242766612a83882366de8\transformed\common-9.9.10-runtime.jar: R8: Expected stack map table for method with non-linear control flow. In later version of R8, the method may be assumed not reachable.
WARNING: C:\Users\Admin\.gradle\caches\9.5.0\transforms\3bc3e8b59ac242766612a83882366de8\transformed\common-9.9.10-runtime.jar: R8: Expected stack map table for method with non-linear control flow. In later version of R8, the method may be assumed not reachable.
WARNING: C:\Users\Admin\.gradle\caches\9.5.0\transforms\3bc3e8b59ac242766612a83882366de8\transformed\common-9.9.10-runtime.jar: R8: Expected stack map table for method with non-linear control flow. In later version of R8, the method may be assumed not reachable.
WARNING: C:\Users\Admin\.gradle\caches\9.5.0\transforms\3bc3e8b59ac242766612a83882366de8\transformed\common-9.9.10-runtime.jar: R8: Expected stack map table for method with non-linear control flow. In later version of R8, the method may be assumed not reachable.
WARNING: C:\Users\Admin\.gradle\caches\9.5.0\transforms\3bc3e8b59ac242766612a83882366de8\transformed\common-9.9.10-runtime.jar: R8: Expected stack map table for method with non-linear control flow. In later version of R8, the method may be assumed not reachable.
WARNING: C:\Users\Admin\.gradle\caches\9.5.0\transforms\3bc3e8b59ac242766612a83882366de8\transformed\common-9.9.10-runtime.jar: R8: Expected stack map table for method with non-linear control flow. In later version of R8, the method may be assumed not reachable.
WARNING: C:\Users\Admin\.gradle\caches\9.5.0\transforms\3bc3e8b59ac242766612a83882366de8\transformed\common-9.9.10-runtime.jar: R8: Expected stack map table for method with non-linear control flow. In later version of R8, the method may be assumed not reachable.
WARNING: C:\Users\Admin\.gradle\caches\9.5.0\transforms\3bc3e8b59ac242766612a83882366de8\transformed\common-9.9.10-runtime.jar: R8: Expected stack map table for method with non-linear control flow. In later version of R8, the method may be assumed not reachable.
WARNING: C:\Users\Admin\.gradle\caches\9.5.0\transforms\3bc3e8b59ac242766612a83882366de8\transformed\common-9.9.10-runtime.jar: R8: Expected stack map table for method with non-linear control flow. In later version of R8, the method may be assumed not reachable.
WARNING: C:\Users\Admin\.gradle\caches\9.5.0\transforms\3bc3e8b59ac242766612a83882366de8\transformed\common-9.9.10-runtime.jar: R8: Expected stack map table for method with non-linear control flow. In later version of R8, the method may be assumed not reachable.
WARNING: C:\Users\Admin\.gradle\caches\9.5.0\transforms\3bc3e8b59ac242766612a83882366de8\transformed\common-9.9.10-runtime.jar: R8: Expected stack map table for method with non-linear control flow. In later version of R8, the method may be assumed not reachable.
WARNING: C:\Users\Admin\.gradle\caches\9.5.0\transforms\3bc3e8b59ac242766612a83882366de8\transformed\common-9.9.10-runtime.jar: R8: Expected stack map table for method with non-linear control flow. In later version of R8, the method may be assumed not reachable.
WARNING: C:\Users\Admin\.gradle\caches\9.5.0\transforms\3bc3e8b59ac242766612a83882366de8\transformed\common-9.9.10-runtime.jar: R8: Expected stack map table for method with non-linear control flow. In later version of R8, the method may be assumed not reachable.
WARNING: C:\Users\Admin\.gradle\caches\9.5.0\transforms\3bc3e8b59ac242766612a83882366de8\transformed\common-9.9.10-runtime.jar: R8: Expected stack map table for method with non-linear control flow. In later version of R8, the method may be assumed not reachable.
WARNING: C:\Users\Admin\.gradle\caches\9.5.0\transforms\3bc3e8b59ac242766612a83882366de8\transformed\common-9.9.10-runtime.jar: R8: Expected stack map table for method with non-linear control flow. In later version of R8, the method may be assumed not reachable.
WARNING: C:\Users\Admin\.gradle\caches\9.5.0\transforms\3bc3e8b59ac242766612a83882366de8\transformed\common-9.9.10-runtime.jar: R8: Expected stack map table for method with non-linear control flow. In later version of R8, the method may be assumed not reachable.
WARNING: C:\Users\Admin\.gradle\caches\9.5.0\transforms\3bc3e8b59ac242766612a83882366de8\transformed\common-9.9.10-runtime.jar: R8: Expected stack map table for method with non-linear control flow. In later version of R8, the method may be assumed not reachable.
WARNING: C:\Users\Admin\.gradle\caches\9.5.0\transforms\3bc3e8b59ac242766612a83882366de8\transformed\common-9.9.10-runtime.jar: R8: Expected stack map table for method with non-linear control flow. In later version of R8, the method may be assumed not reachable.
WARNING: C:\Users\Admin\.gradle\caches\9.5.0\transforms\3bc3e8b59ac242766612a83882366de8\transformed\common-9.9.10-runtime.jar: R8: Expected stack map table for method with non-linear control flow. In later version of R8, the method may be assumed not reachable.
WARNING: C:\Users\Admin\.gradle\caches\9.5.0\transforms\3bc3e8b59ac242766612a83882366de8\transformed\common-9.9.10-runtime.jar: R8: Expected stack map table for method with non-linear control flow. In later version of R8, the method may be assumed not reachable.
WARNING: C:\Users\Admin\.gradle\caches\9.5.0\transforms\3bc3e8b59ac242766612a83882366de8\transformed\common-9.9.10-runtime.jar: R8: Expected stack map table for method with non-linear control flow. In later version of R8, the method may be assumed not reachable.
WARNING: C:\Users\Admin\.gradle\caches\9.5.0\transforms\3bc3e8b59ac242766612a83882366de8\transformed\common-9.9.10-runtime.jar: R8: Expected stack map table for method with non-linear control flow. In later version of R8, the method may be assumed not reachable.
WARNING: C:\Users\Admin\.gradle\caches\9.5.0\transforms\3bc3e8b59ac242766612a83882366de8\transformed\common-9.9.10-runtime.jar: R8: Expected stack map table for method with non-linear control flow. In later version of R8, the method may be assumed not reachable.
WARNING: C:\Users\Admin\.gradle\caches\9.5.0\transforms\3bc3e8b59ac242766612a83882366de8\transformed\common-9.9.10-runtime.jar: R8: Expected stack map table for method with non-linear control flow. In later version of R8, the method may be assumed not reachable.
WARNING: C:\Users\Admin\.gradle\caches\9.5.0\transforms\3bc3e8b59ac242766612a83882366de8\transformed\common-9.9.10-runtime.jar: R8: Expected stack map table for method with non-linear control flow. In later version of R8, the method may be assumed not reachable.
WARNING: C:\Users\Admin\.gradle\caches\9.5.0\transforms\3bc3e8b59ac242766612a83882366de8\transformed\common-9.9.10-runtime.jar: R8: Expected stack map table for method with non-linear control flow. In later version of R8, the method may be assumed not reachable.
WARNING: C:\Users\Admin\.gradle\caches\9.5.0\transforms\3bc3e8b59ac242766612a83882366de8\transformed\common-9.9.10-runtime.jar: R8: Expected stack map table for method with non-linear control flow. In later version of R8, the method may be assumed not reachable.
WARNING: C:\Users\Admin\.gradle\caches\9.5.0\transforms\3bc3e8b59ac242766612a83882366de8\transformed\common-9.9.10-runtime.jar: R8: Expected stack map table for method with non-linear control flow. In later version of R8, the method may be assumed not reachable.
WARNING: C:\Users\Admin\.gradle\caches\9.5.0\transforms\3bc3e8b59ac242766612a83882366de8\transformed\common-9.9.10-runtime.jar: R8: Expected stack map table for method with non-linear control flow. In later version of R8, the method may be assumed not reachable.
WARNING: C:\Users\Admin\.gradle\caches\9.5.0\transforms\3bc3e8b59ac242766612a83882366de8\transformed\common-9.9.10-runtime.jar: R8: Expected stack map table for method with non-linear control flow. In later version of R8, the method may be assumed not reachable.
WARNING: C:\Users\Admin\.gradle\caches\9.5.0\transforms\3bc3e8b59ac242766612a83882366de8\transformed\common-9.9.10-runtime.jar: R8: Expected stack map table for method with non-linear control flow. In later version of R8, the method may be assumed not reachable.
WARNING: C:\Users\Admin\.gradle\caches\9.5.0\transforms\3bc3e8b59ac242766612a83882366de8\transformed\common-9.9.10-runtime.jar: R8: Expected stack map table for method with non-linear control flow. In later version of R8, the method may be assumed not reachable.
WARNING: C:\Users\Admin\.gradle\caches\9.5.0\transforms\3bc3e8b59ac242766612a83882366de8\transformed\common-9.9.10-runtime.jar: R8: Expected stack map table for method with non-linear control flow. In later version of R8, the method may be assumed not reachable.
WARNING: C:\Users\Admin\.gradle\caches\9.5.0\transforms\3bc3e8b59ac242766612a83882366de8\transformed\common-9.9.10-runtime.jar: R8: Expected stack map table for method with non-linear control flow. In later version of R8, the method may be assumed not reachable.
WARNING: C:\Users\Admin\.gradle\caches\9.5.0\transforms\3bc3e8b59ac242766612a83882366de8\transformed\common-9.9.10-runtime.jar: R8: Expected stack map table for method with non-linear control flow. In later version of R8, the method may be assumed not reachable.
WARNING: C:\Users\Admin\.gradle\caches\9.5.0\transforms\3bc3e8b59ac242766612a83882366de8\transformed\common-9.9.10-runtime.jar: R8: Expected stack map table for method with non-linear control flow. In later version of R8, the method may be assumed not reachable.
WARNING: C:\Users\Admin\.gradle\caches\9.5.0\transforms\3bc3e8b59ac242766612a83882366de8\transformed\common-9.9.10-runtime.jar: R8: Expected stack map table for method with non-linear control flow. In later version of R8, the method may be assumed not reachable.
WARNING: C:\Users\Admin\.gradle\caches\9.5.0\transforms\3bc3e8b59ac242766612a83882366de8\transformed\common-9.9.10-runtime.jar: R8: Expected stack map table for method with non-linear control flow. In later version of R8, the method may be assumed not reachable.
WARNING: C:\Users\Admin\.gradle\caches\9.5.0\transforms\3bc3e8b59ac242766612a83882366de8\transformed\common-9.9.10-runtime.jar: R8: Expected stack map table for method with non-linear control flow. In later version of R8, the method may be assumed not reachable.
WARNING: C:\Users\Admin\.gradle\caches\9.5.0\transforms\3bc3e8b59ac242766612a83882366de8\transformed\common-9.9.10-runtime.jar: R8: Expected stack map table for method with non-linear control flow. In later version of R8, the method may be assumed not reachable.
WARNING: C:\Users\Admin\.gradle\caches\9.5.0\transforms\3bc3e8b59ac242766612a83882366de8\transformed\common-9.9.10-runtime.jar: R8: Expected stack map table for method with non-linear control flow. In later version of R8, the method may be assumed not reachable.
WARNING: C:\Users\Admin\.gradle\caches\9.5.0\transforms\3bc3e8b59ac242766612a83882366de8\transformed\common-9.9.10-runtime.jar: R8: Expected stack map table for method with non-linear control flow. In later version of R8, the method may be assumed not reachable.
WARNING: C:\Users\Admin\.gradle\caches\9.5.0\transforms\3bc3e8b59ac242766612a83882366de8\transformed\common-9.9.10-runtime.jar: R8: Expected stack map table for method with non-linear control flow. In later version of R8, the method may be assumed not reachable.
WARNING: C:\Users\Admin\.gradle\caches\9.5.0\transforms\3bc3e8b59ac242766612a83882366de8\transformed\common-9.9.10-runtime.jar: R8: Expected stack map table for method with non-linear control flow. In later version of R8, the method may be assumed not reachable.
WARNING: C:\Users\Admin\.gradle\caches\9.5.0\transforms\3bc3e8b59ac242766612a83882366de8\transformed\common-9.9.10-runtime.jar: R8: Expected stack map table for method with non-linear control flow. In later version of R8, the method may be assumed not reachable.
WARNING: C:\Users\Admin\.gradle\caches\9.5.0\transforms\3bc3e8b59ac242766612a83882366de8\transformed\common-9.9.10-runtime.jar: R8: Expected stack map table for method with non-linear control flow. In later version of R8, the method may be assumed not reachable.
WARNING: C:\Users\Admin\.gradle\caches\9.5.0\transforms\3bc3e8b59ac242766612a83882366de8\transformed\common-9.9.10-runtime.jar: R8: Expected stack map table for method with non-linear control flow. In later version of R8, the method may be assumed not reachable.
WARNING: C:\Users\Admin\.gradle\caches\9.5.0\transforms\3bc3e8b59ac242766612a83882366de8\transformed\common-9.9.10-runtime.jar: R8: Expected stack map table for method with non-linear control flow. In later version of R8, the method may be assumed not reachable.
WARNING: C:\Users\Admin\.gradle\caches\9.5.0\transforms\3bc3e8b59ac242766612a83882366de8\transformed\common-9.9.10-runtime.jar: R8: Expected stack map table for method with non-linear control flow. In later version of R8, the method may be assumed not reachable.
WARNING: C:\Users\Admin\.gradle\caches\9.5.0\transforms\3bc3e8b59ac242766612a83882366de8\transformed\common-9.9.10-runtime.jar: R8: Expected stack map table for method with non-linear control flow. In later version of R8, the method may be assumed not reachable.
WARNING: C:\Users\Admin\.gradle\caches\9.5.0\transforms\3bc3e8b59ac242766612a83882366de8\transformed\common-9.9.10-runtime.jar: R8: Expected stack map table for method with non-linear control flow. In later version of R8, the method may be assumed not reachable.
WARNING: C:\Users\Admin\.gradle\caches\9.5.0\transforms\3bc3e8b59ac242766612a83882366de8\transformed\common-9.9.10-runtime.jar: R8: Expected stack map table for method with non-linear control flow. In later version of R8, the method may be assumed not reachable.
WARNING: C:\Users\Admin\.gradle\caches\9.5.0\transforms\3bc3e8b59ac242766612a83882366de8\transformed\common-9.9.10-runtime.jar: R8: Expected stack map table for method with non-linear control flow. In later version of R8, the method may be assumed not reachable.
WARNING: C:\Users\Admin\.gradle\caches\9.5.0\transforms\3bc3e8b59ac242766612a83882366de8\transformed\common-9.9.10-runtime.jar: R8: Expected stack map table for method with non-linear control flow. In later version of R8, the method may be assumed not reachable.
WARNING: C:\Users\Admin\.gradle\caches\9.5.0\transforms\3bc3e8b59ac242766612a83882366de8\transformed\common-9.9.10-runtime.jar: R8: Expected stack map table for method with non-linear control flow. In later version of R8, the method may be assumed not reachable.
WARNING: C:\Users\Admin\.gradle\caches\9.5.0\transforms\3bc3e8b59ac242766612a83882366de8\transformed\common-9.9.10-runtime.jar: R8: Expected stack map table for method with non-linear control flow. In later version of R8, the method may be assumed not reachable.
WARNING: C:\Users\Admin\.gradle\caches\9.5.0\transforms\3bc3e8b59ac242766612a83882366de8\transformed\common-9.9.10-runtime.jar: R8: Expected stack map table for method with non-linear control flow. In later version of R8, the method may be assumed not reachable.
WARNING: C:\Users\Admin\.gradle\caches\9.5.0\transforms\3bc3e8b59ac242766612a83882366de8\transformed\common-9.9.10-runtime.jar: R8: Expected stack map table for method with non-linear control flow. In later version of R8, the method may be assumed not reachable.
WARNING: C:\Users\Admin\.gradle\caches\9.5.0\transforms\3bc3e8b59ac242766612a83882366de8\transformed\common-9.9.10-runtime.jar: R8: Expected stack map table for method with non-linear control flow. In later version of R8, the method may be assumed not reachable.
WARNING: C:\Users\Admin\.gradle\caches\9.5.0\transforms\3bc3e8b59ac242766612a83882366de8\transformed\common-9.9.10-runtime.jar: R8: Expected stack map table for method with non-linear control flow. In later version of R8, the method may be assumed not reachable.
WARNING: C:\Users\Admin\.gradle\caches\9.5.0\transforms\3bc3e8b59ac242766612a83882366de8\transformed\common-9.9.10-runtime.jar: R8: Expected stack map table for method with non-linear control flow. In later version of R8, the method may be assumed not reachable.
WARNING: C:\Users\Admin\.gradle\caches\9.5.0\transforms\3bc3e8b59ac242766612a83882366de8\transformed\common-9.9.10-runtime.jar: R8: Expected stack map table for method with non-linear control flow. In later version of R8, the method may be assumed not reachable.
WARNING: C:\Users\Admin\.gradle\caches\9.5.0\transforms\3bc3e8b59ac242766612a83882366de8\transformed\common-9.9.10-runtime.jar: R8: Expected stack map table for method with non-linear control flow. In later version of R8, the method may be assumed not reachable.
WARNING: C:\Users\Admin\.gradle\caches\9.5.0\transforms\3bc3e8b59ac242766612a83882366de8\transformed\common-9.9.10-runtime.jar: R8: Expected stack map table for method with non-linear control flow. In later version of R8, the method may be assumed not reachable.
WARNING: C:\Users\Admin\.gradle\caches\9.5.0\transforms\3bc3e8b59ac242766612a83882366de8\transformed\common-9.9.10-runtime.jar: R8: Expected stack map table for method with non-linear control flow. In later version of R8, the method may be assumed not reachable.
WARNING: C:\Users\Admin\.gradle\caches\9.5.0\transforms\3bc3e8b59ac242766612a83882366de8\transformed\common-9.9.10-runtime.jar: R8: Expected stack map table for method with non-linear control flow. In later version of R8, the method may be assumed not reachable.
WARNING: C:\Users\Admin\.gradle\caches\9.5.0\transforms\3bc3e8b59ac242766612a83882366de8\transformed\common-9.9.10-runtime.jar: R8: Expected stack map table for method with non-linear control flow. In later version of R8, the method may be assumed not reachable.
WARNING: C:\Users\Admin\.gradle\caches\9.5.0\transforms\3bc3e8b59ac242766612a83882366de8\transformed\common-9.9.10-runtime.jar: R8: Expected stack map table for method with non-linear control flow. In later version of R8, the method may be assumed not reachable.
WARNING: C:\Users\Admin\.gradle\caches\9.5.0\transforms\3bc3e8b59ac242766612a83882366de8\transformed\common-9.9.10-runtime.jar: R8: Expected stack map table for method with non-linear control flow. In later version of R8, the method may be assumed not reachable.
WARNING: C:\Users\Admin\.gradle\caches\9.5.0\transforms\3bc3e8b59ac242766612a83882366de8\transformed\common-9.9.10-runtime.jar: R8: Expected stack map table for method with non-linear control flow. In later version of R8, the method may be assumed not reachable.
WARNING: C:\Users\Admin\.gradle\caches\9.5.0\transforms\3bc3e8b59ac242766612a83882366de8\transformed\common-9.9.10-runtime.jar: R8: Expected stack map table for method with non-linear control flow. In later version of R8, the method may be assumed not reachable.
WARNING: C:\Users\Admin\.gradle\caches\9.5.0\transforms\3bc3e8b59ac242766612a83882366de8\transformed\common-9.9.10-runtime.jar: R8: Expected stack map table for method with non-linear control flow. In later version of R8, the method may be assumed not reachable.
WARNING: C:\Users\Admin\.gradle\caches\9.5.0\transforms\3bc3e8b59ac242766612a83882366de8\transformed\common-9.9.10-runtime.jar: R8: Expected stack map table for method with non-linear control flow. In later version of R8, the method may be assumed not reachable.
WARNING: C:\Users\Admin\.gradle\caches\9.5.0\transforms\3bc3e8b59ac242766612a83882366de8\transformed\common-9.9.10-runtime.jar: R8: Expected stack map table for method with non-linear control flow. In later version of R8, the method may be assumed not reachable.
WARNING: C:\Users\Admin\.gradle\caches\9.5.0\transforms\3bc3e8b59ac242766612a83882366de8\transformed\common-9.9.10-runtime.jar: R8: Expected stack map table for method with non-linear control flow. In later version of R8, the method may be assumed not reachable.
WARNING: C:\Users\Admin\.gradle\caches\9.5.0\transforms\3bc3e8b59ac242766612a83882366de8\transformed\common-9.9.10-runtime.jar: R8: Expected stack map table for method with non-linear control flow. In later version of R8, the method may be assumed not reachable.
WARNING: C:\Users\Admin\.gradle\caches\9.5.0\transforms\3bc3e8b59ac242766612a83882366de8\transformed\common-9.9.10-runtime.jar: R8: Expected stack map table for method with non-linear control flow. In later version of R8, the method may be assumed not reachable.
WARNING: C:\Users\Admin\.gradle\caches\9.5.0\transforms\3bc3e8b59ac242766612a83882366de8\transformed\common-9.9.10-runtime.jar: R8: Expected stack map table for method with non-linear control flow. In later version of R8, the method may be assumed not reachable.
WARNING: C:\Users\Admin\.gradle\caches\9.5.0\transforms\3bc3e8b59ac242766612a83882366de8\transformed\common-9.9.10-runtime.jar: R8: Expected stack map table for method with non-linear control flow. In later version of R8, the method may be assumed not reachable.
WARNING: C:\Users\Admin\.gradle\caches\9.5.0\transforms\3bc3e8b59ac242766612a83882366de8\transformed\common-9.9.10-runtime.jar: R8: Expected stack map table for method with non-linear control flow. In later version of R8, the method may be assumed not reachable.
WARNING: C:\Users\Admin\.gradle\caches\9.5.0\transforms\3bc3e8b59ac242766612a83882366de8\transformed\common-9.9.10-runtime.jar: R8: Expected stack map table for method with non-linear control flow. In later version of R8, the method may be assumed not reachable.
WARNING: C:\Users\Admin\.gradle\caches\9.5.0\transforms\3bc3e8b59ac242766612a83882366de8\transformed\common-9.9.10-runtime.jar: R8: Expected stack map table for method with non-linear control flow. In later version of R8, the method may be assumed not reachable.
WARNING: C:\Users\Admin\.gradle\caches\9.5.0\transforms\3bc3e8b59ac242766612a83882366de8\transformed\common-9.9.10-runtime.jar: R8: Expected stack map table for method with non-linear control flow. In later version of R8, the method may be assumed not reachable.
WARNING: C:\Users\Admin\.gradle\caches\9.5.0\transforms\3bc3e8b59ac242766612a83882366de8\transformed\common-9.9.10-runtime.jar: R8: Expected stack map table for method with non-linear control flow. In later version of R8, the method may be assumed not reachable.
WARNING: C:\Users\Admin\.gradle\caches\9.5.0\transforms\3bc3e8b59ac242766612a83882366de8\transformed\common-9.9.10-runtime.jar: R8: Expected stack map table for method with non-linear control flow. In later version of R8, the method may be assumed not reachable.
WARNING: C:\Users\Admin\.gradle\caches\9.5.0\transforms\3bc3e8b59ac242766612a83882366de8\transformed\common-9.9.10-runtime.jar: R8: Expected stack map table for method with non-linear control flow. In later version of R8, the method may be assumed not reachable.
WARNING: C:\Users\Admin\.gradle\caches\9.5.0\transforms\3bc3e8b59ac242766612a83882366de8\transformed\common-9.9.10-runtime.jar: R8: Expected stack map table for method with non-linear control flow. In later version of R8, the method may be assumed not reachable.
WARNING: C:\Users\Admin\.gradle\caches\9.5.0\transforms\3bc3e8b59ac242766612a83882366de8\transformed\common-9.9.10-runtime.jar: R8: Expected stack map table for method with non-linear control flow. In later version of R8, the method may be assumed not reachable.
WARNING: C:\Users\Admin\.gradle\caches\9.5.0\transforms\3bc3e8b59ac242766612a83882366de8\transformed\common-9.9.10-runtime.jar: R8: Expected stack map table for method with non-linear control flow. In later version of R8, the method may be assumed not reachable.
WARNING: C:\Users\Admin\.gradle\caches\9.5.0\transforms\3bc3e8b59ac242766612a83882366de8\transformed\common-9.9.10-runtime.jar: R8: Expected stack map table for method with non-linear control flow. In later version of R8, the method may be assumed not reachable.
WARNING: C:\Users\Admin\.gradle\caches\9.5.0\transforms\3bc3e8b59ac242766612a83882366de8\transformed\common-9.9.10-runtime.jar: R8: Expected stack map table for method with non-linear control flow. In later version of R8, the method may be assumed not reachable.
WARNING: C:\Users\Admin\.gradle\caches\9.5.0\transforms\3bc3e8b59ac242766612a83882366de8\transformed\common-9.9.10-runtime.jar: R8: Expected stack map table for method with non-linear control flow. In later version of R8, the method may be assumed not reachable.
WARNING: C:\Users\Admin\.gradle\caches\9.5.0\transforms\3bc3e8b59ac242766612a83882366de8\transformed\common-9.9.10-runtime.jar: R8: Expected stack map table for method with non-linear control flow. In later version of R8, the method may be assumed not reachable.
WARNING: C:\Users\Admin\.gradle\caches\9.5.0\transforms\3bc3e8b59ac242766612a83882366de8\transformed\common-9.9.10-runtime.jar: R8: Expected stack map table for method with non-linear control flow. In later version of R8, the method may be assumed not reachable.
WARNING: C:\Users\Admin\.gradle\caches\9.5.0\transforms\3bc3e8b59ac242766612a83882366de8\transformed\common-9.9.10-runtime.jar: R8: Expected stack map table for method with non-linear control flow. In later version of R8, the method may be assumed not reachable.
WARNING: C:\Users\Admin\.gradle\caches\9.5.0\transforms\3bc3e8b59ac242766612a83882366de8\transformed\common-9.9.10-runtime.jar: R8: Expected stack map table for method with non-linear control flow. In later version of R8, the method may be assumed not reachable.
WARNING: C:\Users\Admin\.gradle\caches\9.5.0\transforms\3bc3e8b59ac242766612a83882366de8\transformed\common-9.9.10-runtime.jar: R8: Expected stack map table for method with non-linear control flow. In later version of R8, the method may be assumed not reachable.
WARNING: C:\Users\Admin\.gradle\caches\9.5.0\transforms\3bc3e8b59ac242766612a83882366de8\transformed\common-9.9.10-runtime.jar: R8: Expected stack map table for method with non-linear control flow. In later version of R8, the method may be assumed not reachable.
WARNING: C:\Users\Admin\.gradle\caches\9.5.0\transforms\3bc3e8b59ac242766612a83882366de8\transformed\common-9.9.10-runtime.jar: R8: Expected stack map table for method with non-linear control flow. In later version of R8, the method may be assumed not reachable.
WARNING: C:\Users\Admin\.gradle\caches\9.5.0\transforms\3bc3e8b59ac242766612a83882366de8\transformed\common-9.9.10-runtime.jar: R8: Expected stack map table for method with non-linear control flow. In later version of R8, the method may be assumed not reachable.
WARNING: C:\Users\Admin\.gradle\caches\9.5.0\transforms\3bc3e8b59ac242766612a83882366de8\transformed\common-9.9.10-runtime.jar: R8: Expected stack map table for method with non-linear control flow. In later version of R8, the method may be assumed not reachable.
WARNING: C:\Users\Admin\.gradle\caches\9.5.0\transforms\3bc3e8b59ac242766612a83882366de8\transformed\common-9.9.10-runtime.jar: R8: Expected stack map table for method with non-linear control flow. In later version of R8, the method may be assumed not reachable.
WARNING: C:\Users\Admin\.gradle\caches\9.5.0\transforms\3bc3e8b59ac242766612a83882366de8\transformed\common-9.9.10-runtime.jar: R8: Expected stack map table for method with non-linear control flow. In later version of R8, the method may be assumed not reachable.
WARNING: C:\Users\Admin\.gradle\caches\9.5.0\transforms\3bc3e8b59ac242766612a83882366de8\transformed\common-9.9.10-runtime.jar: R8: Expected stack map table for method with non-linear control flow. In later version of R8, the method may be assumed not reachable.
WARNING: C:\Users\Admin\.gradle\caches\9.5.0\transforms\3bc3e8b59ac242766612a83882366de8\transformed\common-9.9.10-runtime.jar: R8: Expected stack map table for method with non-linear control flow. In later version of R8, the method may be assumed not reachable.
WARNING: C:\Users\Admin\.gradle\caches\9.5.0\transforms\3bc3e8b59ac242766612a83882366de8\transformed\common-9.9.10-runtime.jar: R8: Expected stack map table for method with non-linear control flow. In later version of R8, the method may be assumed not reachable.
WARNING: C:\Users\Admin\.gradle\caches\9.5.0\transforms\3bc3e8b59ac242766612a83882366de8\transformed\common-9.9.10-runtime.jar: R8: Expected stack map table for method with non-linear control flow. In later version of R8, the method may be assumed not reachable.
WARNING: C:\Users\Admin\.gradle\caches\9.5.0\transforms\3bc3e8b59ac242766612a83882366de8\transformed\common-9.9.10-runtime.jar: R8: Expected stack map table for method with non-linear control flow. In later version of R8, the method may be assumed not reachable.
WARNING: C:\Users\Admin\.gradle\caches\9.5.0\transforms\3bc3e8b59ac242766612a83882366de8\transformed\common-9.9.10-runtime.jar: R8: Expected stack map table for method with non-linear control flow. In later version of R8, the method may be assumed not reachable.
WARNING: C:\Users\Admin\.gradle\caches\9.5.0\transforms\3bc3e8b59ac242766612a83882366de8\transformed\common-9.9.10-runtime.jar: R8: Expected stack map table for method with non-linear control flow. In later version of R8, the method may be assumed not reachable.
WARNING: C:\Users\Admin\.gradle\caches\9.5.0\transforms\3bc3e8b59ac242766612a83882366de8\transformed\common-9.9.10-runtime.jar: R8: Expected stack map table for method with non-linear control flow. In later version of R8, the method may be assumed not reachable.
WARNING: C:\Users\Admin\.gradle\caches\9.5.0\transforms\3bc3e8b59ac242766612a83882366de8\transformed\common-9.9.10-runtime.jar: R8: Expected stack map table for method with non-linear control flow. In later version of R8, the method may be assumed not reachable.
WARNING: C:\Users\Admin\.gradle\caches\9.5.0\transforms\3bc3e8b59ac242766612a83882366de8\transformed\common-9.9.10-runtime.jar: R8: Expected stack map table for method with non-linear control flow. In later version of R8, the method may be assumed not reachable.
WARNING: C:\Users\Admin\.gradle\caches\9.5.0\transforms\3bc3e8b59ac242766612a83882366de8\transformed\common-9.9.10-runtime.jar: R8: Expected stack map table for method with non-linear control flow. In later version of R8, the method may be assumed not reachable.
WARNING: C:\Users\Admin\.gradle\caches\9.5.0\transforms\3bc3e8b59ac242766612a83882366de8\transformed\common-9.9.10-runtime.jar: R8: Expected stack map table for method with non-linear control flow. In later version of R8, the method may be assumed not reachable.
WARNING: C:\Users\Admin\.gradle\caches\9.5.0\transforms\3bc3e8b59ac242766612a83882366de8\transformed\common-9.9.10-runtime.jar: R8: Expected stack map table for method with non-linear control flow. In later version of R8, the method may be assumed not reachable.
WARNING: C:\Users\Admin\.gradle\caches\9.5.0\transforms\3bc3e8b59ac242766612a83882366de8\transformed\common-9.9.10-runtime.jar: R8: Expected stack map table for method with non-linear control flow. In later version of R8, the method may be assumed not reachable.
WARNING: C:\Users\Admin\.gradle\caches\9.5.0\transforms\3bc3e8b59ac242766612a83882366de8\transformed\common-9.9.10-runtime.jar: R8: Expected stack map table for method with non-linear control flow. In later version of R8, the method may be assumed not reachable.
WARNING: C:\Users\Admin\.gradle\caches\9.5.0\transforms\3bc3e8b59ac242766612a83882366de8\transformed\common-9.9.10-runtime.jar: R8: Expected stack map table for method with non-linear control flow. In later version of R8, the method may be assumed not reachable.
WARNING: C:\Users\Admin\.gradle\caches\9.5.0\transforms\3bc3e8b59ac242766612a83882366de8\transformed\common-9.9.10-runtime.jar: R8: Expected stack map table for method with non-linear control flow. In later version of R8, the method may be assumed not reachable.
WARNING: C:\Users\Admin\.gradle\caches\9.5.0\transforms\3bc3e8b59ac242766612a83882366de8\transformed\common-9.9.10-runtime.jar: R8: Expected stack map table for method with non-linear control flow. In later version of R8, the method may be assumed not reachable.
WARNING: C:\Users\Admin\.gradle\caches\9.5.0\transforms\3bc3e8b59ac242766612a83882366de8\transformed\common-9.9.10-runtime.jar: R8: Expected stack map table for method with non-linear control flow. In later version of R8, the method may be assumed not reachable.
WARNING: C:\Users\Admin\.gradle\caches\9.5.0\transforms\3bc3e8b59ac242766612a83882366de8\transformed\common-9.9.10-runtime.jar: R8: Expected stack map table for method with non-linear control flow. In later version of R8, the method may be assumed not reachable.
WARNING: C:\Users\Admin\.gradle\caches\9.5.0\transforms\3bc3e8b59ac242766612a83882366de8\transformed\common-9.9.10-runtime.jar: R8: Expected stack map table for method with non-linear control flow. In later version of R8, the method may be assumed not reachable.
WARNING: C:\Users\Admin\.gradle\caches\9.5.0\transforms\3bc3e8b59ac242766612a83882366de8\transformed\common-9.9.10-runtime.jar: R8: Expected stack map table for method with non-linear control flow. In later version of R8, the method may be assumed not reachable.
WARNING: C:\Users\Admin\.gradle\caches\9.5.0\transforms\3bc3e8b59ac242766612a83882366de8\transformed\common-9.9.10-runtime.jar: R8: Expected stack map table for method with non-linear control flow. In later version of R8, the method may be assumed not reachable.
WARNING: C:\Users\Admin\.gradle\caches\9.5.0\transforms\3bc3e8b59ac242766612a83882366de8\transformed\common-9.9.10-runtime.jar: R8: Expected stack map table for method with non-linear control flow. In later version of R8, the method may be assumed not reachable.
WARNING: C:\Users\Admin\.gradle\caches\9.5.0\transforms\3bc3e8b59ac242766612a83882366de8\transformed\common-9.9.10-runtime.jar: R8: Expected stack map table for method with non-linear control flow. In later version of R8, the method may be assumed not reachable.
WARNING: C:\Users\Admin\.gradle\caches\9.5.0\transforms\3bc3e8b59ac242766612a83882366de8\transformed\common-9.9.10-runtime.jar: R8: Expected stack map table for method with non-linear control flow. In later version of R8, the method may be assumed not reachable.
WARNING: C:\Users\Admin\.gradle\caches\9.5.0\transforms\3bc3e8b59ac242766612a83882366de8\transformed\common-9.9.10-runtime.jar: R8: Expected stack map table for method with non-linear control flow. In later version of R8, the method may be assumed not reachable.
WARNING: C:\Users\Admin\.gradle\caches\9.5.0\transforms\3bc3e8b59ac242766612a83882366de8\transformed\common-9.9.10-runtime.jar: R8: Expected stack map table for method with non-linear control flow. In later version of R8, the method may be assumed not reachable.
WARNING: C:\Users\Admin\.gradle\caches\9.5.0\transforms\3bc3e8b59ac242766612a83882366de8\transformed\common-9.9.10-runtime.jar: R8: Expected stack map table for method with non-linear control flow. In later version of R8, the method may be assumed not reachable.
WARNING: C:\Users\Admin\.gradle\caches\9.5.0\transforms\3bc3e8b59ac242766612a83882366de8\transformed\common-9.9.10-runtime.jar: R8: Expected stack map table for method with non-linear control flow. In later version of R8, the method may be assumed not reachable.
WARNING: C:\Users\Admin\.gradle\caches\9.5.0\transforms\3bc3e8b59ac242766612a83882366de8\transformed\common-9.9.10-runtime.jar: R8: Expected stack map table for method with non-linear control flow. In later version of R8, the method may be assumed not reachable.
WARNING: C:\Users\Admin\.gradle\caches\9.5.0\transforms\3bc3e8b59ac242766612a83882366de8\transformed\common-9.9.10-runtime.jar: R8: Expected stack map table for method with non-linear control flow. In later version of R8, the method may be assumed not reachable.
WARNING: C:\Users\Admin\.gradle\caches\9.5.0\transforms\3bc3e8b59ac242766612a83882366de8\transformed\common-9.9.10-runtime.jar: R8: Expected stack map table for method with non-linear control flow. In later version of R8, the method may be assumed not reachable.
WARNING: C:\Users\Admin\.gradle\caches\9.5.0\transforms\3bc3e8b59ac242766612a83882366de8\transformed\common-9.9.10-runtime.jar: R8: Expected stack map table for method with non-linear control flow. In later version of R8, the method may be assumed not reachable.
WARNING: C:\Users\Admin\.gradle\caches\9.5.0\transforms\3bc3e8b59ac242766612a83882366de8\transformed\common-9.9.10-runtime.jar: R8: Expected stack map table for method with non-linear control flow. In later version of R8, the method may be assumed not reachable.
WARNING: C:\Users\Admin\.gradle\caches\9.5.0\transforms\3bc3e8b59ac242766612a83882366de8\transformed\common-9.9.10-runtime.jar: R8: Expected stack map table for method with non-linear control flow. In later version of R8, the method may be assumed not reachable.
WARNING: C:\Users\Admin\.gradle\caches\9.5.0\transforms\3bc3e8b59ac242766612a83882366de8\transformed\common-9.9.10-runtime.jar: R8: Expected stack map table for method with non-linear control flow. In later version of R8, the method may be assumed not reachable.
WARNING: C:\Users\Admin\.gradle\caches\9.5.0\transforms\3bc3e8b59ac242766612a83882366de8\transformed\common-9.9.10-runtime.jar: R8: Expected stack map table for method with non-linear control flow. In later version of R8, the method may be assumed not reachable.
WARNING: C:\Users\Admin\.gradle\caches\9.5.0\transforms\3bc3e8b59ac242766612a83882366de8\transformed\common-9.9.10-runtime.jar: R8: Expected stack map table for method with non-linear control flow. In later version of R8, the method may be assumed not reachable.
WARNING: C:\Users\Admin\.gradle\caches\9.5.0\transforms\3bc3e8b59ac242766612a83882366de8\transformed\common-9.9.10-runtime.jar: R8: Expected stack map table for method with non-linear control flow. In later version of R8, the method may be assumed not reachable.
WARNING: C:\Users\Admin\.gradle\caches\9.5.0\transforms\3bc3e8b59ac242766612a83882366de8\transformed\common-9.9.10-runtime.jar: R8: Expected stack map table for method with non-linear control flow. In later version of R8, the method may be assumed not reachable.
WARNING: C:\Users\Admin\.gradle\caches\9.5.0\transforms\3bc3e8b59ac242766612a83882366de8\transformed\common-9.9.10-runtime.jar: R8: Expected stack map table for method with non-linear control flow. In later version of R8, the method may be assumed not reachable.
WARNING: C:\Users\Admin\.gradle\caches\9.5.0\transforms\3bc3e8b59ac242766612a83882366de8\transformed\common-9.9.10-runtime.jar: R8: Expected stack map table for method with non-linear control flow. In later version of R8, the method may be assumed not reachable.
WARNING: C:\Users\Admin\.gradle\caches\9.5.0\transforms\3bc3e8b59ac242766612a83882366de8\transformed\common-9.9.10-runtime.jar: R8: Expected stack map table for method with non-linear control flow. In later version of R8, the method may be assumed not reachable.
WARNING: C:\Users\Admin\.gradle\caches\9.5.0\transforms\3bc3e8b59ac242766612a83882366de8\transformed\common-9.9.10-runtime.jar: R8: Expected stack map table for method with non-linear control flow. In later version of R8, the method may be assumed not reachable.
WARNING: C:\Users\Admin\.gradle\caches\9.5.0\transforms\3bc3e8b59ac242766612a83882366de8\transformed\common-9.9.10-runtime.jar: R8: Expected stack map table for method with non-linear control flow. In later version of R8, the method may be assumed not reachable.
WARNING: C:\Users\Admin\.gradle\caches\9.5.0\transforms\3bc3e8b59ac242766612a83882366de8\transformed\common-9.9.10-runtime.jar: R8: Expected stack map table for method with non-linear control flow. In later version of R8, the method may be assumed not reachable.
WARNING: C:\Users\Admin\.gradle\caches\9.5.0\transforms\3bc3e8b59ac242766612a83882366de8\transformed\common-9.9.10-runtime.jar: R8: Expected stack map table for method with non-linear control flow. In later version of R8, the method may be assumed not reachable.
WARNING: C:\Users\Admin\.gradle\caches\9.5.0\transforms\3bc3e8b59ac242766612a83882366de8\transformed\common-9.9.10-runtime.jar: R8: Expected stack map table for method with non-linear control flow. In later version of R8, the method may be assumed not reachable.
WARNING: C:\Users\Admin\.gradle\caches\9.5.0\transforms\3bc3e8b59ac242766612a83882366de8\transformed\common-9.9.10-runtime.jar: R8: Expected stack map table for method with non-linear control flow. In later version of R8, the method may be assumed not reachable.
WARNING: C:\Users\Admin\.gradle\caches\9.5.0\transforms\3bc3e8b59ac242766612a83882366de8\transformed\common-9.9.10-runtime.jar: R8: Expected stack map table for method with non-linear control flow. In later version of R8, the method may be assumed not reachable.
WARNING: C:\Users\Admin\.gradle\caches\9.5.0\transforms\3bc3e8b59ac242766612a83882366de8\transformed\common-9.9.10-runtime.jar: R8: Expected stack map table for method with non-linear control flow. In later version of R8, the method may be assumed not reachable.
WARNING: C:\Users\Admin\.gradle\caches\9.5.0\transforms\3bc3e8b59ac242766612a83882366de8\transformed\common-9.9.10-runtime.jar: R8: Expected stack map table for method with non-linear control flow. In later version of R8, the method may be assumed not reachable.
WARNING: C:\Users\Admin\.gradle\caches\9.5.0\transforms\3bc3e8b59ac242766612a83882366de8\transformed\common-9.9.10-runtime.jar: R8: Expected stack map table for method with non-linear control flow. In later version of R8, the method may be assumed not reachable.
WARNING: C:\Users\Admin\.gradle\caches\9.5.0\transforms\3bc3e8b59ac242766612a83882366de8\transformed\common-9.9.10-runtime.jar: R8: Expected stack map table for method with non-linear control flow. In later version of R8, the method may be assumed not reachable.
WARNING: C:\Users\Admin\.gradle\caches\9.5.0\transforms\3bc3e8b59ac242766612a83882366de8\transformed\common-9.9.10-runtime.jar: R8: Expected stack map table for method with non-linear control flow. In later version of R8, the method may be assumed not reachable.
WARNING: C:\Users\Admin\.gradle\caches\9.5.0\transforms\3bc3e8b59ac242766612a83882366de8\transformed\common-9.9.10-runtime.jar: R8: Expected stack map table for method with non-linear control flow. In later version of R8, the method may be assumed not reachable.
WARNING: C:\Users\Admin\.gradle\caches\9.5.0\transforms\3bc3e8b59ac242766612a83882366de8\transformed\common-9.9.10-runtime.jar: R8: Expected stack map table for method with non-linear control flow. In later version of R8, the method may be assumed not reachable.
WARNING: C:\Users\Admin\.gradle\caches\9.5.0\transforms\3bc3e8b59ac242766612a83882366de8\transformed\common-9.9.10-runtime.jar: R8: Expected stack map table for method with non-linear control flow. In later version of R8, the method may be assumed not reachable.
WARNING: C:\Users\Admin\.gradle\caches\9.5.0\transforms\3bc3e8b59ac242766612a83882366de8\transformed\common-9.9.10-runtime.jar: R8: Expected stack map table for method with non-linear control flow. In later version of R8, the method may be assumed not reachable.
WARNING: C:\Users\Admin\.gradle\caches\9.5.0\transforms\3bc3e8b59ac242766612a83882366de8\transformed\common-9.9.10-runtime.jar: R8: Expected stack map table for method with non-linear control flow. In later version of R8, the method may be assumed not reachable.
WARNING: C:\Users\Admin\.gradle\caches\9.5.0\transforms\3bc3e8b59ac242766612a83882366de8\transformed\common-9.9.10-runtime.jar: R8: Expected stack map table for method with non-linear control flow. In later version of R8, the method may be assumed not reachable.
WARNING: C:\Users\Admin\.gradle\caches\9.5.0\transforms\3bc3e8b59ac242766612a83882366de8\transformed\common-9.9.10-runtime.jar: R8: Expected stack map table for method with non-linear control flow. In later version of R8, the method may be assumed not reachable.
WARNING: C:\Users\Admin\.gradle\caches\9.5.0\transforms\3bc3e8b59ac242766612a83882366de8\transformed\common-9.9.10-runtime.jar: R8: Expected stack map table for method with non-linear control flow. In later version of R8, the method may be assumed not reachable.
WARNING: C:\Users\Admin\.gradle\caches\9.5.0\transforms\3bc3e8b59ac242766612a83882366de8\transformed\common-9.9.10-runtime.jar: R8: Expected stack map table for method with non-linear control flow. In later version of R8, the method may be assumed not reachable.
WARNING: C:\Users\Admin\.gradle\caches\9.5.0\transforms\3bc3e8b59ac242766612a83882366de8\transformed\common-9.9.10-runtime.jar: R8: Expected stack map table for method with non-linear control flow. In later version of R8, the method may be assumed not reachable.
WARNING: C:\Users\Admin\.gradle\caches\9.5.0\transforms\3bc3e8b59ac242766612a83882366de8\transformed\common-9.9.10-runtime.jar: R8: Expected stack map table for method with non-linear control flow. In later version of R8, the method may be assumed not reachable.
WARNING: C:\Users\Admin\.gradle\caches\9.5.0\transforms\3bc3e8b59ac242766612a83882366de8\transformed\common-9.9.10-runtime.jar: R8: Expected stack map table for method with non-linear control flow. In later version of R8, the method may be assumed not reachable.
WARNING: C:\Users\Admin\.gradle\caches\9.5.0\transforms\3bc3e8b59ac242766612a83882366de8\transformed\common-9.9.10-runtime.jar: R8: Expected stack map table for method with non-linear control flow. In later version of R8, the method may be assumed not reachable.
WARNING: C:\Users\Admin\.gradle\caches\9.5.0\transforms\3bc3e8b59ac242766612a83882366de8\transformed\common-9.9.10-runtime.jar: R8: Expected stack map table for method with non-linear control flow. In later version of R8, the method may be assumed not reachable.
WARNING: C:\Users\Admin\.gradle\caches\9.5.0\transforms\3bc3e8b59ac242766612a83882366de8\transformed\common-9.9.10-runtime.jar: R8: Expected stack map table for method with non-linear control flow. In later version of R8, the method may be assumed not reachable.
WARNING: C:\Users\Admin\.gradle\caches\9.5.0\transforms\3bc3e8b59ac242766612a83882366de8\transformed\common-9.9.10-runtime.jar: R8: Expected stack map table for method with non-linear control flow. In later version of R8, the method may be assumed not reachable.
WARNING: C:\Users\Admin\.gradle\caches\9.5.0\transforms\3bc3e8b59ac242766612a83882366de8\transformed\common-9.9.10-runtime.jar: R8: Expected stack map table for method with non-linear control flow. In later version of R8, the method may be assumed not reachable.
WARNING: C:\Users\Admin\.gradle\caches\9.5.0\transforms\3bc3e8b59ac242766612a83882366de8\transformed\common-9.9.10-runtime.jar: R8: Expected stack map table for method with non-linear control flow. In later version of R8, the method may be assumed not reachable.
WARNING: C:\Users\Admin\.gradle\caches\9.5.0\transforms\3bc3e8b59ac242766612a83882366de8\transformed\common-9.9.10-runtime.jar: R8: Expected stack map table for method with non-linear control flow. In later version of R8, the method may be assumed not reachable.
WARNING: C:\Users\Admin\.gradle\caches\9.5.0\transforms\3bc3e8b59ac242766612a83882366de8\transformed\common-9.9.10-runtime.jar: R8: Expected stack map table for method with non-linear control flow. In later version of R8, the method may be assumed not reachable.
WARNING: C:\Users\Admin\.gradle\caches\9.5.0\transforms\3bc3e8b59ac242766612a83882366de8\transformed\common-9.9.10-runtime.jar: R8: Expected stack map table for method with non-linear control flow. In later version of R8, the method may be assumed not reachable.
WARNING: C:\Users\Admin\.gradle\caches\9.5.0\transforms\3bc3e8b59ac242766612a83882366de8\transformed\common-9.9.10-runtime.jar: R8: Expected stack map table for method with non-linear control flow. In later version of R8, the method may be assumed not reachable.
WARNING: C:\Users\Admin\.gradle\caches\9.5.0\transforms\3bc3e8b59ac242766612a83882366de8\transformed\common-9.9.10-runtime.jar: R8: Expected stack map table for method with non-linear control flow. In later version of R8, the method may be assumed not reachable.
WARNING: C:\Users\Admin\.gradle\caches\9.5.0\transforms\3bc3e8b59ac242766612a83882366de8\transformed\common-9.9.10-runtime.jar: R8: Expected stack map table for method with non-linear control flow. In later version of R8, the method may be assumed not reachable.
WARNING: C:\Users\Admin\.gradle\caches\9.5.0\transforms\3bc3e8b59ac242766612a83882366de8\transformed\common-9.9.10-runtime.jar: R8: Expected stack map table for method with non-linear control flow. In later version of R8, the method may be assumed not reachable.
WARNING: C:\Users\Admin\.gradle\caches\9.5.0\transforms\3bc3e8b59ac242766612a83882366de8\transformed\common-9.9.10-runtime.jar: R8: Expected stack map table for method with non-linear control flow. In later version of R8, the method may be assumed not reachable.
WARNING: C:\Users\Admin\.gradle\caches\9.5.0\transforms\3bc3e8b59ac242766612a83882366de8\transformed\common-9.9.10-runtime.jar: R8: Expected stack map table for method with non-linear control flow. In later version of R8, the method may be assumed not reachable.
WARNING: C:\Users\Admin\.gradle\caches\9.5.0\transforms\3bc3e8b59ac242766612a83882366de8\transformed\common-9.9.10-runtime.jar: R8: Expected stack map table for method with non-linear control flow. In later version of R8, the method may be assumed not reachable.
WARNING: C:\Users\Admin\.gradle\caches\9.5.0\transforms\3bc3e8b59ac242766612a83882366de8\transformed\common-9.9.10-runtime.jar: R8: Expected stack map table for method with non-linear control flow. In later version of R8, the method may be assumed not reachable.
WARNING: C:\Users\Admin\.gradle\caches\9.5.0\transforms\3bc3e8b59ac242766612a83882366de8\transformed\common-9.9.10-runtime.jar: R8: Expected stack map table for method with non-linear control flow. In later version of R8, the method may be assumed not reachable.
WARNING: C:\Users\Admin\.gradle\caches\9.5.0\transforms\3bc3e8b59ac242766612a83882366de8\transformed\common-9.9.10-runtime.jar: R8: Expected stack map table for method with non-linear control flow. In later version of R8, the method may be assumed not reachable.
WARNING: C:\Users\Admin\.gradle\caches\9.5.0\transforms\3bc3e8b59ac242766612a83882366de8\transformed\common-9.9.10-runtime.jar: R8: Expected stack map table for method with non-linear control flow. In later version of R8, the method may be assumed not reachable.
WARNING: C:\Users\Admin\.gradle\caches\9.5.0\transforms\3bc3e8b59ac242766612a83882366de8\transformed\common-9.9.10-runtime.jar: R8: Expected stack map table for method with non-linear control flow. In later version of R8, the method may be assumed not reachable.
WARNING: C:\Users\Admin\.gradle\caches\9.5.0\transforms\3bc3e8b59ac242766612a83882366de8\transformed\common-9.9.10-runtime.jar: R8: Expected stack map table for method with non-linear control flow. In later version of R8, the method may be assumed not reachable.
WARNING: C:\Users\Admin\.gradle\caches\9.5.0\transforms\3bc3e8b59ac242766612a83882366de8\transformed\common-9.9.10-runtime.jar: R8: Expected stack map table for method with non-linear control flow. In later version of R8, the method may be assumed not reachable.
WARNING: C:\Users\Admin\.gradle\caches\9.5.0\transforms\3bc3e8b59ac242766612a83882366de8\transformed\common-9.9.10-runtime.jar: R8: Expected stack map table for method with non-linear control flow. In later version of R8, the method may be assumed not reachable.
WARNING: C:\Users\Admin\.gradle\caches\9.5.0\transforms\3bc3e8b59ac242766612a83882366de8\transformed\common-9.9.10-runtime.jar: R8: Expected stack map table for method with non-linear control flow. In later version of R8, the method may be assumed not reachable.
WARNING: C:\Users\Admin\.gradle\caches\9.5.0\transforms\3bc3e8b59ac242766612a83882366de8\transformed\common-9.9.10-runtime.jar: R8: Expected stack map table for method with non-linear control flow. In later version of R8, the method may be assumed not reachable.
WARNING: C:\Users\Admin\.gradle\caches\9.5.0\transforms\3bc3e8b59ac242766612a83882366de8\transformed\common-9.9.10-runtime.jar: R8: Expected stack map table for method with non-linear control flow. In later version of R8, the method may be assumed not reachable.
WARNING: C:\Users\Admin\.gradle\caches\9.5.0\transforms\3bc3e8b59ac242766612a83882366de8\transformed\common-9.9.10-runtime.jar: R8: Expected stack map table for method with non-linear control flow. In later version of R8, the method may be assumed not reachable.
WARNING: C:\Users\Admin\.gradle\caches\9.5.0\transforms\3bc3e8b59ac242766612a83882366de8\transformed\common-9.9.10-runtime.jar: R8: Expected stack map table for method with non-linear control flow. In later version of R8, the method may be assumed not reachable.
WARNING: C:\Users\Admin\.gradle\caches\9.5.0\transforms\3bc3e8b59ac242766612a83882366de8\transformed\common-9.9.10-runtime.jar: R8: Expected stack map table for method with non-linear control flow. In later version of R8, the method may be assumed not reachable.
WARNING: C:\Users\Admin\.gradle\caches\9.5.0\transforms\3bc3e8b59ac242766612a83882366de8\transformed\common-9.9.10-runtime.jar: R8: Expected stack map table for method with non-linear control flow. In later version of R8, the method may be assumed not reachable.
WARNING: C:\Users\Admin\.gradle\caches\9.5.0\transforms\3bc3e8b59ac242766612a83882366de8\transformed\common-9.9.10-runtime.jar: R8: Expected stack map table for method with non-linear control flow. In later version of R8, the method may be assumed not reachable.
WARNING: C:\Users\Admin\.gradle\caches\9.5.0\transforms\3bc3e8b59ac242766612a83882366de8\transformed\common-9.9.10-runtime.jar: R8: Expected stack map table for method with non-linear control flow. In later version of R8, the method may be assumed not reachable.
WARNING: C:\Users\Admin\.gradle\caches\9.5.0\transforms\3bc3e8b59ac242766612a83882366de8\transformed\common-9.9.10-runtime.jar: R8: Expected stack map table for method with non-linear control flow. In later version of R8, the method may be assumed not reachable.
WARNING: C:\Users\Admin\.gradle\caches\9.5.0\transforms\3bc3e8b59ac242766612a83882366de8\transformed\common-9.9.10-runtime.jar: R8: Expected stack map table for method with non-linear control flow. In later version of R8, the method may be assumed not reachable.
WARNING: C:\Users\Admin\.gradle\caches\9.5.0\transforms\3bc3e8b59ac242766612a83882366de8\transformed\common-9.9.10-runtime.jar: R8: Expected stack map table for method with non-linear control flow. In later version of R8, the method may be assumed not reachable.
WARNING: C:\Users\Admin\.gradle\caches\9.5.0\transforms\3bc3e8b59ac242766612a83882366de8\transformed\common-9.9.10-runtime.jar: R8: Expected stack map table for method with non-linear control flow. In later version of R8, the method may be assumed not reachable.
WARNING: C:\Users\Admin\.gradle\caches\9.5.0\transforms\3bc3e8b59ac242766612a83882366de8\transformed\common-9.9.10-runtime.jar: R8: Expected stack map table for method with non-linear control flow. In later version of R8, the method may be assumed not reachable.
WARNING: C:\Users\Admin\.gradle\caches\9.5.0\transforms\3bc3e8b59ac242766612a83882366de8\transformed\common-9.9.10-runtime.jar: R8: Expected stack map table for method with non-linear control flow. In later version of R8, the method may be assumed not reachable.
WARNING: C:\Users\Admin\.gradle\caches\9.5.0\transforms\3bc3e8b59ac242766612a83882366de8\transformed\common-9.9.10-runtime.jar: R8: Expected stack map table for method with non-linear control flow. In later version of R8, the method may be assumed not reachable.
WARNING: C:\Users\Admin\.gradle\caches\9.5.0\transforms\3bc3e8b59ac242766612a83882366de8\transformed\common-9.9.10-runtime.jar: R8: Expected stack map table for method with non-linear control flow. In later version of R8, the method may be assumed not reachable.
WARNING: C:\Users\Admin\.gradle\caches\9.5.0\transforms\3bc3e8b59ac242766612a83882366de8\transformed\common-9.9.10-runtime.jar: R8: Expected stack map table for method with non-linear control flow. In later version of R8, the method may be assumed not reachable.
WARNING: C:\Users\Admin\.gradle\caches\9.5.0\transforms\3bc3e8b59ac242766612a83882366de8\transformed\common-9.9.10-runtime.jar: R8: Expected stack map table for method with non-linear control flow. In later version of R8, the method may be assumed not reachable.
WARNING: C:\Users\Admin\.gradle\caches\9.5.0\transforms\3bc3e8b59ac242766612a83882366de8\transformed\common-9.9.10-runtime.jar: R8: Expected stack map table for method with non-linear control flow. In later version of R8, the method may be assumed not reachable.
WARNING: C:\Users\Admin\.gradle\caches\9.5.0\transforms\3bc3e8b59ac242766612a83882366de8\transformed\common-9.9.10-runtime.jar: R8: Expected stack map table for method with non-linear control flow. In later version of R8, the method may be assumed not reachable.
WARNING: C:\Users\Admin\.gradle\caches\9.5.0\transforms\3bc3e8b59ac242766612a83882366de8\transformed\common-9.9.10-runtime.jar: R8: Expected stack map table for method with non-linear control flow. In later version of R8, the method may be assumed not reachable.
WARNING: C:\Users\Admin\.gradle\caches\9.5.0\transforms\3bc3e8b59ac242766612a83882366de8\transformed\common-9.9.10-runtime.jar: R8: Expected stack map table for method with non-linear control flow. In later version of R8, the method may be assumed not reachable.
WARNING: C:\Users\Admin\.gradle\caches\9.5.0\transforms\3bc3e8b59ac242766612a83882366de8\transformed\common-9.9.10-runtime.jar: R8: Expected stack map table for method with non-linear control flow. In later version of R8, the method may be assumed not reachable.
WARNING: C:\Users\Admin\.gradle\caches\9.5.0\transforms\3bc3e8b59ac242766612a83882366de8\transformed\common-9.9.10-runtime.jar: R8: Expected stack map table for method with non-linear control flow. In later version of R8, the method may be assumed not reachable.
WARNING: C:\Users\Admin\.gradle\caches\9.5.0\transforms\3bc3e8b59ac242766612a83882366de8\transformed\common-9.9.10-runtime.jar: R8: Expected stack map table for method with non-linear control flow. In later version of R8, the method may be assumed not reachable.
WARNING: C:\Users\Admin\.gradle\caches\9.5.0\transforms\3bc3e8b59ac242766612a83882366de8\transformed\common-9.9.10-runtime.jar: R8: Expected stack map table for method with non-linear control flow. In later version of R8, the method may be assumed not reachable.
WARNING: C:\Users\Admin\.gradle\caches\9.5.0\transforms\3bc3e8b59ac242766612a83882366de8\transformed\common-9.9.10-runtime.jar: R8: Expected stack map table for method with non-linear control flow. In later version of R8, the method may be assumed not reachable.
WARNING: C:\Users\Admin\.gradle\caches\9.5.0\transforms\3bc3e8b59ac242766612a83882366de8\transformed\common-9.9.10-runtime.jar: R8: Expected stack map table for method with non-linear control flow. In later version of R8, the method may be assumed not reachable.
WARNING: C:\Users\Admin\.gradle\caches\9.5.0\transforms\3bc3e8b59ac242766612a83882366de8\transformed\common-9.9.10-runtime.jar: R8: Expected stack map table for method with non-linear control flow. In later version of R8, the method may be assumed not reachable.
WARNING: C:\Users\Admin\.gradle\caches\9.5.0\transforms\3bc3e8b59ac242766612a83882366de8\transformed\common-9.9.10-runtime.jar: R8: Expected stack map table for method with non-linear control flow. In later version of R8, the method may be assumed not reachable.
WARNING: C:\Users\Admin\.gradle\caches\9.5.0\transforms\3bc3e8b59ac242766612a83882366de8\transformed\common-9.9.10-runtime.jar: R8: Expected stack map table for method with non-linear control flow. In later version of R8, the method may be assumed not reachable.
WARNING: C:\Users\Admin\.gradle\caches\9.5.0\transforms\3bc3e8b59ac242766612a83882366de8\transformed\common-9.9.10-runtime.jar: R8: Expected stack map table for method with non-linear control flow. In later version of R8, the method may be assumed not reachable.
WARNING: C:\Users\Admin\.gradle\caches\9.5.0\transforms\3bc3e8b59ac242766612a83882366de8\transformed\common-9.9.10-runtime.jar: R8: Expected stack map table for method with non-linear control flow. In later version of R8, the method may be assumed not reachable.
WARNING: C:\Users\Admin\.gradle\caches\9.5.0\transforms\3bc3e8b59ac242766612a83882366de8\transformed\common-9.9.10-runtime.jar: R8: Expected stack map table for method with non-linear control flow. In later version of R8, the method may be assumed not reachable.
WARNING: C:\Users\Admin\.gradle\caches\9.5.0\transforms\3bc3e8b59ac242766612a83882366de8\transformed\common-9.9.10-runtime.jar: R8: Expected stack map table for method with non-linear control flow. In later version of R8, the method may be assumed not reachable.
WARNING: C:\Users\Admin\.gradle\caches\9.5.0\transforms\3bc3e8b59ac242766612a83882366de8\transformed\common-9.9.10-runtime.jar: R8: Expected stack map table for method with non-linear control flow. In later version of R8, the method may be assumed not reachable.
WARNING: C:\Users\Admin\.gradle\caches\9.5.0\transforms\3bc3e8b59ac242766612a83882366de8\transformed\common-9.9.10-runtime.jar: R8: Expected stack map table for method with non-linear control flow. In later version of R8, the method may be assumed not reachable.
WARNING: C:\Users\Admin\.gradle\caches\9.5.0\transforms\3bc3e8b59ac242766612a83882366de8\transformed\common-9.9.10-runtime.jar: R8: Expected stack map table for method with non-linear control flow. In later version of R8, the method may be assumed not reachable.
WARNING: C:\Users\Admin\.gradle\caches\9.5.0\transforms\3bc3e8b59ac242766612a83882366de8\transformed\common-9.9.10-runtime.jar: R8: Expected stack map table for method with non-linear control flow. In later version of R8, the method may be assumed not reachable.
WARNING: C:\Users\Admin\.gradle\caches\9.5.0\transforms\3bc3e8b59ac242766612a83882366de8\transformed\common-9.9.10-runtime.jar: R8: Expected stack map table for method with non-linear control flow. In later version of R8, the method may be assumed not reachable.
WARNING: C:\Users\Admin\.gradle\caches\9.5.0\transforms\3bc3e8b59ac242766612a83882366de8\transformed\common-9.9.10-runtime.jar: R8: Expected stack map table for method with non-linear control flow. In later version of R8, the method may be assumed not reachable.
WARNING: C:\Users\Admin\.gradle\caches\9.5.0\transforms\3bc3e8b59ac242766612a83882366de8\transformed\common-9.9.10-runtime.jar: R8: Expected stack map table for method with non-linear control flow. In later version of R8, the method may be assumed not reachable.
WARNING: C:\Users\Admin\.gradle\caches\9.5.0\transforms\3bc3e8b59ac242766612a83882366de8\transformed\common-9.9.10-runtime.jar: R8: Expected stack map table for method with non-linear control flow. In later version of R8, the method may be assumed not reachable.
WARNING: C:\Users\Admin\.gradle\caches\9.5.0\transforms\3bc3e8b59ac242766612a83882366de8\transformed\common-9.9.10-runtime.jar: R8: Expected stack map table for method with non-linear control flow. In later version of R8, the method may be assumed not reachable.
WARNING: C:\Users\Admin\.gradle\caches\9.5.0\transforms\3bc3e8b59ac242766612a83882366de8\transformed\common-9.9.10-runtime.jar: R8: Expected stack map table for method with non-linear control flow. In later version of R8, the method may be assumed not reachable.
WARNING: C:\Users\Admin\.gradle\caches\9.5.0\transforms\3bc3e8b59ac242766612a83882366de8\transformed\common-9.9.10-runtime.jar: R8: Expected stack map table for method with non-linear control flow. In later version of R8, the method may be assumed not reachable.
WARNING: C:\Users\Admin\.gradle\caches\9.5.0\transforms\3bc3e8b59ac242766612a83882366de8\transformed\common-9.9.10-runtime.jar: R8: Expected stack map table for method with non-linear control flow. In later version of R8, the method may be assumed not reachable.
WARNING: C:\Users\Admin\.gradle\caches\9.5.0\transforms\3bc3e8b59ac242766612a83882366de8\transformed\common-9.9.10-runtime.jar: R8: Expected stack map table for method with non-linear control flow. In later version of R8, the method may be assumed not reachable.
WARNING: C:\Users\Admin\.gradle\caches\9.5.0\transforms\3bc3e8b59ac242766612a83882366de8\transformed\common-9.9.10-runtime.jar: R8: Expected stack map table for method with non-linear control flow. In later version of R8, the method may be assumed not reachable.
WARNING: C:\Users\Admin\.gradle\caches\9.5.0\transforms\3bc3e8b59ac242766612a83882366de8\transformed\common-9.9.10-runtime.jar: R8: Expected stack map table for method with non-linear control flow. In later version of R8, the method may be assumed not reachable.
WARNING: C:\Users\Admin\.gradle\caches\9.5.0\transforms\3bc3e8b59ac242766612a83882366de8\transformed\common-9.9.10-runtime.jar: R8: Expected stack map table for method with non-linear control flow. In later version of R8, the method may be assumed not reachable.
WARNING: C:\Users\Admin\.gradle\caches\9.5.0\transforms\3bc3e8b59ac242766612a83882366de8\transformed\common-9.9.10-runtime.jar: R8: Expected stack map table for method with non-linear control flow. In later version of R8, the method may be assumed not reachable.
WARNING: C:\Users\Admin\.gradle\caches\9.5.0\transforms\3bc3e8b59ac242766612a83882366de8\transformed\common-9.9.10-runtime.jar: R8: Expected stack map table for method with non-linear control flow. In later version of R8, the method may be assumed not reachable.
WARNING: C:\Users\Admin\.gradle\caches\9.5.0\transforms\3bc3e8b59ac242766612a83882366de8\transformed\common-9.9.10-runtime.jar: R8: Expected stack map table for method with non-linear control flow. In later version of R8, the method may be assumed not reachable.
WARNING: C:\Users\Admin\.gradle\caches\9.5.0\transforms\3bc3e8b59ac242766612a83882366de8\transformed\common-9.9.10-runtime.jar: R8: Expected stack map table for method with non-linear control flow. In later version of R8, the method may be assumed not reachable.
WARNING: C:\Users\Admin\.gradle\caches\9.5.0\transforms\3bc3e8b59ac242766612a83882366de8\transformed\common-9.9.10-runtime.jar: R8: Expected stack map table for method with non-linear control flow. In later version of R8, the method may be assumed not reachable.
WARNING: C:\Users\Admin\.gradle\caches\9.5.0\transforms\3bc3e8b59ac242766612a83882366de8\transformed\common-9.9.10-runtime.jar: R8: Expected stack map table for method with non-linear control flow. In later version of R8, the method may be assumed not reachable.
WARNING: C:\Users\Admin\.gradle\caches\9.5.0\transforms\3bc3e8b59ac242766612a83882366de8\transformed\common-9.9.10-runtime.jar: R8: Expected stack map table for method with non-linear control flow. In later version of R8, the method may be assumed not reachable.
WARNING: C:\Users\Admin\.gradle\caches\9.5.0\transforms\3bc3e8b59ac242766612a83882366de8\transformed\common-9.9.10-runtime.jar: R8: Expected stack map table for method with non-linear control flow. In later version of R8, the method may be assumed not reachable.
WARNING: C:\Users\Admin\.gradle\caches\9.5.0\transforms\3bc3e8b59ac242766612a83882366de8\transformed\common-9.9.10-runtime.jar: R8: Expected stack map table for method with non-linear control flow. In later version of R8, the method may be assumed not reachable.
WARNING: C:\Users\Admin\.gradle\caches\9.5.0\transforms\3bc3e8b59ac242766612a83882366de8\transformed\common-9.9.10-runtime.jar: R8: Expected stack map table for method with non-linear control flow. In later version of R8, the method may be assumed not reachable.
WARNING: C:\Users\Admin\.gradle\caches\9.5.0\transforms\3bc3e8b59ac242766612a83882366de8\transformed\common-9.9.10-runtime.jar: R8: Expected stack map table for method with non-linear control flow. In later version of R8, the method may be assumed not reachable.
WARNING: C:\Users\Admin\.gradle\caches\9.5.0\transforms\3bc3e8b59ac242766612a83882366de8\transformed\common-9.9.10-runtime.jar: R8: Expected stack map table for method with non-linear control flow. In later version of R8, the method may be assumed not reachable.
WARNING: C:\Users\Admin\.gradle\caches\9.5.0\transforms\3bc3e8b59ac242766612a83882366de8\transformed\common-9.9.10-runtime.jar: R8: Expected stack map table for method with non-linear control flow. In later version of R8, the method may be assumed not reachable.
WARNING: C:\Users\Admin\.gradle\caches\9.5.0\transforms\3bc3e8b59ac242766612a83882366de8\transformed\common-9.9.10-runtime.jar: R8: Expected stack map table for method with non-linear control flow. In later version of R8, the method may be assumed not reachable.
WARNING: C:\Users\Admin\.gradle\caches\9.5.0\transforms\3bc3e8b59ac242766612a83882366de8\transformed\common-9.9.10-runtime.jar: R8: Expected stack map table for method with non-linear control flow. In later version of R8, the method may be assumed not reachable.
WARNING: C:\Users\Admin\.gradle\caches\9.5.0\transforms\3bc3e8b59ac242766612a83882366de8\transformed\common-9.9.10-runtime.jar: R8: Expected stack map table for method with non-linear control flow. In later version of R8, the method may be assumed not reachable.
WARNING: C:\Users\Admin\.gradle\caches\9.5.0\transforms\3bc3e8b59ac242766612a83882366de8\transformed\common-9.9.10-runtime.jar: R8: Expected stack map table for method with non-linear control flow. In later version of R8, the method may be assumed not reachable.
WARNING: C:\Users\Admin\.gradle\caches\9.5.0\transforms\3bc3e8b59ac242766612a83882366de8\transformed\common-9.9.10-runtime.jar: R8: Expected stack map table for method with non-linear control flow. In later version of R8, the method may be assumed not reachable.
WARNING: C:\Users\Admin\.gradle\caches\9.5.0\transforms\3bc3e8b59ac242766612a83882366de8\transformed\common-9.9.10-runtime.jar: R8: Expected stack map table for method with non-linear control flow. In later version of R8, the method may be assumed not reachable.
WARNING: C:\Users\Admin\.gradle\caches\9.5.0\transforms\3bc3e8b59ac242766612a83882366de8\transformed\common-9.9.10-runtime.jar: R8: Expected stack map table for method with non-linear control flow. In later version of R8, the method may be assumed not reachable.
WARNING: C:\Users\Admin\.gradle\caches\9.5.0\transforms\3bc3e8b59ac242766612a83882366de8\transformed\common-9.9.10-runtime.jar: R8: Expected stack map table for method with non-linear control flow. In later version of R8, the method may be assumed not reachable.
WARNING: C:\Users\Admin\.gradle\caches\9.5.0\transforms\3bc3e8b59ac242766612a83882366de8\transformed\common-9.9.10-runtime.jar: R8: Expected stack map table for method with non-linear control flow. In later version of R8, the method may be assumed not reachable.
WARNING: C:\Users\Admin\.gradle\caches\9.5.0\transforms\3bc3e8b59ac242766612a83882366de8\transformed\common-9.9.10-runtime.jar: R8: Expected stack map table for method with non-linear control flow. In later version of R8, the method may be assumed not reachable.
WARNING: C:\Users\Admin\.gradle\caches\9.5.0\transforms\3bc3e8b59ac242766612a83882366de8\transformed\common-9.9.10-runtime.jar: R8: Expected stack map table for method with non-linear control flow. In later version of R8, the method may be assumed not reachable.
WARNING: C:\Users\Admin\.gradle\caches\9.5.0\transforms\3bc3e8b59ac242766612a83882366de8\transformed\common-9.9.10-runtime.jar: R8: Expected stack map table for method with non-linear control flow. In later version of R8, the method may be assumed not reachable.
WARNING: C:\Users\Admin\.gradle\caches\9.5.0\transforms\3bc3e8b59ac242766612a83882366de8\transformed\common-9.9.10-runtime.jar: R8: Expected stack map table for method with non-linear control flow. In later version of R8, the method may be assumed not reachable.
> Task :app:mergeLiteReleaseComposeMapping
> Task :app:convertShrunkResourcesToBinaryLiteRelease
> Task :app:optimizeLiteReleaseResources
> Task :app:l8DexDesugarLibLiteRelease
> Task :app:compileLiteReleaseArtProfile
> Task :app:packageLiteRelease
> Task :app:createLiteReleaseApkListingFileRedirect
> Task :app:assembleLiteRelease
> Task :app:assembleRelease

BUILD SUCCESSFUL in 21m 8s
136 actionable tasks: 51 executed, 85 up-to-date
Consider enabling configuration cache to speed up this build: https://docs.gradle.org/9.5.0/userguide/configuration_cache_enabling.html
